category,topic,content
Routing,Route optimization basics,"Route optimization aims to find the shortest or fastest sequence of stops. Key algorithms include Nearest Neighbor (greedy), Clarke-Wright Savings, and Genetic Algorithms. For urban logistics with time windows, VRPTW (Vehicle Routing Problem with Time Windows) solvers are industry standard."
Routing,Time window compliance,Time windows are customer-specified delivery slots. Hard windows (must arrive within slot) vs soft windows (penalty for violation). Best practice: plan buffer time of 10-15 min per stop. Sort stops by earliest deadline first when feasible.
Routing,Last-mile delivery challenges,"Last-mile delivery accounts for 53% of total logistics cost. Urban challenges include parking restrictions, narrow lanes, and traffic signals. Solutions: micro-fulfillment centers, electric cargo bikes for inner city, slot-based delivery appointments."
Routing,Multi-stop route planning,"For routes with 10+ stops, consider splitting by zone/cluster first, then optimize within each zone. Use geographic clustering (k-means or density-based) to group nearby stops before applying TSP heuristics."
Fleet,Vehicle capacity planning,Match vehicle capacity to cargo volume + weight. Rule: load vehicles to 80-85% capacity to allow for returns and ad-hoc pickups. Refrigerated trucks add 15-20% fuel cost. Always check axle weight limits for heavy cargo.
Fleet,Driver hours regulations,"In India, Motor Transport Workers Act limits driving to 9 hours/day with mandatory 30-min break after 5 hours. Maximum 48 hours/week. Maintain driver logs for compliance. Fatigue-related accidents peak between 2-6 AM and 2-4 PM."
Fleet,Fuel cost estimation,"Average fuel consumption: trucks 4-6 km/L, vans 10-14 km/L. Fuel cost per km: truck ₹18-25, van ₹8-12. Include idle time (1L/hour idling). GPS route optimization typically reduces fuel costs by 15-20%."
Documentation,E-way bill requirements,"E-way bill required for interstate goods movement >₹50,000. Generate on GST portal before dispatch. Valid for 1 day per 100 km distance. Carry bill of lading, delivery challan, and tax invoice. Customs stop? Bring advance authorization."
Documentation,Customs clearance process,"Import customs: file Bill of Entry within 30 days of vessel arrival. Required: Invoice, packing list, Bill of Lading, Import Export Code. Customs examines 15-20% of shipments. Pre-clearance (prior to arrival) reduces dwell time by 60%."
Documentation,Proof of delivery (POD),"POD must include: recipient name, signature, date/time, item count confirmation. Digital POD via mobile app is legally valid. Capture geo-tagged photo at delivery. POD disputes: retain for 3 years. Undelivered items: return-to-origin protocol."
Scheduling,Delivery slot optimization,Cluster time-sensitive deliveries (High priority) in morning slots (8-11 AM) when traffic is lighter. Schedule Customs and Warehouse stops mid-morning. Meetings should be confirmed 24 hours in advance. Allow 20% buffer in schedule for delays.
Scheduling,Dynamic re-routing,"When delays occur: (1) identify impacted downstream stops, (2) notify customers proactively, (3) check if stops can be swapped or rescheduled, (4) escalate critical stops. Live traffic APIs (HERE, Google Maps) can trigger automatic rerouting."
Compliance,Hazardous materials transport,"Hazmats require ADG/IMDG compliant packaging, MSDS documentation, trained driver with HAZMAT certification. Separate from food/pharma cargo. Report spills immediately to SPCB. Insurance cover must explicitly include hazardous cargo."
Compliance,Cold chain management,Pharma/perishable cold chain: maintain 2-8°C (pharma) or 0-4°C (food). IoT temperature loggers must record every 15 min. Break in cold chain must be documented and reported. Pre-cool truck 2 hours before loading.
Performance,KPI benchmarks for logistics,"Industry benchmarks: On-time delivery >92%, Order accuracy >99.5%, Cost per delivery <₹150 (urban), Vehicle utilization >80%, First attempt delivery success >85%. Track daily. Weekly review with routing team improves KPIs by 10-15%."
Performance,Reducing delivery failures,"Top failure causes: wrong address (22%), customer unavailable (38%), business closed (15%), access issues (12%). Mitigations: address validation at order entry, pre-delivery SMS/call, flexible re-delivery slots, OTP-based confirmation."
Technology,GPS and telematics,"GPS tracking enables real-time vehicle location, speed monitoring, and geofencing alerts. Telematics data: harsh braking, acceleration, idling reduce maintenance cost by 12%. Integration with TMS enables automatic ETA updates to customers."
Technology,TMS integration,"Transport Management Systems (TMS) automate: rate shopping, load optimization, carrier booking, document generation, and invoice reconciliation. ROI typically realized in 6-12 months. API integration with WMS and ERP is essential for end-to-end visibility."
Emergency,Breakdown protocol,"Vehicle breakdown: (1) Safe stop with hazard lights, (2) Notify dispatcher immediately, (3) Arrange replacement vehicle or tow, (4) Transfer priority cargo, (5) Update all affected customers, (6) File incident report within 4 hours. Keep emergency kit: reflectors, first aid, fire extinguisher."
Emergency,Cargo damage claims,"Cargo damage: document with photos at delivery, note on POD, notify insurer within 24 hours. File claim with carrier within 3 days. Required: photos, POD with damage noted, original invoice, packing list. Settlement: replacement value or repair cost, whichever lower."
Warehouse,Picking optimization,Picking optimization focuses on improving efficiency in Warehouse processes.
Delivery,Proof of delivery,Proof of delivery focuses on improving efficiency in Delivery processes.
Delivery,Customer communication,Customer communication contributes to better decision-making in Delivery.
Warehouse,Inventory management,Optimizing Inventory management can significantly boost Warehouse productivity.
Fleet,Maintenance scheduling,Optimizing Maintenance scheduling can significantly boost Fleet productivity.
Routing,Last-mile delivery,Last-mile delivery focuses on improving efficiency in Routing processes.
Routing,Last-mile delivery,Using advanced techniques in Last-mile delivery can enhance Routing outcomes.
Warehouse,Inventory management,Inventory management plays a key role in optimizing Warehouse performance.
Warehouse,Inventory management,Inventory management plays a key role in optimizing Warehouse performance.
Analytics,KPI tracking,Effective KPI tracking helps reduce operational costs in Analytics.
Analytics,Data insights,Data insights plays a key role in optimizing Analytics performance.
Warehouse,Stock replenishment,Stock replenishment contributes to better decision-making in Warehouse.
Routing,Dynamic routing,Organizations rely on Dynamic routing to streamline Routing workflows.
Fleet,Maintenance scheduling,Maintenance scheduling is critical for ensuring smooth Fleet operations.
Analytics,KPI tracking,KPI tracking focuses on improving efficiency in Analytics processes.
Delivery,Failed deliveries,Failed deliveries plays a key role in optimizing Delivery performance.
Fleet,Driver allocation,Organizations rely on Driver allocation to streamline Fleet workflows.
Routing,Dynamic routing,Dynamic routing focuses on improving efficiency in Routing processes.
Analytics,Cost optimization,Cost optimization is critical for ensuring smooth Analytics operations.
Analytics,Performance metrics,Proper management of Performance metrics improves overall Analytics efficiency.
Delivery,Proof of delivery,Effective Proof of delivery helps reduce operational costs in Delivery.
Delivery,Proof of delivery,Organizations rely on Proof of delivery to streamline Delivery workflows.
Delivery,On-time delivery,Effective On-time delivery helps reduce operational costs in Delivery.
Fleet,Fleet utilization,Optimizing Fleet utilization can significantly boost Fleet productivity.
Routing,Multi-stop planning,Organizations rely on Multi-stop planning to streamline Routing workflows.
Warehouse,Picking optimization,Effective Picking optimization helps reduce operational costs in Warehouse.
Routing,Last-mile delivery,Last-mile delivery focuses on improving efficiency in Routing processes.
Fleet,Vehicle capacity,Organizations rely on Vehicle capacity to streamline Fleet workflows.
Routing,Multi-stop planning,Effective Multi-stop planning helps reduce operational costs in Routing.
Analytics,Cost optimization,Cost optimization plays a key role in optimizing Analytics performance.
Delivery,On-time delivery,On-time delivery is critical for ensuring smooth Delivery operations.
Delivery,Proof of delivery,Proof of delivery plays a key role in optimizing Delivery performance.
Routing,Multi-stop planning,Optimizing Multi-stop planning can significantly boost Routing productivity.
Analytics,Demand patterns,Demand patterns focuses on improving efficiency in Analytics processes.
Fleet,Maintenance scheduling,Proper management of Maintenance scheduling improves overall Fleet efficiency.
Warehouse,Picking optimization,Effective Picking optimization helps reduce operational costs in Warehouse.
Analytics,Demand patterns,Demand patterns is critical for ensuring smooth Analytics operations.
Delivery,Customer communication,Proper management of Customer communication improves overall Delivery efficiency.
Fleet,Driver allocation,Driver allocation is critical for ensuring smooth Fleet operations.
Analytics,Performance metrics,Proper management of Performance metrics improves overall Analytics efficiency.
Warehouse,Inventory management,Inventory management plays a key role in optimizing Warehouse performance.
Warehouse,Inventory management,Using advanced techniques in Inventory management can enhance Warehouse outcomes.
Analytics,Demand patterns,Proper management of Demand patterns improves overall Analytics efficiency.
Routing,Multi-stop planning,Proper management of Multi-stop planning improves overall Routing efficiency.
Routing,Last-mile delivery,Using advanced techniques in Last-mile delivery can enhance Routing outcomes.
Analytics,Data insights,Data insights plays a key role in optimizing Analytics performance.
Routing,Route optimization,Route optimization focuses on improving efficiency in Routing processes.
Routing,Last-mile delivery,Last-mile delivery is critical for ensuring smooth Routing operations.
Fleet,Fleet utilization,Proper management of Fleet utilization improves overall Fleet efficiency.
Fleet,Vehicle capacity,Effective Vehicle capacity helps reduce operational costs in Fleet.
Warehouse,Demand forecasting,Demand forecasting plays a key role in optimizing Warehouse performance.
Warehouse,Demand forecasting,Proper management of Demand forecasting improves overall Warehouse efficiency.
Analytics,KPI tracking,Proper management of KPI tracking improves overall Analytics efficiency.
Warehouse,Picking optimization,Picking optimization directly impacts the success of Warehouse strategies.
Warehouse,Storage layout,Storage layout directly impacts the success of Warehouse strategies.
Routing,Route optimization,Using advanced techniques in Route optimization can enhance Routing outcomes.
Warehouse,Picking optimization,Picking optimization focuses on improving efficiency in Warehouse processes.
Fleet,Fuel efficiency,Optimizing Fuel efficiency can significantly boost Fleet productivity.
Warehouse,Stock replenishment,Stock replenishment focuses on improving efficiency in Warehouse processes.
Warehouse,Inventory management,Optimizing Inventory management can significantly boost Warehouse productivity.
Delivery,Customer communication,Using advanced techniques in Customer communication can enhance Delivery outcomes.
Delivery,Customer communication,Effective Customer communication helps reduce operational costs in Delivery.
Analytics,Performance metrics,Using advanced techniques in Performance metrics can enhance Analytics outcomes.
Routing,Multi-stop planning,Multi-stop planning is critical for ensuring smooth Routing operations.
Warehouse,Storage layout,Proper management of Storage layout improves overall Warehouse efficiency.
Warehouse,Demand forecasting,Demand forecasting is critical for ensuring smooth Warehouse operations.
Delivery,Customer communication,Organizations rely on Customer communication to streamline Delivery workflows.
Analytics,KPI tracking,Optimizing KPI tracking can significantly boost Analytics productivity.
Routing,Last-mile delivery,Last-mile delivery focuses on improving efficiency in Routing processes.
Delivery,On-time delivery,On-time delivery contributes to better decision-making in Delivery.
Delivery,Proof of delivery,Optimizing Proof of delivery can significantly boost Delivery productivity.
Warehouse,Inventory management,Organizations rely on Inventory management to streamline Warehouse workflows.
Warehouse,Storage layout,Storage layout is critical for ensuring smooth Warehouse operations.
Analytics,Performance metrics,Performance metrics contributes to better decision-making in Analytics.
Delivery,Delivery tracking,Organizations rely on Delivery tracking to streamline Delivery workflows.
Delivery,Failed deliveries,Failed deliveries plays a key role in optimizing Delivery performance.
Analytics,Data insights,Organizations rely on Data insights to streamline Analytics workflows.
Fleet,Driver allocation,Proper management of Driver allocation improves overall Fleet efficiency.
Warehouse,Demand forecasting,Demand forecasting directly impacts the success of Warehouse strategies.
Routing,Multi-stop planning,Proper management of Multi-stop planning improves overall Routing efficiency.
Fleet,Fleet utilization,Fleet utilization plays a key role in optimizing Fleet performance.
Warehouse,Demand forecasting,Using advanced techniques in Demand forecasting can enhance Warehouse outcomes.
Routing,Multi-stop planning,Using advanced techniques in Multi-stop planning can enhance Routing outcomes.
Analytics,Cost optimization,Proper management of Cost optimization improves overall Analytics efficiency.
Delivery,Delivery tracking,Delivery tracking contributes to better decision-making in Delivery.
Fleet,Fuel efficiency,Fuel efficiency plays a key role in optimizing Fleet performance.
Warehouse,Inventory management,Inventory management focuses on improving efficiency in Warehouse processes.
Fleet,Fuel efficiency,Fuel efficiency directly impacts the success of Fleet strategies.
Fleet,Fleet utilization,Effective Fleet utilization helps reduce operational costs in Fleet.
Routing,Time windows,Time windows contributes to better decision-making in Routing.
Analytics,Demand patterns,Demand patterns plays a key role in optimizing Analytics performance.
Warehouse,Demand forecasting,Demand forecasting focuses on improving efficiency in Warehouse processes.
Routing,Route optimization,Route optimization directly impacts the success of Routing strategies.
Analytics,Cost optimization,Using advanced techniques in Cost optimization can enhance Analytics outcomes.
Warehouse,Stock replenishment,Using advanced techniques in Stock replenishment can enhance Warehouse outcomes.
Routing,Route optimization,Proper management of Route optimization improves overall Routing efficiency.
Routing,Time windows,Effective Time windows helps reduce operational costs in Routing.
Warehouse,Inventory management,Optimizing Inventory management can significantly boost Warehouse productivity.
Fleet,Fuel efficiency,Fuel efficiency contributes to better decision-making in Fleet.
Fleet,Fleet utilization,Effective Fleet utilization helps reduce operational costs in Fleet.
Fleet,Driver allocation,Driver allocation focuses on improving efficiency in Fleet processes.
Routing,Route optimization,Route optimization contributes to better decision-making in Routing.
Fleet,Vehicle capacity,Effective Vehicle capacity helps reduce operational costs in Fleet.
Routing,Multi-stop planning,Organizations rely on Multi-stop planning to streamline Routing workflows.
Analytics,KPI tracking,Using advanced techniques in KPI tracking can enhance Analytics outcomes.
Warehouse,Picking optimization,Picking optimization plays a key role in optimizing Warehouse performance.
Delivery,On-time delivery,Using advanced techniques in On-time delivery can enhance Delivery outcomes.
Warehouse,Storage layout,Organizations rely on Storage layout to streamline Warehouse workflows.
Routing,Time windows,Optimizing Time windows can significantly boost Routing productivity.
Warehouse,Inventory management,Inventory management is critical for ensuring smooth Warehouse operations.
Delivery,Customer communication,Proper management of Customer communication improves overall Delivery efficiency.
Fleet,Maintenance scheduling,Maintenance scheduling contributes to better decision-making in Fleet.
Analytics,Data insights,Data insights focuses on improving efficiency in Analytics processes.
Fleet,Vehicle capacity,Effective Vehicle capacity helps reduce operational costs in Fleet.
Delivery,On-time delivery,On-time delivery focuses on improving efficiency in Delivery processes.
Analytics,KPI tracking,KPI tracking focuses on improving efficiency in Analytics processes.
Fleet,Maintenance scheduling,Proper management of Maintenance scheduling improves overall Fleet efficiency.
Warehouse,Stock replenishment,Stock replenishment is critical for ensuring smooth Warehouse operations.
Warehouse,Inventory management,Proper management of Inventory management improves overall Warehouse efficiency.
Analytics,Data insights,Data insights plays a key role in optimizing Analytics performance.
Delivery,Failed deliveries,Failed deliveries focuses on improving efficiency in Delivery processes.
Fleet,Fuel efficiency,Using advanced techniques in Fuel efficiency can enhance Fleet outcomes.
Delivery,On-time delivery,On-time delivery directly impacts the success of Delivery strategies.
Fleet,Vehicle capacity,Optimizing Vehicle capacity can significantly boost Fleet productivity.
Routing,Multi-stop planning,Multi-stop planning is critical for ensuring smooth Routing operations.
Routing,Dynamic routing,Dynamic routing plays a key role in optimizing Routing performance.
Fleet,Driver allocation,Organizations rely on Driver allocation to streamline Fleet workflows.
Routing,Last-mile delivery,Proper management of Last-mile delivery improves overall Routing efficiency.
Fleet,Vehicle capacity,Vehicle capacity is critical for ensuring smooth Fleet operations.
Fleet,Fleet utilization,Using advanced techniques in Fleet utilization can enhance Fleet outcomes.
Routing,Multi-stop planning,Multi-stop planning plays a key role in optimizing Routing performance.
Warehouse,Demand forecasting,Demand forecasting focuses on improving efficiency in Warehouse processes.
Delivery,Customer communication,Customer communication plays a key role in optimizing Delivery performance.
Fleet,Driver allocation,Driver allocation contributes to better decision-making in Fleet.
Delivery,Failed deliveries,Organizations rely on Failed deliveries to streamline Delivery workflows.
Warehouse,Storage layout,Storage layout directly impacts the success of Warehouse strategies.
Delivery,Customer communication,Effective Customer communication helps reduce operational costs in Delivery.
Fleet,Fuel efficiency,Fuel efficiency contributes to better decision-making in Fleet.
Routing,Dynamic routing,Dynamic routing focuses on improving efficiency in Routing processes.
Fleet,Driver allocation,Driver allocation directly impacts the success of Fleet strategies.
Routing,Time windows,Time windows is critical for ensuring smooth Routing operations.
Delivery,On-time delivery,Proper management of On-time delivery improves overall Delivery efficiency.
Routing,Time windows,Time windows focuses on improving efficiency in Routing processes.
Fleet,Fleet utilization,Effective Fleet utilization helps reduce operational costs in Fleet.
Warehouse,Demand forecasting,Effective Demand forecasting helps reduce operational costs in Warehouse.
Analytics,Demand patterns,Organizations rely on Demand patterns to streamline Analytics workflows.
Routing,Route optimization,Route optimization focuses on improving efficiency in Routing processes.
Delivery,Proof of delivery,Proof of delivery contributes to better decision-making in Delivery.
Warehouse,Storage layout,Effective Storage layout helps reduce operational costs in Warehouse.
Delivery,Delivery tracking,Effective Delivery tracking helps reduce operational costs in Delivery.
Warehouse,Stock replenishment,Stock replenishment directly impacts the success of Warehouse strategies.
Warehouse,Demand forecasting,Demand forecasting focuses on improving efficiency in Warehouse processes.
Fleet,Fuel efficiency,Fuel efficiency directly impacts the success of Fleet strategies.
Analytics,Demand patterns,Using advanced techniques in Demand patterns can enhance Analytics outcomes.
Analytics,Cost optimization,Organizations rely on Cost optimization to streamline Analytics workflows.
Routing,Dynamic routing,Organizations rely on Dynamic routing to streamline Routing workflows.
Analytics,KPI tracking,KPI tracking is critical for ensuring smooth Analytics operations.
Fleet,Fuel efficiency,Fuel efficiency is critical for ensuring smooth Fleet operations.
Analytics,KPI tracking,KPI tracking is critical for ensuring smooth Analytics operations.
Routing,Route optimization,Route optimization contributes to better decision-making in Routing.
Warehouse,Demand forecasting,Organizations rely on Demand forecasting to streamline Warehouse workflows.
Analytics,Data insights,Data insights is critical for ensuring smooth Analytics operations.
Fleet,Fuel efficiency,Proper management of Fuel efficiency improves overall Fleet efficiency.
Warehouse,Stock replenishment,Stock replenishment plays a key role in optimizing Warehouse performance.
Warehouse,Inventory management,Inventory management directly impacts the success of Warehouse strategies.
Delivery,Customer communication,Optimizing Customer communication can significantly boost Delivery productivity.
Routing,Multi-stop planning,Optimizing Multi-stop planning can significantly boost Routing productivity.
Routing,Multi-stop planning,Multi-stop planning contributes to better decision-making in Routing.
Analytics,Performance metrics,Organizations rely on Performance metrics to streamline Analytics workflows.
Analytics,Data insights,Proper management of Data insights improves overall Analytics efficiency.
Analytics,Demand patterns,Demand patterns contributes to better decision-making in Analytics.
Delivery,Proof of delivery,Optimizing Proof of delivery can significantly boost Delivery productivity.
Analytics,Data insights,Organizations rely on Data insights to streamline Analytics workflows.
Routing,Dynamic routing,Dynamic routing focuses on improving efficiency in Routing processes.
Analytics,Demand patterns,Effective Demand patterns helps reduce operational costs in Analytics.
Analytics,KPI tracking,Optimizing KPI tracking can significantly boost Analytics productivity.
Delivery,On-time delivery,On-time delivery focuses on improving efficiency in Delivery processes.
Analytics,Cost optimization,Cost optimization contributes to better decision-making in Analytics.
Delivery,Delivery tracking,Proper management of Delivery tracking improves overall Delivery efficiency.
Fleet,Fuel efficiency,Organizations rely on Fuel efficiency to streamline Fleet workflows.
Warehouse,Stock replenishment,Stock replenishment plays a key role in optimizing Warehouse performance.
Delivery,Customer communication,Proper management of Customer communication improves overall Delivery efficiency.
Delivery,Delivery tracking,Organizations rely on Delivery tracking to streamline Delivery workflows.
Delivery,Failed deliveries,Optimizing Failed deliveries can significantly boost Delivery productivity.
Delivery,Delivery tracking,Delivery tracking focuses on improving efficiency in Delivery processes.
Fleet,Fleet utilization,Proper management of Fleet utilization improves overall Fleet efficiency.
Analytics,Cost optimization,Cost optimization plays a key role in optimizing Analytics performance.
Delivery,Proof of delivery,Effective Proof of delivery helps reduce operational costs in Delivery.
Fleet,Vehicle capacity,Using advanced techniques in Vehicle capacity can enhance Fleet outcomes.
Routing,Multi-stop planning,Effective Multi-stop planning helps reduce operational costs in Routing.
Routing,Last-mile delivery,Last-mile delivery contributes to better decision-making in Routing.
Warehouse,Inventory management,Inventory management plays a key role in optimizing Warehouse performance.
Fleet,Maintenance scheduling,Maintenance scheduling directly impacts the success of Fleet strategies.
Delivery,Failed deliveries,Proper management of Failed deliveries improves overall Delivery efficiency.
Analytics,KPI tracking,KPI tracking directly impacts the success of Analytics strategies.
Routing,Last-mile delivery,Proper management of Last-mile delivery improves overall Routing efficiency.
Routing,Multi-stop planning,Multi-stop planning is critical for ensuring smooth Routing operations.
Routing,Dynamic routing,Organizations rely on Dynamic routing to streamline Routing workflows.
Routing,Time windows,Optimizing Time windows can significantly boost Routing productivity.
Delivery,Customer communication,Customer communication contributes to better decision-making in Delivery.
Warehouse,Demand forecasting,Using advanced techniques in Demand forecasting can enhance Warehouse outcomes.
Warehouse,Inventory management,Inventory management is critical for ensuring smooth Warehouse operations.
Delivery,Proof of delivery,Using advanced techniques in Proof of delivery can enhance Delivery outcomes.
Warehouse,Stock replenishment,Organizations rely on Stock replenishment to streamline Warehouse workflows.
Fleet,Vehicle capacity,Vehicle capacity contributes to better decision-making in Fleet.
Routing,Multi-stop planning,Multi-stop planning focuses on improving efficiency in Routing processes.
Delivery,Customer communication,Customer communication contributes to better decision-making in Delivery.
Analytics,Performance metrics,Proper management of Performance metrics improves overall Analytics efficiency.
Routing,Multi-stop planning,Multi-stop planning directly impacts the success of Routing strategies.
Delivery,Delivery tracking,Delivery tracking is critical for ensuring smooth Delivery operations.
Fleet,Vehicle capacity,Vehicle capacity focuses on improving efficiency in Fleet processes.
Routing,Route optimization,Route optimization plays a key role in optimizing Routing performance.
Warehouse,Storage layout,Storage layout plays a key role in optimizing Warehouse performance.
Warehouse,Picking optimization,Proper management of Picking optimization improves overall Warehouse efficiency.
Delivery,Delivery tracking,Proper management of Delivery tracking improves overall Delivery efficiency.
Fleet,Fleet utilization,Proper management of Fleet utilization improves overall Fleet efficiency.
Routing,Route optimization,Route optimization focuses on improving efficiency in Routing processes.
Warehouse,Stock replenishment,Stock replenishment is critical for ensuring smooth Warehouse operations.
Delivery,On-time delivery,Using advanced techniques in On-time delivery can enhance Delivery outcomes.
Warehouse,Demand forecasting,Using advanced techniques in Demand forecasting can enhance Warehouse outcomes.
Fleet,Maintenance scheduling,Effective Maintenance scheduling helps reduce operational costs in Fleet.
Routing,Route optimization,Using advanced techniques in Route optimization can enhance Routing outcomes.
Analytics,Demand patterns,Demand patterns directly impacts the success of Analytics strategies.
Analytics,Data insights,Data insights focuses on improving efficiency in Analytics processes.
Delivery,Failed deliveries,Optimizing Failed deliveries can significantly boost Delivery productivity.
Analytics,Cost optimization,Cost optimization directly impacts the success of Analytics strategies.
Analytics,Performance metrics,Effective Performance metrics helps reduce operational costs in Analytics.
Delivery,Failed deliveries,Effective Failed deliveries helps reduce operational costs in Delivery.
Fleet,Maintenance scheduling,Maintenance scheduling is critical for ensuring smooth Fleet operations.
Routing,Time windows,Optimizing Time windows can significantly boost Routing productivity.
Analytics,Demand patterns,Optimizing Demand patterns can significantly boost Analytics productivity.
Warehouse,Demand forecasting,Proper management of Demand forecasting improves overall Warehouse efficiency.
Routing,Last-mile delivery,Last-mile delivery plays a key role in optimizing Routing performance.
Warehouse,Inventory management,Organizations rely on Inventory management to streamline Warehouse workflows.
Delivery,Failed deliveries,Effective Failed deliveries helps reduce operational costs in Delivery.
Warehouse,Storage layout,Using advanced techniques in Storage layout can enhance Warehouse outcomes.
Warehouse,Storage layout,Organizations rely on Storage layout to streamline Warehouse workflows.
Fleet,Maintenance scheduling,Maintenance scheduling directly impacts the success of Fleet strategies.
Delivery,On-time delivery,On-time delivery focuses on improving efficiency in Delivery processes.
Routing,Multi-stop planning,Using advanced techniques in Multi-stop planning can enhance Routing outcomes.
Fleet,Fleet utilization,Using advanced techniques in Fleet utilization can enhance Fleet outcomes.
Delivery,Customer communication,Effective Customer communication helps reduce operational costs in Delivery.
Delivery,On-time delivery,Using advanced techniques in On-time delivery can enhance Delivery outcomes.
Delivery,Failed deliveries,Organizations rely on Failed deliveries to streamline Delivery workflows.
Fleet,Maintenance scheduling,Maintenance scheduling focuses on improving efficiency in Fleet processes.
Delivery,Customer communication,Customer communication is critical for ensuring smooth Delivery operations.
Fleet,Maintenance scheduling,Maintenance scheduling is critical for ensuring smooth Fleet operations.
Analytics,Cost optimization,Cost optimization focuses on improving efficiency in Analytics processes.
Analytics,KPI tracking,KPI tracking contributes to better decision-making in Analytics.
Analytics,Cost optimization,Proper management of Cost optimization improves overall Analytics efficiency.
Delivery,Failed deliveries,Proper management of Failed deliveries improves overall Delivery efficiency.
Delivery,Delivery tracking,Delivery tracking contributes to better decision-making in Delivery.
Analytics,KPI tracking,KPI tracking directly impacts the success of Analytics strategies.
Analytics,Performance metrics,Performance metrics contributes to better decision-making in Analytics.
Routing,Time windows,Optimizing Time windows can significantly boost Routing productivity.
Delivery,On-time delivery,On-time delivery focuses on improving efficiency in Delivery processes.
Warehouse,Picking optimization,Proper management of Picking optimization improves overall Warehouse efficiency.
Fleet,Maintenance scheduling,Effective Maintenance scheduling helps reduce operational costs in Fleet.
Routing,Time windows,Time windows focuses on improving efficiency in Routing processes.
Fleet,Driver allocation,Effective Driver allocation helps reduce operational costs in Fleet.
Analytics,Cost optimization,Proper management of Cost optimization improves overall Analytics efficiency.
Warehouse,Stock replenishment,Organizations rely on Stock replenishment to streamline Warehouse workflows.
Warehouse,Picking optimization,Picking optimization is critical for ensuring smooth Warehouse operations.
Fleet,Fleet utilization,Fleet utilization plays a key role in optimizing Fleet performance.
Fleet,Maintenance scheduling,Maintenance scheduling is critical for ensuring smooth Fleet operations.
Fleet,Fleet utilization,Fleet utilization plays a key role in optimizing Fleet performance.
Fleet,Fleet utilization,Fleet utilization plays a key role in optimizing Fleet performance.
Delivery,Customer communication,Customer communication focuses on improving efficiency in Delivery processes.
Analytics,KPI tracking,Optimizing KPI tracking can significantly boost Analytics productivity.
Fleet,Maintenance scheduling,Maintenance scheduling plays a key role in optimizing Fleet performance.
Fleet,Fuel efficiency,Fuel efficiency is critical for ensuring smooth Fleet operations.
Analytics,Demand patterns,Demand patterns plays a key role in optimizing Analytics performance.
Delivery,Proof of delivery,Proof of delivery plays a key role in optimizing Delivery performance.
Analytics,Demand patterns,Demand patterns directly impacts the success of Analytics strategies.
Routing,Route optimization,Using advanced techniques in Route optimization can enhance Routing outcomes.
Routing,Time windows,Organizations rely on Time windows to streamline Routing workflows.
Fleet,Fuel efficiency,Optimizing Fuel efficiency can significantly boost Fleet productivity.
Warehouse,Demand forecasting,Optimizing Demand forecasting can significantly boost Warehouse productivity.
Delivery,Failed deliveries,Using advanced techniques in Failed deliveries can enhance Delivery outcomes.
Warehouse,Inventory management,Optimizing Inventory management can significantly boost Warehouse productivity.
Fleet,Fleet utilization,Effective Fleet utilization helps reduce operational costs in Fleet.
Fleet,Vehicle capacity,Vehicle capacity directly impacts the success of Fleet strategies.
Analytics,Cost optimization,Cost optimization contributes to better decision-making in Analytics.
Delivery,Delivery tracking,Optimizing Delivery tracking can significantly boost Delivery productivity.
Warehouse,Stock replenishment,Stock replenishment plays a key role in optimizing Warehouse performance.
Fleet,Vehicle capacity,Vehicle capacity plays a key role in optimizing Fleet performance.
Analytics,Demand patterns,Demand patterns plays a key role in optimizing Analytics performance.
Analytics,Data insights,Data insights directly impacts the success of Analytics strategies.
Analytics,KPI tracking,KPI tracking focuses on improving efficiency in Analytics processes.
Warehouse,Stock replenishment,Stock replenishment plays a key role in optimizing Warehouse performance.
Warehouse,Demand forecasting,Demand forecasting focuses on improving efficiency in Warehouse processes.
Warehouse,Inventory management,Inventory management focuses on improving efficiency in Warehouse processes.
Routing,Last-mile delivery,Effective Last-mile delivery helps reduce operational costs in Routing.
Delivery,Customer communication,Proper management of Customer communication improves overall Delivery efficiency.
Warehouse,Storage layout,Storage layout directly impacts the success of Warehouse strategies.
Delivery,Failed deliveries,Failed deliveries plays a key role in optimizing Delivery performance.
Warehouse,Stock replenishment,Stock replenishment plays a key role in optimizing Warehouse performance.
Routing,Route optimization,Route optimization focuses on improving efficiency in Routing processes.
Fleet,Maintenance scheduling,Effective Maintenance scheduling helps reduce operational costs in Fleet.
Delivery,On-time delivery,Proper management of On-time delivery improves overall Delivery efficiency.
Analytics,Performance metrics,Performance metrics focuses on improving efficiency in Analytics processes.
Fleet,Fleet utilization,Organizations rely on Fleet utilization to streamline Fleet workflows.
Analytics,Demand patterns,Proper management of Demand patterns improves overall Analytics efficiency.
Analytics,Performance metrics,Using advanced techniques in Performance metrics can enhance Analytics outcomes.
Analytics,Cost optimization,Organizations rely on Cost optimization to streamline Analytics workflows.
Warehouse,Demand forecasting,Demand forecasting directly impacts the success of Warehouse strategies.
Routing,Time windows,Organizations rely on Time windows to streamline Routing workflows.
Fleet,Fuel efficiency,Fuel efficiency plays a key role in optimizing Fleet performance.
Fleet,Vehicle capacity,Using advanced techniques in Vehicle capacity can enhance Fleet outcomes.
Fleet,Fuel efficiency,Fuel efficiency plays a key role in optimizing Fleet performance.
Warehouse,Stock replenishment,Stock replenishment plays a key role in optimizing Warehouse performance.
Routing,Last-mile delivery,Last-mile delivery is critical for ensuring smooth Routing operations.
Delivery,Failed deliveries,Proper management of Failed deliveries improves overall Delivery efficiency.
Delivery,Customer communication,Effective Customer communication helps reduce operational costs in Delivery.
Delivery,Proof of delivery,Proof of delivery is critical for ensuring smooth Delivery operations.
Warehouse,Storage layout,Storage layout plays a key role in optimizing Warehouse performance.
Delivery,Delivery tracking,Effective Delivery tracking helps reduce operational costs in Delivery.
Warehouse,Demand forecasting,Effective Demand forecasting helps reduce operational costs in Warehouse.
Delivery,Customer communication,Customer communication directly impacts the success of Delivery strategies.
Delivery,On-time delivery,On-time delivery is critical for ensuring smooth Delivery operations.
Warehouse,Storage layout,Using advanced techniques in Storage layout can enhance Warehouse outcomes.
Analytics,Cost optimization,Cost optimization contributes to better decision-making in Analytics.
Fleet,Fuel efficiency,Organizations rely on Fuel efficiency to streamline Fleet workflows.
Warehouse,Inventory management,Optimizing Inventory management can significantly boost Warehouse productivity.
Analytics,Demand patterns,Proper management of Demand patterns improves overall Analytics efficiency.
Warehouse,Inventory management,Inventory management directly impacts the success of Warehouse strategies.
Routing,Time windows,Optimizing Time windows can significantly boost Routing productivity.
Delivery,Failed deliveries,Proper management of Failed deliveries improves overall Delivery efficiency.
Warehouse,Picking optimization,Picking optimization directly impacts the success of Warehouse strategies.
Delivery,On-time delivery,Effective On-time delivery helps reduce operational costs in Delivery.
Analytics,Cost optimization,Proper management of Cost optimization improves overall Analytics efficiency.
Warehouse,Picking optimization,Picking optimization contributes to better decision-making in Warehouse.
Analytics,Cost optimization,Organizations rely on Cost optimization to streamline Analytics workflows.
Routing,Dynamic routing,Optimizing Dynamic routing can significantly boost Routing productivity.
Delivery,Customer communication,Customer communication focuses on improving efficiency in Delivery processes.
Warehouse,Stock replenishment,Stock replenishment directly impacts the success of Warehouse strategies.
Warehouse,Inventory management,Organizations rely on Inventory management to streamline Warehouse workflows.
Fleet,Driver allocation,Driver allocation focuses on improving efficiency in Fleet processes.
Fleet,Driver allocation,Effective Driver allocation helps reduce operational costs in Fleet.
Fleet,Fleet utilization,Using advanced techniques in Fleet utilization can enhance Fleet outcomes.
Warehouse,Inventory management,Optimizing Inventory management can significantly boost Warehouse productivity.
Fleet,Fleet utilization,Fleet utilization directly impacts the success of Fleet strategies.
Fleet,Maintenance scheduling,Maintenance scheduling plays a key role in optimizing Fleet performance.
Delivery,Proof of delivery,Proof of delivery plays a key role in optimizing Delivery performance.
Delivery,On-time delivery,Using advanced techniques in On-time delivery can enhance Delivery outcomes.
Warehouse,Inventory management,Proper management of Inventory management improves overall Warehouse efficiency.
Delivery,Failed deliveries,Failed deliveries contributes to better decision-making in Delivery.
Routing,Dynamic routing,Dynamic routing directly impacts the success of Routing strategies.
Routing,Dynamic routing,Dynamic routing focuses on improving efficiency in Routing processes.
Routing,Multi-stop planning,Using advanced techniques in Multi-stop planning can enhance Routing outcomes.
Delivery,On-time delivery,On-time delivery contributes to better decision-making in Delivery.
Analytics,Data insights,Data insights contributes to better decision-making in Analytics.
Fleet,Vehicle capacity,Vehicle capacity directly impacts the success of Fleet strategies.
Delivery,Delivery tracking,Delivery tracking plays a key role in optimizing Delivery performance.
Warehouse,Inventory management,Inventory management focuses on improving efficiency in Warehouse processes.
Fleet,Driver allocation,Driver allocation focuses on improving efficiency in Fleet processes.
Routing,Dynamic routing,Dynamic routing directly impacts the success of Routing strategies.
Fleet,Driver allocation,Proper management of Driver allocation improves overall Fleet efficiency.
Routing,Route optimization,Route optimization is critical for ensuring smooth Routing operations.
Warehouse,Inventory management,Inventory management contributes to better decision-making in Warehouse.
Warehouse,Picking optimization,Picking optimization plays a key role in optimizing Warehouse performance.
Warehouse,Storage layout,Storage layout contributes to better decision-making in Warehouse.
Delivery,Proof of delivery,Effective Proof of delivery helps reduce operational costs in Delivery.
Routing,Last-mile delivery,Effective Last-mile delivery helps reduce operational costs in Routing.
Warehouse,Storage layout,Organizations rely on Storage layout to streamline Warehouse workflows.
Fleet,Fleet utilization,Proper management of Fleet utilization improves overall Fleet efficiency.
Routing,Last-mile delivery,Last-mile delivery directly impacts the success of Routing strategies.
Delivery,On-time delivery,Proper management of On-time delivery improves overall Delivery efficiency.
Routing,Route optimization,Route optimization contributes to better decision-making in Routing.
Routing,Dynamic routing,Organizations rely on Dynamic routing to streamline Routing workflows.
Fleet,Vehicle capacity,Using advanced techniques in Vehicle capacity can enhance Fleet outcomes.
Fleet,Fuel efficiency,Fuel efficiency focuses on improving efficiency in Fleet processes.
Analytics,Data insights,Data insights directly impacts the success of Analytics strategies.
Routing,Route optimization,Route optimization focuses on improving efficiency in Routing processes.
Routing,Multi-stop planning,Multi-stop planning contributes to better decision-making in Routing.
Delivery,Proof of delivery,Effective Proof of delivery helps reduce operational costs in Delivery.
Delivery,Proof of delivery,Proof of delivery plays a key role in optimizing Delivery performance.
Fleet,Fuel efficiency,Organizations rely on Fuel efficiency to streamline Fleet workflows.
Delivery,Failed deliveries,Failed deliveries contributes to better decision-making in Delivery.
Fleet,Maintenance scheduling,Maintenance scheduling focuses on improving efficiency in Fleet processes.
Warehouse,Stock replenishment,Stock replenishment plays a key role in optimizing Warehouse performance.
Routing,Last-mile delivery,Last-mile delivery directly impacts the success of Routing strategies.
Routing,Last-mile delivery,Optimizing Last-mile delivery can significantly boost Routing productivity.
Delivery,Delivery tracking,Delivery tracking plays a key role in optimizing Delivery performance.
Delivery,Customer communication,Effective Customer communication helps reduce operational costs in Delivery.
Warehouse,Demand forecasting,Organizations rely on Demand forecasting to streamline Warehouse workflows.
Warehouse,Storage layout,Storage layout is critical for ensuring smooth Warehouse operations.
Warehouse,Inventory management,Proper management of Inventory management improves overall Warehouse efficiency.
Delivery,On-time delivery,Proper management of On-time delivery improves overall Delivery efficiency.
Routing,Multi-stop planning,Multi-stop planning is critical for ensuring smooth Routing operations.
Analytics,Demand patterns,Proper management of Demand patterns improves overall Analytics efficiency.
Routing,Last-mile delivery,Proper management of Last-mile delivery improves overall Routing efficiency.
Delivery,On-time delivery,Optimizing On-time delivery can significantly boost Delivery productivity.
Warehouse,Picking optimization,Picking optimization focuses on improving efficiency in Warehouse processes.
Delivery,Delivery tracking,Delivery tracking focuses on improving efficiency in Delivery processes.
Routing,Time windows,Time windows contributes to better decision-making in Routing.
Delivery,Failed deliveries,Failed deliveries directly impacts the success of Delivery strategies.
Warehouse,Stock replenishment,Effective Stock replenishment helps reduce operational costs in Warehouse.
Analytics,Demand patterns,Demand patterns is critical for ensuring smooth Analytics operations.
Delivery,On-time delivery,Optimizing On-time delivery can significantly boost Delivery productivity.
Analytics,Demand patterns,Demand patterns is critical for ensuring smooth Analytics operations.
Warehouse,Storage layout,Storage layout focuses on improving efficiency in Warehouse processes.
Fleet,Maintenance scheduling,Maintenance scheduling contributes to better decision-making in Fleet.
Fleet,Vehicle capacity,Vehicle capacity directly impacts the success of Fleet strategies.
Delivery,On-time delivery,Effective On-time delivery helps reduce operational costs in Delivery.
Delivery,Customer communication,Proper management of Customer communication improves overall Delivery efficiency.
Fleet,Driver allocation,Driver allocation directly impacts the success of Fleet strategies.
Fleet,Fuel efficiency,Effective Fuel efficiency helps reduce operational costs in Fleet.
Warehouse,Inventory management,Inventory management plays a key role in optimizing Warehouse performance.
Fleet,Maintenance scheduling,Organizations rely on Maintenance scheduling to streamline Fleet workflows.
Routing,Last-mile delivery,Proper management of Last-mile delivery improves overall Routing efficiency.
Routing,Multi-stop planning,Optimizing Multi-stop planning can significantly boost Routing productivity.
Delivery,Failed deliveries,Failed deliveries is critical for ensuring smooth Delivery operations.
Warehouse,Demand forecasting,Demand forecasting directly impacts the success of Warehouse strategies.
Analytics,Performance metrics,Performance metrics contributes to better decision-making in Analytics.
Warehouse,Stock replenishment,Organizations rely on Stock replenishment to streamline Warehouse workflows.
Analytics,Performance metrics,Performance metrics is critical for ensuring smooth Analytics operations.
Fleet,Fuel efficiency,Fuel efficiency focuses on improving efficiency in Fleet processes.
Analytics,Performance metrics,Organizations rely on Performance metrics to streamline Analytics workflows.
Analytics,Demand patterns,Proper management of Demand patterns improves overall Analytics efficiency.
Warehouse,Stock replenishment,Stock replenishment focuses on improving efficiency in Warehouse processes.
Fleet,Fleet utilization,Fleet utilization plays a key role in optimizing Fleet performance.
Analytics,Cost optimization,Cost optimization focuses on improving efficiency in Analytics processes.
Warehouse,Storage layout,Organizations rely on Storage layout to streamline Warehouse workflows.
Delivery,Customer communication,Customer communication contributes to better decision-making in Delivery.
Delivery,Customer communication,Using advanced techniques in Customer communication can enhance Delivery outcomes.
Fleet,Fuel efficiency,Fuel efficiency contributes to better decision-making in Fleet.
Warehouse,Storage layout,Organizations rely on Storage layout to streamline Warehouse workflows.
Warehouse,Stock replenishment,Stock replenishment plays a key role in optimizing Warehouse performance.
Warehouse,Stock replenishment,Proper management of Stock replenishment improves overall Warehouse efficiency.
Routing,Route optimization,Effective Route optimization helps reduce operational costs in Routing.
Fleet,Driver allocation,Using advanced techniques in Driver allocation can enhance Fleet outcomes.
Warehouse,Storage layout,Storage layout plays a key role in optimizing Warehouse performance.
Delivery,Customer communication,Optimizing Customer communication can significantly boost Delivery productivity.
Warehouse,Inventory management,Inventory management focuses on improving efficiency in Warehouse processes.
Delivery,Customer communication,Organizations rely on Customer communication to streamline Delivery workflows.
Delivery,Proof of delivery,Optimizing Proof of delivery can significantly boost Delivery productivity.
Routing,Time windows,Time windows plays a key role in optimizing Routing performance.
Routing,Last-mile delivery,Last-mile delivery is critical for ensuring smooth Routing operations.
Analytics,Demand patterns,Proper management of Demand patterns improves overall Analytics efficiency.
Warehouse,Demand forecasting,Organizations rely on Demand forecasting to streamline Warehouse workflows.
Fleet,Driver allocation,Driver allocation plays a key role in optimizing Fleet performance.
Routing,Multi-stop planning,Effective Multi-stop planning helps reduce operational costs in Routing.
Analytics,Cost optimization,Optimizing Cost optimization can significantly boost Analytics productivity.
Fleet,Fleet utilization,Using advanced techniques in Fleet utilization can enhance Fleet outcomes.
Routing,Dynamic routing,Dynamic routing directly impacts the success of Routing strategies.
Warehouse,Storage layout,Storage layout focuses on improving efficiency in Warehouse processes.
Analytics,KPI tracking,Proper management of KPI tracking improves overall Analytics efficiency.
Delivery,On-time delivery,Using advanced techniques in On-time delivery can enhance Delivery outcomes.
Fleet,Fuel efficiency,Using advanced techniques in Fuel efficiency can enhance Fleet outcomes.
Fleet,Vehicle capacity,Optimizing Vehicle capacity can significantly boost Fleet productivity.
Warehouse,Demand forecasting,Effective Demand forecasting helps reduce operational costs in Warehouse.
Routing,Route optimization,Route optimization focuses on improving efficiency in Routing processes.
Delivery,Customer communication,Customer communication directly impacts the success of Delivery strategies.
Warehouse,Stock replenishment,Effective Stock replenishment helps reduce operational costs in Warehouse.
Delivery,Customer communication,Effective Customer communication helps reduce operational costs in Delivery.
Analytics,Cost optimization,Cost optimization contributes to better decision-making in Analytics.
Warehouse,Storage layout,Storage layout directly impacts the success of Warehouse strategies.
Fleet,Fleet utilization,Fleet utilization plays a key role in optimizing Fleet performance.
Fleet,Vehicle capacity,Effective Vehicle capacity helps reduce operational costs in Fleet.
Fleet,Fuel efficiency,Fuel efficiency contributes to better decision-making in Fleet.
Warehouse,Stock replenishment,Proper management of Stock replenishment improves overall Warehouse efficiency.
Delivery,Proof of delivery,Organizations rely on Proof of delivery to streamline Delivery workflows.
Delivery,Proof of delivery,Proof of delivery directly impacts the success of Delivery strategies.
Fleet,Driver allocation,Optimizing Driver allocation can significantly boost Fleet productivity.
Fleet,Driver allocation,Optimizing Driver allocation can significantly boost Fleet productivity.
Fleet,Driver allocation,Driver allocation directly impacts the success of Fleet strategies.
Warehouse,Picking optimization,Picking optimization focuses on improving efficiency in Warehouse processes.
Delivery,On-time delivery,Optimizing On-time delivery can significantly boost Delivery productivity.
Warehouse,Inventory management,Inventory management is critical for ensuring smooth Warehouse operations.
Routing,Route optimization,Proper management of Route optimization improves overall Routing efficiency.
Routing,Dynamic routing,Proper management of Dynamic routing improves overall Routing efficiency.
Routing,Dynamic routing,Optimizing Dynamic routing can significantly boost Routing productivity.
Warehouse,Storage layout,Storage layout directly impacts the success of Warehouse strategies.
Warehouse,Demand forecasting,Demand forecasting is critical for ensuring smooth Warehouse operations.
Analytics,Data insights,Effective Data insights helps reduce operational costs in Analytics.
Routing,Route optimization,Route optimization contributes to better decision-making in Routing.
Warehouse,Inventory management,Inventory management contributes to better decision-making in Warehouse.
Fleet,Fuel efficiency,Proper management of Fuel efficiency improves overall Fleet efficiency.
Analytics,Data insights,Data insights contributes to better decision-making in Analytics.
Delivery,Customer communication,Customer communication directly impacts the success of Delivery strategies.
Warehouse,Stock replenishment,Organizations rely on Stock replenishment to streamline Warehouse workflows.
Analytics,KPI tracking,KPI tracking focuses on improving efficiency in Analytics processes.
Delivery,Failed deliveries,Organizations rely on Failed deliveries to streamline Delivery workflows.
Delivery,Delivery tracking,Delivery tracking plays a key role in optimizing Delivery performance.
Fleet,Vehicle capacity,Proper management of Vehicle capacity improves overall Fleet efficiency.
Fleet,Vehicle capacity,Vehicle capacity is critical for ensuring smooth Fleet operations.
Routing,Route optimization,Using advanced techniques in Route optimization can enhance Routing outcomes.
Routing,Multi-stop planning,Multi-stop planning focuses on improving efficiency in Routing processes.
Fleet,Driver allocation,Proper management of Driver allocation improves overall Fleet efficiency.
Routing,Dynamic routing,Dynamic routing is critical for ensuring smooth Routing operations.
Routing,Route optimization,Route optimization contributes to better decision-making in Routing.
Warehouse,Stock replenishment,Stock replenishment directly impacts the success of Warehouse strategies.
Fleet,Fuel efficiency,Proper management of Fuel efficiency improves overall Fleet efficiency.
Warehouse,Picking optimization,Picking optimization plays a key role in optimizing Warehouse performance.
Routing,Multi-stop planning,Organizations rely on Multi-stop planning to streamline Routing workflows.
Routing,Time windows,Time windows plays a key role in optimizing Routing performance.
Analytics,Cost optimization,Organizations rely on Cost optimization to streamline Analytics workflows.
Warehouse,Inventory management,Proper management of Inventory management improves overall Warehouse efficiency.
Routing,Time windows,Optimizing Time windows can significantly boost Routing productivity.
Analytics,Demand patterns,Demand patterns contributes to better decision-making in Analytics.
Fleet,Vehicle capacity,Vehicle capacity directly impacts the success of Fleet strategies.
Fleet,Driver allocation,Organizations rely on Driver allocation to streamline Fleet workflows.
Fleet,Driver allocation,Effective Driver allocation helps reduce operational costs in Fleet.
Routing,Last-mile delivery,Optimizing Last-mile delivery can significantly boost Routing productivity.
Warehouse,Inventory management,Inventory management is critical for ensuring smooth Warehouse operations.
Routing,Route optimization,Route optimization plays a key role in optimizing Routing performance.
Fleet,Driver allocation,Driver allocation directly impacts the success of Fleet strategies.
Analytics,Demand patterns,Optimizing Demand patterns can significantly boost Analytics productivity.
Routing,Route optimization,Using advanced techniques in Route optimization can enhance Routing outcomes.
Warehouse,Picking optimization,Picking optimization focuses on improving efficiency in Warehouse processes.
Routing,Route optimization,Route optimization contributes to better decision-making in Routing.
Fleet,Fuel efficiency,Fuel efficiency contributes to better decision-making in Fleet.
Analytics,KPI tracking,Optimizing KPI tracking can significantly boost Analytics productivity.
Warehouse,Inventory management,Inventory management plays a key role in optimizing Warehouse performance.
Fleet,Fuel efficiency,Fuel efficiency plays a key role in optimizing Fleet performance.
Delivery,Proof of delivery,Using advanced techniques in Proof of delivery can enhance Delivery outcomes.
Analytics,Cost optimization,Optimizing Cost optimization can significantly boost Analytics productivity.
Fleet,Fleet utilization,Organizations rely on Fleet utilization to streamline Fleet workflows.
Routing,Last-mile delivery,Effective Last-mile delivery helps reduce operational costs in Routing.
Routing,Dynamic routing,Dynamic routing contributes to better decision-making in Routing.
Delivery,Failed deliveries,Failed deliveries plays a key role in optimizing Delivery performance.
Analytics,Demand patterns,Organizations rely on Demand patterns to streamline Analytics workflows.
Fleet,Vehicle capacity,Effective Vehicle capacity helps reduce operational costs in Fleet.
Warehouse,Inventory management,Inventory management focuses on improving efficiency in Warehouse processes.
Delivery,Delivery tracking,Organizations rely on Delivery tracking to streamline Delivery workflows.
Delivery,Failed deliveries,Using advanced techniques in Failed deliveries can enhance Delivery outcomes.
Delivery,Proof of delivery,Proper management of Proof of delivery improves overall Delivery efficiency.
Warehouse,Demand forecasting,Optimizing Demand forecasting can significantly boost Warehouse productivity.
Fleet,Maintenance scheduling,Using advanced techniques in Maintenance scheduling can enhance Fleet outcomes.
Warehouse,Stock replenishment,Stock replenishment plays a key role in optimizing Warehouse performance.
Delivery,Customer communication,Optimizing Customer communication can significantly boost Delivery productivity.
Analytics,Performance metrics,Using advanced techniques in Performance metrics can enhance Analytics outcomes.
Delivery,Failed deliveries,Effective Failed deliveries helps reduce operational costs in Delivery.
Warehouse,Demand forecasting,Effective Demand forecasting helps reduce operational costs in Warehouse.
Delivery,Proof of delivery,Using advanced techniques in Proof of delivery can enhance Delivery outcomes.
Analytics,Performance metrics,Effective Performance metrics helps reduce operational costs in Analytics.
Analytics,Cost optimization,Cost optimization contributes to better decision-making in Analytics.
Delivery,On-time delivery,Optimizing On-time delivery can significantly boost Delivery productivity.
Analytics,KPI tracking,Using advanced techniques in KPI tracking can enhance Analytics outcomes.
Routing,Dynamic routing,Using advanced techniques in Dynamic routing can enhance Routing outcomes.
Analytics,Demand patterns,Demand patterns is critical for ensuring smooth Analytics operations.
Delivery,Customer communication,Customer communication focuses on improving efficiency in Delivery processes.
Routing,Time windows,Effective Time windows helps reduce operational costs in Routing.
Delivery,Customer communication,Using advanced techniques in Customer communication can enhance Delivery outcomes.
Warehouse,Inventory management,Inventory management directly impacts the success of Warehouse strategies.
Fleet,Vehicle capacity,Effective Vehicle capacity helps reduce operational costs in Fleet.
Analytics,Data insights,Data insights is critical for ensuring smooth Analytics operations.
Delivery,On-time delivery,On-time delivery is critical for ensuring smooth Delivery operations.
Fleet,Vehicle capacity,Using advanced techniques in Vehicle capacity can enhance Fleet outcomes.
Routing,Dynamic routing,Dynamic routing contributes to better decision-making in Routing.
Routing,Time windows,Proper management of Time windows improves overall Routing efficiency.
Analytics,Data insights,Effective Data insights helps reduce operational costs in Analytics.
Warehouse,Inventory management,Optimizing Inventory management can significantly boost Warehouse productivity.
Warehouse,Inventory management,Optimizing Inventory management can significantly boost Warehouse productivity.
Delivery,Proof of delivery,Proof of delivery plays a key role in optimizing Delivery performance.
Warehouse,Picking optimization,Proper management of Picking optimization improves overall Warehouse efficiency.
Delivery,On-time delivery,Optimizing On-time delivery can significantly boost Delivery productivity.
Warehouse,Storage layout,Storage layout contributes to better decision-making in Warehouse.
Analytics,Data insights,Organizations rely on Data insights to streamline Analytics workflows.
Warehouse,Picking optimization,Organizations rely on Picking optimization to streamline Warehouse workflows.
Warehouse,Storage layout,Effective Storage layout helps reduce operational costs in Warehouse.
Fleet,Maintenance scheduling,Using advanced techniques in Maintenance scheduling can enhance Fleet outcomes.
Delivery,On-time delivery,Using advanced techniques in On-time delivery can enhance Delivery outcomes.
Analytics,Cost optimization,Cost optimization contributes to better decision-making in Analytics.
Analytics,Demand patterns,Demand patterns focuses on improving efficiency in Analytics processes.
Delivery,Delivery tracking,Organizations rely on Delivery tracking to streamline Delivery workflows.
Routing,Last-mile delivery,Optimizing Last-mile delivery can significantly boost Routing productivity.
Routing,Multi-stop planning,Using advanced techniques in Multi-stop planning can enhance Routing outcomes.
Warehouse,Stock replenishment,Organizations rely on Stock replenishment to streamline Warehouse workflows.
Routing,Dynamic routing,Using advanced techniques in Dynamic routing can enhance Routing outcomes.
Analytics,Data insights,Using advanced techniques in Data insights can enhance Analytics outcomes.
Fleet,Vehicle capacity,Vehicle capacity focuses on improving efficiency in Fleet processes.
Routing,Multi-stop planning,Proper management of Multi-stop planning improves overall Routing efficiency.
Routing,Multi-stop planning,Multi-stop planning focuses on improving efficiency in Routing processes.
Delivery,Failed deliveries,Failed deliveries focuses on improving efficiency in Delivery processes.
Warehouse,Stock replenishment,Stock replenishment is critical for ensuring smooth Warehouse operations.
Analytics,Performance metrics,Performance metrics plays a key role in optimizing Analytics performance.
Analytics,KPI tracking,Effective KPI tracking helps reduce operational costs in Analytics.
Delivery,Failed deliveries,Optimizing Failed deliveries can significantly boost Delivery productivity.
Warehouse,Stock replenishment,Optimizing Stock replenishment can significantly boost Warehouse productivity.
Routing,Multi-stop planning,Multi-stop planning directly impacts the success of Routing strategies.
Fleet,Maintenance scheduling,Maintenance scheduling focuses on improving efficiency in Fleet processes.
Fleet,Maintenance scheduling,Proper management of Maintenance scheduling improves overall Fleet efficiency.
Fleet,Maintenance scheduling,Proper management of Maintenance scheduling improves overall Fleet efficiency.
Routing,Multi-stop planning,Multi-stop planning directly impacts the success of Routing strategies.
Analytics,KPI tracking,Using advanced techniques in KPI tracking can enhance Analytics outcomes.
Delivery,Customer communication,Customer communication contributes to better decision-making in Delivery.
Analytics,Cost optimization,Effective Cost optimization helps reduce operational costs in Analytics.
Warehouse,Picking optimization,Picking optimization plays a key role in optimizing Warehouse performance.
Fleet,Driver allocation,Driver allocation contributes to better decision-making in Fleet.
Fleet,Driver allocation,Driver allocation contributes to better decision-making in Fleet.
Routing,Multi-stop planning,Proper management of Multi-stop planning improves overall Routing efficiency.
Analytics,Performance metrics,Organizations rely on Performance metrics to streamline Analytics workflows.
Analytics,Demand patterns,Using advanced techniques in Demand patterns can enhance Analytics outcomes.
Analytics,Cost optimization,Optimizing Cost optimization can significantly boost Analytics productivity.
Delivery,Customer communication,Customer communication focuses on improving efficiency in Delivery processes.
Warehouse,Picking optimization,Picking optimization is critical for ensuring smooth Warehouse operations.
Delivery,Proof of delivery,Proof of delivery directly impacts the success of Delivery strategies.
Routing,Multi-stop planning,Effective Multi-stop planning helps reduce operational costs in Routing.
Routing,Time windows,Time windows plays a key role in optimizing Routing performance.
Routing,Time windows,Time windows plays a key role in optimizing Routing performance.
Analytics,Data insights,Effective Data insights helps reduce operational costs in Analytics.
Routing,Last-mile delivery,Last-mile delivery focuses on improving efficiency in Routing processes.
Fleet,Fleet utilization,Optimizing Fleet utilization can significantly boost Fleet productivity.
Routing,Time windows,Optimizing Time windows can significantly boost Routing productivity.
Analytics,Performance metrics,Optimizing Performance metrics can significantly boost Analytics productivity.
Analytics,Data insights,Proper management of Data insights improves overall Analytics efficiency.
Fleet,Driver allocation,Driver allocation plays a key role in optimizing Fleet performance.
Routing,Dynamic routing,Dynamic routing is critical for ensuring smooth Routing operations.
Warehouse,Stock replenishment,Stock replenishment focuses on improving efficiency in Warehouse processes.
Routing,Multi-stop planning,Multi-stop planning contributes to better decision-making in Routing.
Analytics,Performance metrics,Performance metrics plays a key role in optimizing Analytics performance.
Warehouse,Picking optimization,Picking optimization directly impacts the success of Warehouse strategies.
Warehouse,Picking optimization,Picking optimization focuses on improving efficiency in Warehouse processes.
Fleet,Maintenance scheduling,Maintenance scheduling directly impacts the success of Fleet strategies.
Warehouse,Storage layout,Storage layout is critical for ensuring smooth Warehouse operations.
Analytics,KPI tracking,Using advanced techniques in KPI tracking can enhance Analytics outcomes.
Analytics,Data insights,Using advanced techniques in Data insights can enhance Analytics outcomes.
Warehouse,Picking optimization,Organizations rely on Picking optimization to streamline Warehouse workflows.
Warehouse,Stock replenishment,Stock replenishment contributes to better decision-making in Warehouse.
Routing,Time windows,Proper management of Time windows improves overall Routing efficiency.
Routing,Route optimization,Route optimization directly impacts the success of Routing strategies.
Routing,Route optimization,Using advanced techniques in Route optimization can enhance Routing outcomes.
Fleet,Maintenance scheduling,Effective Maintenance scheduling helps reduce operational costs in Fleet.
Analytics,KPI tracking,Effective KPI tracking helps reduce operational costs in Analytics.
Analytics,Demand patterns,Demand patterns contributes to better decision-making in Analytics.
Fleet,Maintenance scheduling,Organizations rely on Maintenance scheduling to streamline Fleet workflows.
Fleet,Fleet utilization,Fleet utilization focuses on improving efficiency in Fleet processes.
Warehouse,Demand forecasting,Using advanced techniques in Demand forecasting can enhance Warehouse outcomes.
Analytics,KPI tracking,KPI tracking directly impacts the success of Analytics strategies.
Fleet,Fuel efficiency,Optimizing Fuel efficiency can significantly boost Fleet productivity.
Fleet,Driver allocation,Driver allocation contributes to better decision-making in Fleet.
Fleet,Vehicle capacity,Optimizing Vehicle capacity can significantly boost Fleet productivity.
Analytics,Cost optimization,Effective Cost optimization helps reduce operational costs in Analytics.
Warehouse,Storage layout,Using advanced techniques in Storage layout can enhance Warehouse outcomes.
Routing,Last-mile delivery,Optimizing Last-mile delivery can significantly boost Routing productivity.
Routing,Route optimization,Route optimization directly impacts the success of Routing strategies.
Fleet,Vehicle capacity,Vehicle capacity directly impacts the success of Fleet strategies.
Routing,Last-mile delivery,Last-mile delivery plays a key role in optimizing Routing performance.
Delivery,Proof of delivery,Proper management of Proof of delivery improves overall Delivery efficiency.
Delivery,Delivery tracking,Proper management of Delivery tracking improves overall Delivery efficiency.
Analytics,Data insights,Data insights contributes to better decision-making in Analytics.
Analytics,Performance metrics,Optimizing Performance metrics can significantly boost Analytics productivity.
Warehouse,Demand forecasting,Demand forecasting directly impacts the success of Warehouse strategies.
Analytics,Cost optimization,Effective Cost optimization helps reduce operational costs in Analytics.
Fleet,Driver allocation,Driver allocation contributes to better decision-making in Fleet.
Warehouse,Stock replenishment,Effective Stock replenishment helps reduce operational costs in Warehouse.
Warehouse,Storage layout,Storage layout contributes to better decision-making in Warehouse.
Warehouse,Storage layout,Effective Storage layout helps reduce operational costs in Warehouse.
Warehouse,Demand forecasting,Demand forecasting plays a key role in optimizing Warehouse performance.
Routing,Multi-stop planning,Multi-stop planning directly impacts the success of Routing strategies.
Fleet,Driver allocation,Driver allocation focuses on improving efficiency in Fleet processes.
Routing,Multi-stop planning,Organizations rely on Multi-stop planning to streamline Routing workflows.
Routing,Route optimization,Optimizing Route optimization can significantly boost Routing productivity.
Fleet,Maintenance scheduling,Using advanced techniques in Maintenance scheduling can enhance Fleet outcomes.
Warehouse,Inventory management,Effective Inventory management helps reduce operational costs in Warehouse.
Fleet,Driver allocation,Proper management of Driver allocation improves overall Fleet efficiency.
Routing,Time windows,Using advanced techniques in Time windows can enhance Routing outcomes.
Analytics,Data insights,Proper management of Data insights improves overall Analytics efficiency.
Analytics,Cost optimization,Effective Cost optimization helps reduce operational costs in Analytics.
Routing,Multi-stop planning,Using advanced techniques in Multi-stop planning can enhance Routing outcomes.
Warehouse,Inventory management,Inventory management directly impacts the success of Warehouse strategies.
Fleet,Fleet utilization,Fleet utilization focuses on improving efficiency in Fleet processes.
Delivery,Proof of delivery,Proof of delivery is critical for ensuring smooth Delivery operations.
Analytics,Data insights,Data insights contributes to better decision-making in Analytics.
Routing,Dynamic routing,Dynamic routing focuses on improving efficiency in Routing processes.
Analytics,Demand patterns,Using advanced techniques in Demand patterns can enhance Analytics outcomes.
Analytics,Demand patterns,Demand patterns focuses on improving efficiency in Analytics processes.
Delivery,Proof of delivery,Organizations rely on Proof of delivery to streamline Delivery workflows.
Warehouse,Stock replenishment,Optimizing Stock replenishment can significantly boost Warehouse productivity.
Routing,Dynamic routing,Optimizing Dynamic routing can significantly boost Routing productivity.
Routing,Last-mile delivery,Using advanced techniques in Last-mile delivery can enhance Routing outcomes.
Delivery,Customer communication,Effective Customer communication helps reduce operational costs in Delivery.
Warehouse,Demand forecasting,Demand forecasting is critical for ensuring smooth Warehouse operations.
Analytics,Demand patterns,Proper management of Demand patterns improves overall Analytics efficiency.
Delivery,Delivery tracking,Proper management of Delivery tracking improves overall Delivery efficiency.
Routing,Dynamic routing,Organizations rely on Dynamic routing to streamline Routing workflows.
Analytics,Cost optimization,Cost optimization directly impacts the success of Analytics strategies.
Warehouse,Stock replenishment,Stock replenishment plays a key role in optimizing Warehouse performance.
Delivery,Proof of delivery,Optimizing Proof of delivery can significantly boost Delivery productivity.
Routing,Time windows,Time windows is critical for ensuring smooth Routing operations.
Warehouse,Demand forecasting,Demand forecasting is critical for ensuring smooth Warehouse operations.
Analytics,Performance metrics,Performance metrics contributes to better decision-making in Analytics.
Delivery,Proof of delivery,Proof of delivery plays a key role in optimizing Delivery performance.
Delivery,Failed deliveries,Failed deliveries is critical for ensuring smooth Delivery operations.
Warehouse,Stock replenishment,Organizations rely on Stock replenishment to streamline Warehouse workflows.
Warehouse,Storage layout,Storage layout directly impacts the success of Warehouse strategies.
Delivery,Proof of delivery,Optimizing Proof of delivery can significantly boost Delivery productivity.
Analytics,Demand patterns,Demand patterns plays a key role in optimizing Analytics performance.
Delivery,On-time delivery,Optimizing On-time delivery can significantly boost Delivery productivity.
Analytics,Cost optimization,Cost optimization is critical for ensuring smooth Analytics operations.
Analytics,Data insights,Data insights focuses on improving efficiency in Analytics processes.
Fleet,Maintenance scheduling,Maintenance scheduling is critical for ensuring smooth Fleet operations.
Delivery,Failed deliveries,Optimizing Failed deliveries can significantly boost Delivery productivity.
Routing,Time windows,Time windows is critical for ensuring smooth Routing operations.
Routing,Route optimization,Optimizing Route optimization can significantly boost Routing productivity.
Warehouse,Demand forecasting,Proper management of Demand forecasting improves overall Warehouse efficiency.
Delivery,Failed deliveries,Failed deliveries contributes to better decision-making in Delivery.
Delivery,Proof of delivery,Optimizing Proof of delivery can significantly boost Delivery productivity.
Fleet,Vehicle capacity,Vehicle capacity plays a key role in optimizing Fleet performance.
Fleet,Fuel efficiency,Fuel efficiency directly impacts the success of Fleet strategies.
Routing,Dynamic routing,Dynamic routing contributes to better decision-making in Routing.
Analytics,Demand patterns,Optimizing Demand patterns can significantly boost Analytics productivity.
Analytics,KPI tracking,Using advanced techniques in KPI tracking can enhance Analytics outcomes.
Delivery,Failed deliveries,Failed deliveries directly impacts the success of Delivery strategies.
Warehouse,Stock replenishment,Using advanced techniques in Stock replenishment can enhance Warehouse outcomes.
Fleet,Driver allocation,Driver allocation plays a key role in optimizing Fleet performance.
Warehouse,Picking optimization,Picking optimization plays a key role in optimizing Warehouse performance.
Warehouse,Inventory management,Inventory management contributes to better decision-making in Warehouse.
Analytics,Cost optimization,Effective Cost optimization helps reduce operational costs in Analytics.
Delivery,Delivery tracking,Delivery tracking directly impacts the success of Delivery strategies.
Warehouse,Storage layout,Storage layout plays a key role in optimizing Warehouse performance.
Delivery,Delivery tracking,Delivery tracking directly impacts the success of Delivery strategies.
Routing,Last-mile delivery,Effective Last-mile delivery helps reduce operational costs in Routing.
Fleet,Vehicle capacity,Vehicle capacity focuses on improving efficiency in Fleet processes.
Delivery,Delivery tracking,Delivery tracking plays a key role in optimizing Delivery performance.
Fleet,Maintenance scheduling,Maintenance scheduling is critical for ensuring smooth Fleet operations.
Warehouse,Picking optimization,Effective Picking optimization helps reduce operational costs in Warehouse.
Delivery,Customer communication,Using advanced techniques in Customer communication can enhance Delivery outcomes.
Warehouse,Picking optimization,Effective Picking optimization helps reduce operational costs in Warehouse.
Fleet,Driver allocation,Driver allocation is critical for ensuring smooth Fleet operations.
Fleet,Vehicle capacity,Using advanced techniques in Vehicle capacity can enhance Fleet outcomes.
Routing,Time windows,Time windows plays a key role in optimizing Routing performance.
Delivery,Delivery tracking,Effective Delivery tracking helps reduce operational costs in Delivery.
Analytics,Performance metrics,Effective Performance metrics helps reduce operational costs in Analytics.
Routing,Dynamic routing,Dynamic routing contributes to better decision-making in Routing.
Delivery,Customer communication,Customer communication is critical for ensuring smooth Delivery operations.
Delivery,Customer communication,Organizations rely on Customer communication to streamline Delivery workflows.
Analytics,KPI tracking,KPI tracking directly impacts the success of Analytics strategies.
Routing,Route optimization,Route optimization contributes to better decision-making in Routing.
Routing,Last-mile delivery,Using advanced techniques in Last-mile delivery can enhance Routing outcomes.
Routing,Time windows,Time windows directly impacts the success of Routing strategies.
Routing,Dynamic routing,Dynamic routing focuses on improving efficiency in Routing processes.
Analytics,Data insights,Organizations rely on Data insights to streamline Analytics workflows.
Warehouse,Inventory management,Inventory management focuses on improving efficiency in Warehouse processes.
Warehouse,Storage layout,Storage layout focuses on improving efficiency in Warehouse processes.
Routing,Time windows,Time windows is critical for ensuring smooth Routing operations.
Analytics,Performance metrics,Effective Performance metrics helps reduce operational costs in Analytics.
Warehouse,Storage layout,Storage layout focuses on improving efficiency in Warehouse processes.
Warehouse,Stock replenishment,Stock replenishment is critical for ensuring smooth Warehouse operations.
Delivery,Proof of delivery,Organizations rely on Proof of delivery to streamline Delivery workflows.
Analytics,Cost optimization,Proper management of Cost optimization improves overall Analytics efficiency.
Analytics,Data insights,Data insights contributes to better decision-making in Analytics.
Delivery,On-time delivery,On-time delivery directly impacts the success of Delivery strategies.
Delivery,Proof of delivery,Proof of delivery focuses on improving efficiency in Delivery processes.
Analytics,Performance metrics,Performance metrics focuses on improving efficiency in Analytics processes.
Fleet,Fuel efficiency,Proper management of Fuel efficiency improves overall Fleet efficiency.
Analytics,Cost optimization,Organizations rely on Cost optimization to streamline Analytics workflows.
Delivery,Failed deliveries,Organizations rely on Failed deliveries to streamline Delivery workflows.
Analytics,KPI tracking,KPI tracking contributes to better decision-making in Analytics.
Routing,Last-mile delivery,Proper management of Last-mile delivery improves overall Routing efficiency.
Fleet,Maintenance scheduling,Effective Maintenance scheduling helps reduce operational costs in Fleet.
Analytics,Data insights,Effective Data insights helps reduce operational costs in Analytics.
Warehouse,Stock replenishment,Stock replenishment contributes to better decision-making in Warehouse.
Warehouse,Picking optimization,Organizations rely on Picking optimization to streamline Warehouse workflows.
Fleet,Vehicle capacity,Vehicle capacity focuses on improving efficiency in Fleet processes.
Analytics,KPI tracking,KPI tracking directly impacts the success of Analytics strategies.
Delivery,Proof of delivery,Proof of delivery contributes to better decision-making in Delivery.
Warehouse,Demand forecasting,Optimizing Demand forecasting can significantly boost Warehouse productivity.
Delivery,Customer communication,Effective Customer communication helps reduce operational costs in Delivery.
Warehouse,Demand forecasting,Optimizing Demand forecasting can significantly boost Warehouse productivity.
Warehouse,Demand forecasting,Demand forecasting contributes to better decision-making in Warehouse.
Delivery,Proof of delivery,Organizations rely on Proof of delivery to streamline Delivery workflows.
Analytics,Cost optimization,Cost optimization plays a key role in optimizing Analytics performance.
Fleet,Maintenance scheduling,Maintenance scheduling plays a key role in optimizing Fleet performance.
Fleet,Fuel efficiency,Optimizing Fuel efficiency can significantly boost Fleet productivity.
Fleet,Fleet utilization,Optimizing Fleet utilization can significantly boost Fleet productivity.
Analytics,Performance metrics,Performance metrics focuses on improving efficiency in Analytics processes.
Delivery,On-time delivery,On-time delivery plays a key role in optimizing Delivery performance.
Fleet,Driver allocation,Effective Driver allocation helps reduce operational costs in Fleet.
Routing,Multi-stop planning,Multi-stop planning directly impacts the success of Routing strategies.
Delivery,Proof of delivery,Proof of delivery directly impacts the success of Delivery strategies.
Routing,Time windows,Time windows directly impacts the success of Routing strategies.
Delivery,Delivery tracking,Delivery tracking is critical for ensuring smooth Delivery operations.
Routing,Last-mile delivery,Last-mile delivery plays a key role in optimizing Routing performance.
Analytics,Cost optimization,Cost optimization contributes to better decision-making in Analytics.
Delivery,Failed deliveries,Failed deliveries directly impacts the success of Delivery strategies.
Analytics,Demand patterns,Proper management of Demand patterns improves overall Analytics efficiency.
Fleet,Vehicle capacity,Vehicle capacity directly impacts the success of Fleet strategies.
Analytics,Performance metrics,Optimizing Performance metrics can significantly boost Analytics productivity.
Warehouse,Demand forecasting,Demand forecasting plays a key role in optimizing Warehouse performance.
Analytics,KPI tracking,KPI tracking is critical for ensuring smooth Analytics operations.
Fleet,Fuel efficiency,Proper management of Fuel efficiency improves overall Fleet efficiency.
Warehouse,Storage layout,Using advanced techniques in Storage layout can enhance Warehouse outcomes.
Analytics,Data insights,Data insights is critical for ensuring smooth Analytics operations.
Warehouse,Storage layout,Using advanced techniques in Storage layout can enhance Warehouse outcomes.
Routing,Dynamic routing,Optimizing Dynamic routing can significantly boost Routing productivity.
Analytics,Data insights,Proper management of Data insights improves overall Analytics efficiency.
Delivery,Failed deliveries,Organizations rely on Failed deliveries to streamline Delivery workflows.
Analytics,KPI tracking,KPI tracking directly impacts the success of Analytics strategies.
Routing,Time windows,Organizations rely on Time windows to streamline Routing workflows.
Routing,Last-mile delivery,Last-mile delivery focuses on improving efficiency in Routing processes.
Delivery,Customer communication,Organizations rely on Customer communication to streamline Delivery workflows.
Delivery,Failed deliveries,Failed deliveries directly impacts the success of Delivery strategies.
Analytics,KPI tracking,KPI tracking directly impacts the success of Analytics strategies.
Analytics,KPI tracking,KPI tracking is critical for ensuring smooth Analytics operations.
Analytics,Data insights,Data insights plays a key role in optimizing Analytics performance.
Delivery,On-time delivery,On-time delivery focuses on improving efficiency in Delivery processes.
Fleet,Fleet utilization,Fleet utilization focuses on improving efficiency in Fleet processes.
Delivery,Proof of delivery,Optimizing Proof of delivery can significantly boost Delivery productivity.
Warehouse,Inventory management,Optimizing Inventory management can significantly boost Warehouse productivity.
Warehouse,Picking optimization,Picking optimization directly impacts the success of Warehouse strategies.
Analytics,Cost optimization,Proper management of Cost optimization improves overall Analytics efficiency.
Routing,Multi-stop planning,Multi-stop planning plays a key role in optimizing Routing performance.
Warehouse,Picking optimization,Picking optimization focuses on improving efficiency in Warehouse processes.
Analytics,Cost optimization,Proper management of Cost optimization improves overall Analytics efficiency.
Delivery,On-time delivery,On-time delivery is critical for ensuring smooth Delivery operations.
Warehouse,Storage layout,Storage layout focuses on improving efficiency in Warehouse processes.
Warehouse,Inventory management,Optimizing Inventory management can significantly boost Warehouse productivity.
Delivery,Delivery tracking,Delivery tracking contributes to better decision-making in Delivery.
Analytics,Cost optimization,Cost optimization focuses on improving efficiency in Analytics processes.
Analytics,Cost optimization,Cost optimization directly impacts the success of Analytics strategies.
Delivery,Delivery tracking,Using advanced techniques in Delivery tracking can enhance Delivery outcomes.
Analytics,Demand patterns,Effective Demand patterns helps reduce operational costs in Analytics.
Warehouse,Inventory management,Optimizing Inventory management can significantly boost Warehouse productivity.
Analytics,Performance metrics,Optimizing Performance metrics can significantly boost Analytics productivity.
Routing,Multi-stop planning,Effective Multi-stop planning helps reduce operational costs in Routing.
Delivery,Delivery tracking,Using advanced techniques in Delivery tracking can enhance Delivery outcomes.
Routing,Last-mile delivery,Using advanced techniques in Last-mile delivery can enhance Routing outcomes.
Routing,Time windows,Proper management of Time windows improves overall Routing efficiency.
Analytics,KPI tracking,Proper management of KPI tracking improves overall Analytics efficiency.
Analytics,Demand patterns,Using advanced techniques in Demand patterns can enhance Analytics outcomes.
Routing,Multi-stop planning,Optimizing Multi-stop planning can significantly boost Routing productivity.
Fleet,Maintenance scheduling,Maintenance scheduling is critical for ensuring smooth Fleet operations.
Delivery,Customer communication,Customer communication focuses on improving efficiency in Delivery processes.
Delivery,Customer communication,Customer communication directly impacts the success of Delivery strategies.
Delivery,Delivery tracking,Delivery tracking focuses on improving efficiency in Delivery processes.
Warehouse,Stock replenishment,Stock replenishment is critical for ensuring smooth Warehouse operations.
Delivery,Customer communication,Customer communication plays a key role in optimizing Delivery performance.
Routing,Multi-stop planning,Organizations rely on Multi-stop planning to streamline Routing workflows.
Fleet,Maintenance scheduling,Maintenance scheduling is critical for ensuring smooth Fleet operations.
Fleet,Fleet utilization,Fleet utilization focuses on improving efficiency in Fleet processes.
Warehouse,Stock replenishment,Stock replenishment is critical for ensuring smooth Warehouse operations.
Delivery,Customer communication,Proper management of Customer communication improves overall Delivery efficiency.
Delivery,On-time delivery,Optimizing On-time delivery can significantly boost Delivery productivity.
Fleet,Fleet utilization,Proper management of Fleet utilization improves overall Fleet efficiency.
Delivery,Customer communication,Customer communication directly impacts the success of Delivery strategies.
Routing,Last-mile delivery,Last-mile delivery focuses on improving efficiency in Routing processes.
Routing,Dynamic routing,Using advanced techniques in Dynamic routing can enhance Routing outcomes.
Fleet,Maintenance scheduling,Effective Maintenance scheduling helps reduce operational costs in Fleet.
Fleet,Driver allocation,Driver allocation is critical for ensuring smooth Fleet operations.
Routing,Last-mile delivery,Using advanced techniques in Last-mile delivery can enhance Routing outcomes.
Analytics,KPI tracking,Using advanced techniques in KPI tracking can enhance Analytics outcomes.
Fleet,Fuel efficiency,Optimizing Fuel efficiency can significantly boost Fleet productivity.
Analytics,Performance metrics,Organizations rely on Performance metrics to streamline Analytics workflows.
Warehouse,Storage layout,Effective Storage layout helps reduce operational costs in Warehouse.
Routing,Route optimization,Route optimization is critical for ensuring smooth Routing operations.
Analytics,Cost optimization,Using advanced techniques in Cost optimization can enhance Analytics outcomes.
Routing,Last-mile delivery,Last-mile delivery plays a key role in optimizing Routing performance.
Delivery,On-time delivery,Optimizing On-time delivery can significantly boost Delivery productivity.
Analytics,Data insights,Data insights contributes to better decision-making in Analytics.
Fleet,Driver allocation,Effective Driver allocation helps reduce operational costs in Fleet.
Delivery,Customer communication,Using advanced techniques in Customer communication can enhance Delivery outcomes.
Routing,Dynamic routing,Effective Dynamic routing helps reduce operational costs in Routing.
Routing,Route optimization,Route optimization is critical for ensuring smooth Routing operations.
Fleet,Vehicle capacity,Proper management of Vehicle capacity improves overall Fleet efficiency.
Delivery,Proof of delivery,Optimizing Proof of delivery can significantly boost Delivery productivity.
Routing,Dynamic routing,Effective Dynamic routing helps reduce operational costs in Routing.
Warehouse,Inventory management,Inventory management plays a key role in optimizing Warehouse performance.
Warehouse,Inventory management,Optimizing Inventory management can significantly boost Warehouse productivity.
Routing,Multi-stop planning,Multi-stop planning directly impacts the success of Routing strategies.
Delivery,Delivery tracking,Delivery tracking contributes to better decision-making in Delivery.
Routing,Route optimization,Proper management of Route optimization improves overall Routing efficiency.
Analytics,KPI tracking,Effective KPI tracking helps reduce operational costs in Analytics.
Fleet,Maintenance scheduling,Effective Maintenance scheduling helps reduce operational costs in Fleet.
Analytics,KPI tracking,Optimizing KPI tracking can significantly boost Analytics productivity.
Analytics,Demand patterns,Effective Demand patterns helps reduce operational costs in Analytics.
Fleet,Fleet utilization,Fleet utilization contributes to better decision-making in Fleet.
Routing,Last-mile delivery,Organizations rely on Last-mile delivery to streamline Routing workflows.
Analytics,Data insights,Data insights is critical for ensuring smooth Analytics operations.
Warehouse,Picking optimization,Picking optimization contributes to better decision-making in Warehouse.
Routing,Last-mile delivery,Last-mile delivery directly impacts the success of Routing strategies.
Warehouse,Stock replenishment,Stock replenishment is critical for ensuring smooth Warehouse operations.
Analytics,Cost optimization,Optimizing Cost optimization can significantly boost Analytics productivity.
Fleet,Fleet utilization,Fleet utilization is critical for ensuring smooth Fleet operations.
Fleet,Vehicle capacity,Vehicle capacity focuses on improving efficiency in Fleet processes.
Analytics,Cost optimization,Effective Cost optimization helps reduce operational costs in Analytics.
Delivery,Failed deliveries,Failed deliveries directly impacts the success of Delivery strategies.
Delivery,Delivery tracking,Delivery tracking plays a key role in optimizing Delivery performance.
Delivery,Proof of delivery,Proof of delivery contributes to better decision-making in Delivery.
Analytics,Cost optimization,Cost optimization is critical for ensuring smooth Analytics operations.
Warehouse,Inventory management,Using advanced techniques in Inventory management can enhance Warehouse outcomes.
Delivery,Delivery tracking,Effective Delivery tracking helps reduce operational costs in Delivery.
Delivery,Customer communication,Customer communication plays a key role in optimizing Delivery performance.
Analytics,Demand patterns,Demand patterns plays a key role in optimizing Analytics performance.
Fleet,Maintenance scheduling,Maintenance scheduling is critical for ensuring smooth Fleet operations.
Warehouse,Stock replenishment,Stock replenishment focuses on improving efficiency in Warehouse processes.
Routing,Route optimization,Optimizing Route optimization can significantly boost Routing productivity.
Delivery,Delivery tracking,Proper management of Delivery tracking improves overall Delivery efficiency.
Analytics,Performance metrics,Performance metrics focuses on improving efficiency in Analytics processes.
Routing,Route optimization,Route optimization is critical for ensuring smooth Routing operations.
Delivery,Proof of delivery,Proof of delivery is critical for ensuring smooth Delivery operations.
Fleet,Fleet utilization,Using advanced techniques in Fleet utilization can enhance Fleet outcomes.
Warehouse,Inventory management,Inventory management plays a key role in optimizing Warehouse performance.
Warehouse,Stock replenishment,Stock replenishment contributes to better decision-making in Warehouse.
Fleet,Fuel efficiency,Fuel efficiency is critical for ensuring smooth Fleet operations.
Delivery,Delivery tracking,Using advanced techniques in Delivery tracking can enhance Delivery outcomes.
Analytics,Performance metrics,Using advanced techniques in Performance metrics can enhance Analytics outcomes.
Analytics,Performance metrics,Optimizing Performance metrics can significantly boost Analytics productivity.
Delivery,On-time delivery,On-time delivery focuses on improving efficiency in Delivery processes.
Warehouse,Demand forecasting,Proper management of Demand forecasting improves overall Warehouse efficiency.
Delivery,Delivery tracking,Optimizing Delivery tracking can significantly boost Delivery productivity.
Analytics,KPI tracking,KPI tracking contributes to better decision-making in Analytics.
Fleet,Driver allocation,Driver allocation focuses on improving efficiency in Fleet processes.
Delivery,Proof of delivery,Proof of delivery focuses on improving efficiency in Delivery processes.
Warehouse,Demand forecasting,Demand forecasting contributes to better decision-making in Warehouse.
Analytics,Data insights,Data insights contributes to better decision-making in Analytics.
Warehouse,Demand forecasting,Demand forecasting directly impacts the success of Warehouse strategies.
Analytics,Data insights,Using advanced techniques in Data insights can enhance Analytics outcomes.
Warehouse,Demand forecasting,Demand forecasting is critical for ensuring smooth Warehouse operations.
Routing,Dynamic routing,Dynamic routing plays a key role in optimizing Routing performance.
Routing,Multi-stop planning,Organizations rely on Multi-stop planning to streamline Routing workflows.
Warehouse,Storage layout,Effective Storage layout helps reduce operational costs in Warehouse.
Warehouse,Storage layout,Storage layout contributes to better decision-making in Warehouse.
Delivery,Customer communication,Optimizing Customer communication can significantly boost Delivery productivity.
Delivery,Failed deliveries,Failed deliveries is critical for ensuring smooth Delivery operations.
Fleet,Fuel efficiency,Fuel efficiency contributes to better decision-making in Fleet.
Delivery,Delivery tracking,Delivery tracking focuses on improving efficiency in Delivery processes.
Warehouse,Storage layout,Storage layout is critical for ensuring smooth Warehouse operations.
Delivery,Delivery tracking,Delivery tracking contributes to better decision-making in Delivery.
Routing,Multi-stop planning,Using advanced techniques in Multi-stop planning can enhance Routing outcomes.
Warehouse,Storage layout,Storage layout focuses on improving efficiency in Warehouse processes.
Analytics,KPI tracking,KPI tracking contributes to better decision-making in Analytics.
Fleet,Fleet utilization,Fleet utilization contributes to better decision-making in Fleet.
Analytics,Cost optimization,Organizations rely on Cost optimization to streamline Analytics workflows.
Analytics,KPI tracking,Using advanced techniques in KPI tracking can enhance Analytics outcomes.
Delivery,Failed deliveries,Failed deliveries contributes to better decision-making in Delivery.
Routing,Multi-stop planning,Multi-stop planning is critical for ensuring smooth Routing operations.
Delivery,On-time delivery,Proper management of On-time delivery improves overall Delivery efficiency.
Analytics,Cost optimization,Cost optimization contributes to better decision-making in Analytics.
Delivery,Customer communication,Organizations rely on Customer communication to streamline Delivery workflows.
Delivery,Proof of delivery,Organizations rely on Proof of delivery to streamline Delivery workflows.
Fleet,Fleet utilization,Organizations rely on Fleet utilization to streamline Fleet workflows.
Delivery,Delivery tracking,Delivery tracking directly impacts the success of Delivery strategies.
Warehouse,Stock replenishment,Stock replenishment directly impacts the success of Warehouse strategies.
Warehouse,Stock replenishment,Optimizing Stock replenishment can significantly boost Warehouse productivity.
Analytics,Demand patterns,Effective Demand patterns helps reduce operational costs in Analytics.
Fleet,Maintenance scheduling,Optimizing Maintenance scheduling can significantly boost Fleet productivity.
Delivery,Proof of delivery,Proof of delivery contributes to better decision-making in Delivery.
Routing,Dynamic routing,Dynamic routing focuses on improving efficiency in Routing processes.
Routing,Dynamic routing,Dynamic routing contributes to better decision-making in Routing.
Delivery,Proof of delivery,Proper management of Proof of delivery improves overall Delivery efficiency.
Routing,Route optimization,Proper management of Route optimization improves overall Routing efficiency.
Analytics,Demand patterns,Demand patterns directly impacts the success of Analytics strategies.
Routing,Last-mile delivery,Last-mile delivery directly impacts the success of Routing strategies.
Warehouse,Stock replenishment,Stock replenishment contributes to better decision-making in Warehouse.
Analytics,Demand patterns,Demand patterns directly impacts the success of Analytics strategies.
Fleet,Driver allocation,Driver allocation directly impacts the success of Fleet strategies.
Analytics,Demand patterns,Demand patterns focuses on improving efficiency in Analytics processes.
Fleet,Fleet utilization,Using advanced techniques in Fleet utilization can enhance Fleet outcomes.
Analytics,Demand patterns,Demand patterns is critical for ensuring smooth Analytics operations.
Warehouse,Inventory management,Inventory management directly impacts the success of Warehouse strategies.
Warehouse,Inventory management,Inventory management directly impacts the success of Warehouse strategies.
Warehouse,Picking optimization,Picking optimization contributes to better decision-making in Warehouse.
Analytics,Demand patterns,Effective Demand patterns helps reduce operational costs in Analytics.
Analytics,Demand patterns,Demand patterns contributes to better decision-making in Analytics.
Warehouse,Picking optimization,Effective Picking optimization helps reduce operational costs in Warehouse.
Delivery,On-time delivery,Using advanced techniques in On-time delivery can enhance Delivery outcomes.
Delivery,On-time delivery,On-time delivery focuses on improving efficiency in Delivery processes.
Delivery,Delivery tracking,Organizations rely on Delivery tracking to streamline Delivery workflows.
Warehouse,Inventory management,Inventory management contributes to better decision-making in Warehouse.
Warehouse,Storage layout,Proper management of Storage layout improves overall Warehouse efficiency.
Analytics,Data insights,Proper management of Data insights improves overall Analytics efficiency.
Delivery,Customer communication,Proper management of Customer communication improves overall Delivery efficiency.
Routing,Time windows,Time windows plays a key role in optimizing Routing performance.
Fleet,Maintenance scheduling,Maintenance scheduling is critical for ensuring smooth Fleet operations.
Routing,Route optimization,Route optimization contributes to better decision-making in Routing.
Analytics,Demand patterns,Demand patterns contributes to better decision-making in Analytics.
Delivery,Customer communication,Customer communication contributes to better decision-making in Delivery.
Delivery,Proof of delivery,Organizations rely on Proof of delivery to streamline Delivery workflows.
Fleet,Vehicle capacity,Vehicle capacity directly impacts the success of Fleet strategies.
Delivery,Proof of delivery,Effective Proof of delivery helps reduce operational costs in Delivery.
Delivery,On-time delivery,On-time delivery focuses on improving efficiency in Delivery processes.
Warehouse,Storage layout,Storage layout focuses on improving efficiency in Warehouse processes.
Warehouse,Demand forecasting,Demand forecasting is critical for ensuring smooth Warehouse operations.
Warehouse,Picking optimization,Using advanced techniques in Picking optimization can enhance Warehouse outcomes.
Routing,Time windows,Time windows is critical for ensuring smooth Routing operations.
Routing,Route optimization,Effective Route optimization helps reduce operational costs in Routing.
Routing,Multi-stop planning,Multi-stop planning is critical for ensuring smooth Routing operations.
Analytics,Performance metrics,Optimizing Performance metrics can significantly boost Analytics productivity.
Fleet,Fuel efficiency,Proper management of Fuel efficiency improves overall Fleet efficiency.
Routing,Dynamic routing,Dynamic routing plays a key role in optimizing Routing performance.
Analytics,KPI tracking,Proper management of KPI tracking improves overall Analytics efficiency.
Delivery,On-time delivery,On-time delivery focuses on improving efficiency in Delivery processes.
Fleet,Maintenance scheduling,Maintenance scheduling plays a key role in optimizing Fleet performance.
Analytics,Data insights,Data insights plays a key role in optimizing Analytics performance.
Warehouse,Inventory management,Organizations rely on Inventory management to streamline Warehouse workflows.
Analytics,Data insights,Using advanced techniques in Data insights can enhance Analytics outcomes.
Delivery,On-time delivery,Optimizing On-time delivery can significantly boost Delivery productivity.
Warehouse,Inventory management,Proper management of Inventory management improves overall Warehouse efficiency.
Analytics,Cost optimization,Effective Cost optimization helps reduce operational costs in Analytics.
Warehouse,Inventory management,Inventory management plays a key role in optimizing Warehouse performance.
Fleet,Fuel efficiency,Fuel efficiency directly impacts the success of Fleet strategies.
Delivery,Delivery tracking,Delivery tracking directly impacts the success of Delivery strategies.
Routing,Time windows,Time windows directly impacts the success of Routing strategies.
Analytics,Cost optimization,Effective Cost optimization helps reduce operational costs in Analytics.
Warehouse,Storage layout,Using advanced techniques in Storage layout can enhance Warehouse outcomes.
Analytics,Data insights,Using advanced techniques in Data insights can enhance Analytics outcomes.
Routing,Time windows,Time windows focuses on improving efficiency in Routing processes.
Analytics,Demand patterns,Demand patterns focuses on improving efficiency in Analytics processes.
Fleet,Fleet utilization,Organizations rely on Fleet utilization to streamline Fleet workflows.
Warehouse,Storage layout,Organizations rely on Storage layout to streamline Warehouse workflows.
Warehouse,Stock replenishment,Stock replenishment contributes to better decision-making in Warehouse.
Warehouse,Picking optimization,Using advanced techniques in Picking optimization can enhance Warehouse outcomes.
Analytics,Data insights,Effective Data insights helps reduce operational costs in Analytics.
Warehouse,Demand forecasting,Using advanced techniques in Demand forecasting can enhance Warehouse outcomes.
Delivery,Failed deliveries,Failed deliveries directly impacts the success of Delivery strategies.
Delivery,Proof of delivery,Proof of delivery plays a key role in optimizing Delivery performance.
Analytics,Demand patterns,Demand patterns plays a key role in optimizing Analytics performance.
Warehouse,Storage layout,Organizations rely on Storage layout to streamline Warehouse workflows.
Warehouse,Stock replenishment,Stock replenishment plays a key role in optimizing Warehouse performance.
Warehouse,Picking optimization,Organizations rely on Picking optimization to streamline Warehouse workflows.
Delivery,Delivery tracking,Effective Delivery tracking helps reduce operational costs in Delivery.
Fleet,Fleet utilization,Fleet utilization contributes to better decision-making in Fleet.
Fleet,Vehicle capacity,Optimizing Vehicle capacity can significantly boost Fleet productivity.
Delivery,Customer communication,Customer communication directly impacts the success of Delivery strategies.
Warehouse,Storage layout,Storage layout contributes to better decision-making in Warehouse.
Analytics,Cost optimization,Proper management of Cost optimization improves overall Analytics efficiency.
Fleet,Maintenance scheduling,Proper management of Maintenance scheduling improves overall Fleet efficiency.
Warehouse,Demand forecasting,Using advanced techniques in Demand forecasting can enhance Warehouse outcomes.
Analytics,KPI tracking,Using advanced techniques in KPI tracking can enhance Analytics outcomes.
Analytics,Performance metrics,Performance metrics directly impacts the success of Analytics strategies.
Fleet,Fleet utilization,Fleet utilization contributes to better decision-making in Fleet.
Delivery,Delivery tracking,Proper management of Delivery tracking improves overall Delivery efficiency.
Fleet,Fleet utilization,Proper management of Fleet utilization improves overall Fleet efficiency.
Warehouse,Storage layout,Proper management of Storage layout improves overall Warehouse efficiency.
Warehouse,Inventory management,Inventory management focuses on improving efficiency in Warehouse processes.
Warehouse,Picking optimization,Optimizing Picking optimization can significantly boost Warehouse productivity.
Analytics,Cost optimization,Cost optimization plays a key role in optimizing Analytics performance.
Analytics,Cost optimization,Effective Cost optimization helps reduce operational costs in Analytics.
Warehouse,Inventory management,Optimizing Inventory management can significantly boost Warehouse productivity.
Warehouse,Stock replenishment,Stock replenishment is critical for ensuring smooth Warehouse operations.
Delivery,Customer communication,Using advanced techniques in Customer communication can enhance Delivery outcomes.
Warehouse,Stock replenishment,Using advanced techniques in Stock replenishment can enhance Warehouse outcomes.
Analytics,Cost optimization,Cost optimization contributes to better decision-making in Analytics.
Fleet,Driver allocation,Driver allocation is critical for ensuring smooth Fleet operations.
Delivery,Failed deliveries,Failed deliveries is critical for ensuring smooth Delivery operations.
Warehouse,Inventory management,Using advanced techniques in Inventory management can enhance Warehouse outcomes.
Analytics,Demand patterns,Demand patterns plays a key role in optimizing Analytics performance.
Routing,Multi-stop planning,Proper management of Multi-stop planning improves overall Routing efficiency.
Routing,Dynamic routing,Dynamic routing contributes to better decision-making in Routing.
Delivery,On-time delivery,On-time delivery contributes to better decision-making in Delivery.
Analytics,Cost optimization,Cost optimization is critical for ensuring smooth Analytics operations.
Delivery,Failed deliveries,Using advanced techniques in Failed deliveries can enhance Delivery outcomes.
Analytics,Demand patterns,Demand patterns contributes to better decision-making in Analytics.
Routing,Multi-stop planning,Proper management of Multi-stop planning improves overall Routing efficiency.
Fleet,Vehicle capacity,Vehicle capacity is critical for ensuring smooth Fleet operations.
Warehouse,Demand forecasting,Demand forecasting is critical for ensuring smooth Warehouse operations.
Routing,Multi-stop planning,Multi-stop planning is critical for ensuring smooth Routing operations.
Analytics,Performance metrics,Performance metrics focuses on improving efficiency in Analytics processes.
Analytics,Data insights,Effective Data insights helps reduce operational costs in Analytics.
Routing,Dynamic routing,Dynamic routing directly impacts the success of Routing strategies.
Routing,Time windows,Using advanced techniques in Time windows can enhance Routing outcomes.
Warehouse,Storage layout,Effective Storage layout helps reduce operational costs in Warehouse.
Delivery,On-time delivery,Organizations rely on On-time delivery to streamline Delivery workflows.
Fleet,Maintenance scheduling,Maintenance scheduling plays a key role in optimizing Fleet performance.
Warehouse,Inventory management,Inventory management focuses on improving efficiency in Warehouse processes.
Routing,Dynamic routing,Optimizing Dynamic routing can significantly boost Routing productivity.
Routing,Multi-stop planning,Proper management of Multi-stop planning improves overall Routing efficiency.
Routing,Multi-stop planning,Multi-stop planning focuses on improving efficiency in Routing processes.
Warehouse,Picking optimization,Optimizing Picking optimization can significantly boost Warehouse productivity.
Analytics,Performance metrics,Performance metrics directly impacts the success of Analytics strategies.
Fleet,Fuel efficiency,Fuel efficiency directly impacts the success of Fleet strategies.
Delivery,Proof of delivery,Effective Proof of delivery helps reduce operational costs in Delivery.
Routing,Dynamic routing,Using advanced techniques in Dynamic routing can enhance Routing outcomes.
Routing,Time windows,Using advanced techniques in Time windows can enhance Routing outcomes.
Analytics,Data insights,Effective Data insights helps reduce operational costs in Analytics.
Routing,Multi-stop planning,Multi-stop planning plays a key role in optimizing Routing performance.
Delivery,Proof of delivery,Proof of delivery focuses on improving efficiency in Delivery processes.
Analytics,Data insights,Optimizing Data insights can significantly boost Analytics productivity.
Delivery,Customer communication,Effective Customer communication helps reduce operational costs in Delivery.
Warehouse,Storage layout,Organizations rely on Storage layout to streamline Warehouse workflows.
Delivery,Proof of delivery,Proper management of Proof of delivery improves overall Delivery efficiency.
Analytics,Cost optimization,Cost optimization plays a key role in optimizing Analytics performance.
Fleet,Fleet utilization,Fleet utilization plays a key role in optimizing Fleet performance.
Routing,Dynamic routing,Proper management of Dynamic routing improves overall Routing efficiency.
Routing,Route optimization,Organizations rely on Route optimization to streamline Routing workflows.
Routing,Multi-stop planning,Multi-stop planning focuses on improving efficiency in Routing processes.
Analytics,Demand patterns,Proper management of Demand patterns improves overall Analytics efficiency.
Warehouse,Picking optimization,Picking optimization focuses on improving efficiency in Warehouse processes.
Fleet,Driver allocation,Proper management of Driver allocation improves overall Fleet efficiency.
Routing,Route optimization,Using advanced techniques in Route optimization can enhance Routing outcomes.
Delivery,Proof of delivery,Proof of delivery focuses on improving efficiency in Delivery processes.
Routing,Multi-stop planning,Multi-stop planning directly impacts the success of Routing strategies.
Fleet,Fleet utilization,Fleet utilization is critical for ensuring smooth Fleet operations.
Fleet,Maintenance scheduling,Using advanced techniques in Maintenance scheduling can enhance Fleet outcomes.
Routing,Dynamic routing,Effective Dynamic routing helps reduce operational costs in Routing.
Routing,Multi-stop planning,Multi-stop planning focuses on improving efficiency in Routing processes.
Warehouse,Demand forecasting,Demand forecasting plays a key role in optimizing Warehouse performance.
Fleet,Fleet utilization,Proper management of Fleet utilization improves overall Fleet efficiency.
Delivery,Proof of delivery,Proof of delivery focuses on improving efficiency in Delivery processes.
Warehouse,Demand forecasting,Demand forecasting contributes to better decision-making in Warehouse.
Fleet,Fuel efficiency,Optimizing Fuel efficiency can significantly boost Fleet productivity.
Analytics,Demand patterns,Proper management of Demand patterns improves overall Analytics efficiency.
Warehouse,Storage layout,Organizations rely on Storage layout to streamline Warehouse workflows.
Analytics,Data insights,Data insights plays a key role in optimizing Analytics performance.
Delivery,Failed deliveries,Failed deliveries plays a key role in optimizing Delivery performance.
Analytics,Data insights,Proper management of Data insights improves overall Analytics efficiency.
Warehouse,Inventory management,Proper management of Inventory management improves overall Warehouse efficiency.
Delivery,Failed deliveries,Failed deliveries focuses on improving efficiency in Delivery processes.
Fleet,Driver allocation,Driver allocation focuses on improving efficiency in Fleet processes.
Delivery,Failed deliveries,Effective Failed deliveries helps reduce operational costs in Delivery.
Routing,Time windows,Time windows plays a key role in optimizing Routing performance.
Warehouse,Storage layout,Organizations rely on Storage layout to streamline Warehouse workflows.
Routing,Multi-stop planning,Proper management of Multi-stop planning improves overall Routing efficiency.
Warehouse,Stock replenishment,Proper management of Stock replenishment improves overall Warehouse efficiency.
Warehouse,Storage layout,Storage layout is critical for ensuring smooth Warehouse operations.
Warehouse,Stock replenishment,Optimizing Stock replenishment can significantly boost Warehouse productivity.
Delivery,On-time delivery,On-time delivery contributes to better decision-making in Delivery.
Warehouse,Inventory management,Inventory management contributes to better decision-making in Warehouse.
Routing,Time windows,Organizations rely on Time windows to streamline Routing workflows.
Fleet,Maintenance scheduling,Using advanced techniques in Maintenance scheduling can enhance Fleet outcomes.
Routing,Last-mile delivery,Optimizing Last-mile delivery can significantly boost Routing productivity.
Routing,Route optimization,Route optimization plays a key role in optimizing Routing performance.
Routing,Time windows,Time windows directly impacts the success of Routing strategies.
Warehouse,Stock replenishment,Effective Stock replenishment helps reduce operational costs in Warehouse.
Fleet,Vehicle capacity,Optimizing Vehicle capacity can significantly boost Fleet productivity.
Delivery,On-time delivery,On-time delivery is critical for ensuring smooth Delivery operations.
Fleet,Fuel efficiency,Organizations rely on Fuel efficiency to streamline Fleet workflows.
Analytics,Cost optimization,Cost optimization directly impacts the success of Analytics strategies.
Analytics,KPI tracking,KPI tracking directly impacts the success of Analytics strategies.
Fleet,Maintenance scheduling,Maintenance scheduling directly impacts the success of Fleet strategies.
Warehouse,Inventory management,Inventory management focuses on improving efficiency in Warehouse processes.
Analytics,Demand patterns,Demand patterns is critical for ensuring smooth Analytics operations.
Routing,Multi-stop planning,Multi-stop planning focuses on improving efficiency in Routing processes.
Delivery,Proof of delivery,Optimizing Proof of delivery can significantly boost Delivery productivity.
Analytics,Performance metrics,Performance metrics contributes to better decision-making in Analytics.
Delivery,Delivery tracking,Delivery tracking contributes to better decision-making in Delivery.
Routing,Dynamic routing,Optimizing Dynamic routing can significantly boost Routing productivity.
Delivery,Delivery tracking,Delivery tracking directly impacts the success of Delivery strategies.
Warehouse,Demand forecasting,Demand forecasting contributes to better decision-making in Warehouse.
Analytics,KPI tracking,KPI tracking is critical for ensuring smooth Analytics operations.
Warehouse,Storage layout,Storage layout directly impacts the success of Warehouse strategies.
Routing,Multi-stop planning,Using advanced techniques in Multi-stop planning can enhance Routing outcomes.
Warehouse,Stock replenishment,Stock replenishment contributes to better decision-making in Warehouse.
Delivery,Delivery tracking,Delivery tracking is critical for ensuring smooth Delivery operations.
Analytics,Data insights,Effective Data insights helps reduce operational costs in Analytics.
Analytics,Data insights,Data insights plays a key role in optimizing Analytics performance.
Analytics,KPI tracking,KPI tracking focuses on improving efficiency in Analytics processes.
Routing,Last-mile delivery,Last-mile delivery contributes to better decision-making in Routing.
Delivery,Proof of delivery,Using advanced techniques in Proof of delivery can enhance Delivery outcomes.
Warehouse,Demand forecasting,Demand forecasting focuses on improving efficiency in Warehouse processes.
Delivery,Proof of delivery,Proof of delivery is critical for ensuring smooth Delivery operations.
Delivery,Customer communication,Customer communication plays a key role in optimizing Delivery performance.
Delivery,Failed deliveries,Using advanced techniques in Failed deliveries can enhance Delivery outcomes.
Warehouse,Storage layout,Using advanced techniques in Storage layout can enhance Warehouse outcomes.
Warehouse,Demand forecasting,Optimizing Demand forecasting can significantly boost Warehouse productivity.
Routing,Last-mile delivery,Last-mile delivery is critical for ensuring smooth Routing operations.
Routing,Multi-stop planning,Organizations rely on Multi-stop planning to streamline Routing workflows.
Fleet,Fleet utilization,Fleet utilization contributes to better decision-making in Fleet.
Analytics,Cost optimization,Cost optimization is critical for ensuring smooth Analytics operations.
Routing,Last-mile delivery,Last-mile delivery directly impacts the success of Routing strategies.
Warehouse,Storage layout,Optimizing Storage layout can significantly boost Warehouse productivity.
Routing,Multi-stop planning,Using advanced techniques in Multi-stop planning can enhance Routing outcomes.
Delivery,Proof of delivery,Proof of delivery is critical for ensuring smooth Delivery operations.
Warehouse,Inventory management,Proper management of Inventory management improves overall Warehouse efficiency.
Analytics,Performance metrics,Performance metrics is critical for ensuring smooth Analytics operations.
Routing,Last-mile delivery,Optimizing Last-mile delivery can significantly boost Routing productivity.
Analytics,KPI tracking,KPI tracking plays a key role in optimizing Analytics performance.
Routing,Multi-stop planning,Effective Multi-stop planning helps reduce operational costs in Routing.
Fleet,Fuel efficiency,Fuel efficiency is critical for ensuring smooth Fleet operations.
Delivery,Failed deliveries,Using advanced techniques in Failed deliveries can enhance Delivery outcomes.
Routing,Route optimization,Using advanced techniques in Route optimization can enhance Routing outcomes.
Analytics,Performance metrics,Proper management of Performance metrics improves overall Analytics efficiency.
Delivery,On-time delivery,Optimizing On-time delivery can significantly boost Delivery productivity.
Analytics,Cost optimization,Cost optimization contributes to better decision-making in Analytics.
Fleet,Driver allocation,Driver allocation plays a key role in optimizing Fleet performance.
Warehouse,Stock replenishment,Stock replenishment contributes to better decision-making in Warehouse.
Fleet,Fuel efficiency,Effective Fuel efficiency helps reduce operational costs in Fleet.
Analytics,Cost optimization,Cost optimization plays a key role in optimizing Analytics performance.
Fleet,Fuel efficiency,Effective Fuel efficiency helps reduce operational costs in Fleet.
Warehouse,Stock replenishment,Effective Stock replenishment helps reduce operational costs in Warehouse.
Fleet,Driver allocation,Driver allocation plays a key role in optimizing Fleet performance.
Warehouse,Picking optimization,Picking optimization plays a key role in optimizing Warehouse performance.
Warehouse,Inventory management,Proper management of Inventory management improves overall Warehouse efficiency.
Warehouse,Demand forecasting,Demand forecasting is critical for ensuring smooth Warehouse operations.
Routing,Route optimization,Route optimization is critical for ensuring smooth Routing operations.
Routing,Last-mile delivery,Organizations rely on Last-mile delivery to streamline Routing workflows.
Warehouse,Storage layout,Storage layout is critical for ensuring smooth Warehouse operations.
Fleet,Driver allocation,Driver allocation plays a key role in optimizing Fleet performance.
Routing,Dynamic routing,Proper management of Dynamic routing improves overall Routing efficiency.
Routing,Time windows,Optimizing Time windows can significantly boost Routing productivity.
Delivery,Delivery tracking,Using advanced techniques in Delivery tracking can enhance Delivery outcomes.
Routing,Time windows,Time windows is critical for ensuring smooth Routing operations.
Analytics,KPI tracking,KPI tracking focuses on improving efficiency in Analytics processes.
Analytics,KPI tracking,KPI tracking plays a key role in optimizing Analytics performance.
Routing,Route optimization,Route optimization contributes to better decision-making in Routing.
Routing,Multi-stop planning,Multi-stop planning contributes to better decision-making in Routing.
Analytics,Data insights,Data insights directly impacts the success of Analytics strategies.
Delivery,Customer communication,Customer communication contributes to better decision-making in Delivery.
Delivery,Delivery tracking,Delivery tracking is critical for ensuring smooth Delivery operations.
Fleet,Fuel efficiency,Effective Fuel efficiency helps reduce operational costs in Fleet.
Fleet,Driver allocation,Optimizing Driver allocation can significantly boost Fleet productivity.
Fleet,Fuel efficiency,Fuel efficiency contributes to better decision-making in Fleet.
Analytics,KPI tracking,KPI tracking focuses on improving efficiency in Analytics processes.
Analytics,Data insights,Data insights is critical for ensuring smooth Analytics operations.
Delivery,On-time delivery,Using advanced techniques in On-time delivery can enhance Delivery outcomes.
Analytics,Demand patterns,Demand patterns is critical for ensuring smooth Analytics operations.
Warehouse,Storage layout,Effective Storage layout helps reduce operational costs in Warehouse.
Analytics,Performance metrics,Performance metrics is critical for ensuring smooth Analytics operations.
Fleet,Driver allocation,Effective Driver allocation helps reduce operational costs in Fleet.
Warehouse,Storage layout,Storage layout directly impacts the success of Warehouse strategies.
Delivery,Delivery tracking,Delivery tracking directly impacts the success of Delivery strategies.
Fleet,Maintenance scheduling,Maintenance scheduling is critical for ensuring smooth Fleet operations.
Routing,Dynamic routing,Dynamic routing focuses on improving efficiency in Routing processes.
Delivery,Customer communication,Customer communication is critical for ensuring smooth Delivery operations.
Delivery,Delivery tracking,Using advanced techniques in Delivery tracking can enhance Delivery outcomes.
Warehouse,Picking optimization,Picking optimization is critical for ensuring smooth Warehouse operations.
Warehouse,Inventory management,Inventory management directly impacts the success of Warehouse strategies.
Routing,Dynamic routing,Dynamic routing contributes to better decision-making in Routing.
Routing,Multi-stop planning,Multi-stop planning plays a key role in optimizing Routing performance.
Analytics,Performance metrics,Performance metrics plays a key role in optimizing Analytics performance.
Fleet,Fuel efficiency,Fuel efficiency contributes to better decision-making in Fleet.
Analytics,KPI tracking,KPI tracking focuses on improving efficiency in Analytics processes.
Warehouse,Storage layout,Optimizing Storage layout can significantly boost Warehouse productivity.
Routing,Last-mile delivery,Last-mile delivery contributes to better decision-making in Routing.
Fleet,Maintenance scheduling,Effective Maintenance scheduling helps reduce operational costs in Fleet.
Fleet,Maintenance scheduling,Maintenance scheduling focuses on improving efficiency in Fleet processes.
Routing,Time windows,Effective Time windows helps reduce operational costs in Routing.
Routing,Route optimization,Route optimization is critical for ensuring smooth Routing operations.
Warehouse,Inventory management,Proper management of Inventory management improves overall Warehouse efficiency.
Routing,Dynamic routing,Proper management of Dynamic routing improves overall Routing efficiency.
Routing,Multi-stop planning,Multi-stop planning focuses on improving efficiency in Routing processes.
Fleet,Maintenance scheduling,Maintenance scheduling plays a key role in optimizing Fleet performance.
Routing,Multi-stop planning,Multi-stop planning focuses on improving efficiency in Routing processes.
Delivery,Delivery tracking,Using advanced techniques in Delivery tracking can enhance Delivery outcomes.
Delivery,Failed deliveries,Failed deliveries is critical for ensuring smooth Delivery operations.
Analytics,Demand patterns,Using advanced techniques in Demand patterns can enhance Analytics outcomes.
Analytics,Data insights,Data insights directly impacts the success of Analytics strategies.
Warehouse,Storage layout,Proper management of Storage layout improves overall Warehouse efficiency.
Analytics,Cost optimization,Cost optimization plays a key role in optimizing Analytics performance.
Routing,Dynamic routing,Effective Dynamic routing helps reduce operational costs in Routing.
Warehouse,Demand forecasting,Organizations rely on Demand forecasting to streamline Warehouse workflows.
Warehouse,Storage layout,Storage layout is critical for ensuring smooth Warehouse operations.
Fleet,Fleet utilization,Proper management of Fleet utilization improves overall Fleet efficiency.
Routing,Dynamic routing,Dynamic routing contributes to better decision-making in Routing.
Analytics,Cost optimization,Cost optimization focuses on improving efficiency in Analytics processes.
Delivery,Delivery tracking,Organizations rely on Delivery tracking to streamline Delivery workflows.
Warehouse,Demand forecasting,Optimizing Demand forecasting can significantly boost Warehouse productivity.
Delivery,Failed deliveries,Proper management of Failed deliveries improves overall Delivery efficiency.
Routing,Multi-stop planning,Multi-stop planning focuses on improving efficiency in Routing processes.
Analytics,Cost optimization,Proper management of Cost optimization improves overall Analytics efficiency.
Delivery,Proof of delivery,Using advanced techniques in Proof of delivery can enhance Delivery outcomes.
Routing,Route optimization,Route optimization is critical for ensuring smooth Routing operations.
Warehouse,Inventory management,Optimizing Inventory management can significantly boost Warehouse productivity.
Delivery,Failed deliveries,Proper management of Failed deliveries improves overall Delivery efficiency.
Warehouse,Demand forecasting,Organizations rely on Demand forecasting to streamline Warehouse workflows.
Analytics,Performance metrics,Performance metrics contributes to better decision-making in Analytics.
Analytics,KPI tracking,KPI tracking is critical for ensuring smooth Analytics operations.
Routing,Route optimization,Route optimization is critical for ensuring smooth Routing operations.
Analytics,KPI tracking,KPI tracking directly impacts the success of Analytics strategies.
Delivery,Failed deliveries,Failed deliveries directly impacts the success of Delivery strategies.
Delivery,On-time delivery,Organizations rely on On-time delivery to streamline Delivery workflows.
Routing,Time windows,Time windows contributes to better decision-making in Routing.
Warehouse,Stock replenishment,Stock replenishment is critical for ensuring smooth Warehouse operations.
Analytics,Cost optimization,Effective Cost optimization helps reduce operational costs in Analytics.
Warehouse,Inventory management,Effective Inventory management helps reduce operational costs in Warehouse.
Routing,Route optimization,Route optimization focuses on improving efficiency in Routing processes.
Fleet,Maintenance scheduling,Effective Maintenance scheduling helps reduce operational costs in Fleet.
Fleet,Maintenance scheduling,Effective Maintenance scheduling helps reduce operational costs in Fleet.
Fleet,Vehicle capacity,Vehicle capacity contributes to better decision-making in Fleet.
Warehouse,Storage layout,Storage layout is critical for ensuring smooth Warehouse operations.
Routing,Route optimization,Effective Route optimization helps reduce operational costs in Routing.
Routing,Time windows,Using advanced techniques in Time windows can enhance Routing outcomes.
Warehouse,Demand forecasting,Demand forecasting focuses on improving efficiency in Warehouse processes.
Delivery,On-time delivery,Optimizing On-time delivery can significantly boost Delivery productivity.
Analytics,Cost optimization,Optimizing Cost optimization can significantly boost Analytics productivity.
Routing,Multi-stop planning,Using advanced techniques in Multi-stop planning can enhance Routing outcomes.
Fleet,Fleet utilization,Fleet utilization contributes to better decision-making in Fleet.
Routing,Last-mile delivery,Last-mile delivery plays a key role in optimizing Routing performance.
Delivery,Failed deliveries,Proper management of Failed deliveries improves overall Delivery efficiency.
Analytics,Performance metrics,Organizations rely on Performance metrics to streamline Analytics workflows.
Routing,Route optimization,Route optimization is critical for ensuring smooth Routing operations.
Routing,Time windows,Time windows contributes to better decision-making in Routing.
Fleet,Driver allocation,Optimizing Driver allocation can significantly boost Fleet productivity.
Fleet,Fleet utilization,Fleet utilization contributes to better decision-making in Fleet.
Warehouse,Inventory management,Organizations rely on Inventory management to streamline Warehouse workflows.
Warehouse,Storage layout,Storage layout directly impacts the success of Warehouse strategies.
Warehouse,Storage layout,Storage layout focuses on improving efficiency in Warehouse processes.
Delivery,On-time delivery,Optimizing On-time delivery can significantly boost Delivery productivity.
Fleet,Driver allocation,Effective Driver allocation helps reduce operational costs in Fleet.
Warehouse,Inventory management,Inventory management is critical for ensuring smooth Warehouse operations.
Delivery,Customer communication,Customer communication directly impacts the success of Delivery strategies.
Delivery,Failed deliveries,Failed deliveries contributes to better decision-making in Delivery.
Routing,Multi-stop planning,Using advanced techniques in Multi-stop planning can enhance Routing outcomes.
Routing,Multi-stop planning,Optimizing Multi-stop planning can significantly boost Routing productivity.
Warehouse,Demand forecasting,Demand forecasting focuses on improving efficiency in Warehouse processes.
Delivery,Proof of delivery,Proof of delivery directly impacts the success of Delivery strategies.
Delivery,Failed deliveries,Failed deliveries plays a key role in optimizing Delivery performance.
Routing,Dynamic routing,Dynamic routing focuses on improving efficiency in Routing processes.
Warehouse,Inventory management,Inventory management focuses on improving efficiency in Warehouse processes.
Fleet,Fleet utilization,Proper management of Fleet utilization improves overall Fleet efficiency.
Analytics,KPI tracking,KPI tracking directly impacts the success of Analytics strategies.
Warehouse,Inventory management,Using advanced techniques in Inventory management can enhance Warehouse outcomes.
Routing,Last-mile delivery,Last-mile delivery directly impacts the success of Routing strategies.
Routing,Route optimization,Using advanced techniques in Route optimization can enhance Routing outcomes.
Analytics,Data insights,Data insights contributes to better decision-making in Analytics.
Warehouse,Demand forecasting,Optimizing Demand forecasting can significantly boost Warehouse productivity.
Delivery,Failed deliveries,Effective Failed deliveries helps reduce operational costs in Delivery.
Fleet,Maintenance scheduling,Maintenance scheduling directly impacts the success of Fleet strategies.
Routing,Last-mile delivery,Last-mile delivery contributes to better decision-making in Routing.
Routing,Dynamic routing,Dynamic routing focuses on improving efficiency in Routing processes.
Analytics,Demand patterns,Effective Demand patterns helps reduce operational costs in Analytics.
Routing,Last-mile delivery,Proper management of Last-mile delivery improves overall Routing efficiency.
Delivery,Delivery tracking,Optimizing Delivery tracking can significantly boost Delivery productivity.
Routing,Route optimization,Proper management of Route optimization improves overall Routing efficiency.
Fleet,Fleet utilization,Fleet utilization plays a key role in optimizing Fleet performance.
Analytics,Performance metrics,Performance metrics focuses on improving efficiency in Analytics processes.
Routing,Route optimization,Optimizing Route optimization can significantly boost Routing productivity.
Warehouse,Stock replenishment,Proper management of Stock replenishment improves overall Warehouse efficiency.
Warehouse,Demand forecasting,Demand forecasting directly impacts the success of Warehouse strategies.
Fleet,Vehicle capacity,Vehicle capacity is critical for ensuring smooth Fleet operations.
Warehouse,Storage layout,Storage layout directly impacts the success of Warehouse strategies.
Delivery,Customer communication,Organizations rely on Customer communication to streamline Delivery workflows.
Delivery,On-time delivery,Optimizing On-time delivery can significantly boost Delivery productivity.
Fleet,Fleet utilization,Fleet utilization focuses on improving efficiency in Fleet processes.
Fleet,Driver allocation,Optimizing Driver allocation can significantly boost Fleet productivity.
Fleet,Vehicle capacity,Vehicle capacity contributes to better decision-making in Fleet.
Routing,Dynamic routing,Proper management of Dynamic routing improves overall Routing efficiency.
Analytics,Demand patterns,Optimizing Demand patterns can significantly boost Analytics productivity.
Analytics,Cost optimization,Cost optimization focuses on improving efficiency in Analytics processes.
Routing,Route optimization,Route optimization contributes to better decision-making in Routing.
Warehouse,Demand forecasting,Effective Demand forecasting helps reduce operational costs in Warehouse.
Delivery,On-time delivery,On-time delivery is critical for ensuring smooth Delivery operations.
Warehouse,Storage layout,Optimizing Storage layout can significantly boost Warehouse productivity.
Delivery,Customer communication,Proper management of Customer communication improves overall Delivery efficiency.
Delivery,Failed deliveries,Failed deliveries contributes to better decision-making in Delivery.
Delivery,Failed deliveries,Failed deliveries contributes to better decision-making in Delivery.
Warehouse,Picking optimization,Picking optimization plays a key role in optimizing Warehouse performance.
Routing,Last-mile delivery,Proper management of Last-mile delivery improves overall Routing efficiency.
Fleet,Fuel efficiency,Fuel efficiency directly impacts the success of Fleet strategies.
Analytics,Demand patterns,Effective Demand patterns helps reduce operational costs in Analytics.
Delivery,Proof of delivery,Effective Proof of delivery helps reduce operational costs in Delivery.
Analytics,Data insights,Optimizing Data insights can significantly boost Analytics productivity.
Warehouse,Inventory management,Inventory management contributes to better decision-making in Warehouse.
Routing,Route optimization,Route optimization contributes to better decision-making in Routing.
Warehouse,Stock replenishment,Stock replenishment focuses on improving efficiency in Warehouse processes.
Warehouse,Storage layout,Organizations rely on Storage layout to streamline Warehouse workflows.
Warehouse,Demand forecasting,Demand forecasting contributes to better decision-making in Warehouse.
Analytics,Data insights,Data insights focuses on improving efficiency in Analytics processes.
Delivery,Customer communication,Using advanced techniques in Customer communication can enhance Delivery outcomes.
Analytics,Data insights,Data insights is critical for ensuring smooth Analytics operations.
Warehouse,Stock replenishment,Optimizing Stock replenishment can significantly boost Warehouse productivity.
Delivery,Failed deliveries,Failed deliveries directly impacts the success of Delivery strategies.
Analytics,Demand patterns,Demand patterns contributes to better decision-making in Analytics.
Analytics,Performance metrics,Proper management of Performance metrics improves overall Analytics efficiency.
Analytics,Demand patterns,Using advanced techniques in Demand patterns can enhance Analytics outcomes.
Delivery,Delivery tracking,Organizations rely on Delivery tracking to streamline Delivery workflows.
Routing,Last-mile delivery,Organizations rely on Last-mile delivery to streamline Routing workflows.
Routing,Last-mile delivery,Organizations rely on Last-mile delivery to streamline Routing workflows.
Delivery,Delivery tracking,Organizations rely on Delivery tracking to streamline Delivery workflows.
Delivery,Delivery tracking,Optimizing Delivery tracking can significantly boost Delivery productivity.
Routing,Dynamic routing,Proper management of Dynamic routing improves overall Routing efficiency.
Routing,Route optimization,Route optimization plays a key role in optimizing Routing performance.
Fleet,Vehicle capacity,Optimizing Vehicle capacity can significantly boost Fleet productivity.
Delivery,Delivery tracking,Proper management of Delivery tracking improves overall Delivery efficiency.
Analytics,KPI tracking,KPI tracking is critical for ensuring smooth Analytics operations.
Analytics,KPI tracking,KPI tracking directly impacts the success of Analytics strategies.
Warehouse,Inventory management,Effective Inventory management helps reduce operational costs in Warehouse.
Delivery,Failed deliveries,Failed deliveries directly impacts the success of Delivery strategies.
Routing,Multi-stop planning,Multi-stop planning is critical for ensuring smooth Routing operations.
Delivery,Delivery tracking,Organizations rely on Delivery tracking to streamline Delivery workflows.
Routing,Last-mile delivery,Last-mile delivery focuses on improving efficiency in Routing processes.
Routing,Route optimization,Route optimization plays a key role in optimizing Routing performance.
Analytics,Cost optimization,Cost optimization plays a key role in optimizing Analytics performance.
Warehouse,Picking optimization,Proper management of Picking optimization improves overall Warehouse efficiency.
Routing,Dynamic routing,Organizations rely on Dynamic routing to streamline Routing workflows.
Fleet,Maintenance scheduling,Proper management of Maintenance scheduling improves overall Fleet efficiency.
Fleet,Driver allocation,Organizations rely on Driver allocation to streamline Fleet workflows.
Routing,Last-mile delivery,Last-mile delivery directly impacts the success of Routing strategies.
Fleet,Vehicle capacity,Vehicle capacity contributes to better decision-making in Fleet.
Warehouse,Demand forecasting,Effective Demand forecasting helps reduce operational costs in Warehouse.
Routing,Route optimization,Organizations rely on Route optimization to streamline Routing workflows.
Delivery,On-time delivery,Organizations rely on On-time delivery to streamline Delivery workflows.
Warehouse,Stock replenishment,Organizations rely on Stock replenishment to streamline Warehouse workflows.
Fleet,Maintenance scheduling,Maintenance scheduling contributes to better decision-making in Fleet.
Routing,Time windows,Time windows focuses on improving efficiency in Routing processes.
Warehouse,Picking optimization,Proper management of Picking optimization improves overall Warehouse efficiency.
Delivery,On-time delivery,On-time delivery plays a key role in optimizing Delivery performance.
Fleet,Fleet utilization,Proper management of Fleet utilization improves overall Fleet efficiency.
Fleet,Fleet utilization,Effective Fleet utilization helps reduce operational costs in Fleet.
Delivery,Proof of delivery,Proper management of Proof of delivery improves overall Delivery efficiency.
Fleet,Vehicle capacity,Vehicle capacity focuses on improving efficiency in Fleet processes.
Fleet,Maintenance scheduling,Maintenance scheduling directly impacts the success of Fleet strategies.
Delivery,On-time delivery,On-time delivery contributes to better decision-making in Delivery.
Delivery,Proof of delivery,Proof of delivery plays a key role in optimizing Delivery performance.
Fleet,Vehicle capacity,Organizations rely on Vehicle capacity to streamline Fleet workflows.
Routing,Last-mile delivery,Last-mile delivery is critical for ensuring smooth Routing operations.
Delivery,Delivery tracking,Delivery tracking plays a key role in optimizing Delivery performance.
Fleet,Maintenance scheduling,Maintenance scheduling contributes to better decision-making in Fleet.
Delivery,Delivery tracking,Delivery tracking directly impacts the success of Delivery strategies.
Warehouse,Picking optimization,Picking optimization focuses on improving efficiency in Warehouse processes.
Fleet,Vehicle capacity,Proper management of Vehicle capacity improves overall Fleet efficiency.
Analytics,Performance metrics,Organizations rely on Performance metrics to streamline Analytics workflows.
Warehouse,Storage layout,Organizations rely on Storage layout to streamline Warehouse workflows.
Warehouse,Storage layout,Proper management of Storage layout improves overall Warehouse efficiency.
Warehouse,Stock replenishment,Stock replenishment is critical for ensuring smooth Warehouse operations.
Analytics,Demand patterns,Optimizing Demand patterns can significantly boost Analytics productivity.
Fleet,Maintenance scheduling,Maintenance scheduling directly impacts the success of Fleet strategies.
Analytics,Data insights,Data insights plays a key role in optimizing Analytics performance.
Warehouse,Picking optimization,Effective Picking optimization helps reduce operational costs in Warehouse.
Delivery,On-time delivery,On-time delivery plays a key role in optimizing Delivery performance.
Fleet,Fuel efficiency,Fuel efficiency focuses on improving efficiency in Fleet processes.
Analytics,KPI tracking,Using advanced techniques in KPI tracking can enhance Analytics outcomes.
Delivery,Failed deliveries,Failed deliveries directly impacts the success of Delivery strategies.
Fleet,Fleet utilization,Using advanced techniques in Fleet utilization can enhance Fleet outcomes.
Delivery,Proof of delivery,Organizations rely on Proof of delivery to streamline Delivery workflows.
Delivery,Failed deliveries,Using advanced techniques in Failed deliveries can enhance Delivery outcomes.
Fleet,Vehicle capacity,Vehicle capacity focuses on improving efficiency in Fleet processes.
Delivery,Proof of delivery,Proof of delivery directly impacts the success of Delivery strategies.
Warehouse,Inventory management,Inventory management focuses on improving efficiency in Warehouse processes.
Routing,Dynamic routing,Dynamic routing plays a key role in optimizing Routing performance.
Fleet,Driver allocation,Driver allocation directly impacts the success of Fleet strategies.
Analytics,Demand patterns,Optimizing Demand patterns can significantly boost Analytics productivity.
Warehouse,Inventory management,Inventory management directly impacts the success of Warehouse strategies.
Routing,Time windows,Time windows directly impacts the success of Routing strategies.
Warehouse,Storage layout,Using advanced techniques in Storage layout can enhance Warehouse outcomes.
Analytics,KPI tracking,KPI tracking directly impacts the success of Analytics strategies.
Fleet,Fleet utilization,Fleet utilization directly impacts the success of Fleet strategies.
Fleet,Fleet utilization,Effective Fleet utilization helps reduce operational costs in Fleet.
Warehouse,Storage layout,Optimizing Storage layout can significantly boost Warehouse productivity.
Fleet,Vehicle capacity,Vehicle capacity plays a key role in optimizing Fleet performance.
Fleet,Fuel efficiency,Proper management of Fuel efficiency improves overall Fleet efficiency.
Analytics,Performance metrics,Organizations rely on Performance metrics to streamline Analytics workflows.
Delivery,Failed deliveries,Failed deliveries plays a key role in optimizing Delivery performance.
Fleet,Fleet utilization,Proper management of Fleet utilization improves overall Fleet efficiency.
Delivery,On-time delivery,Organizations rely on On-time delivery to streamline Delivery workflows.
Fleet,Fuel efficiency,Fuel efficiency contributes to better decision-making in Fleet.
Warehouse,Demand forecasting,Demand forecasting directly impacts the success of Warehouse strategies.
Analytics,Cost optimization,Using advanced techniques in Cost optimization can enhance Analytics outcomes.
Routing,Dynamic routing,Dynamic routing plays a key role in optimizing Routing performance.
Warehouse,Storage layout,Effective Storage layout helps reduce operational costs in Warehouse.
Delivery,Customer communication,Optimizing Customer communication can significantly boost Delivery productivity.
Delivery,Delivery tracking,Organizations rely on Delivery tracking to streamline Delivery workflows.
Delivery,Failed deliveries,Organizations rely on Failed deliveries to streamline Delivery workflows.
Analytics,KPI tracking,KPI tracking plays a key role in optimizing Analytics performance.
Routing,Last-mile delivery,Proper management of Last-mile delivery improves overall Routing efficiency.
Warehouse,Storage layout,Storage layout contributes to better decision-making in Warehouse.
Routing,Multi-stop planning,Effective Multi-stop planning helps reduce operational costs in Routing.
Delivery,Failed deliveries,Failed deliveries directly impacts the success of Delivery strategies.
Warehouse,Demand forecasting,Proper management of Demand forecasting improves overall Warehouse efficiency.
Fleet,Fleet utilization,Using advanced techniques in Fleet utilization can enhance Fleet outcomes.
Fleet,Fuel efficiency,Fuel efficiency plays a key role in optimizing Fleet performance.
Routing,Time windows,Optimizing Time windows can significantly boost Routing productivity.
Fleet,Fuel efficiency,Fuel efficiency is critical for ensuring smooth Fleet operations.
Routing,Route optimization,Using advanced techniques in Route optimization can enhance Routing outcomes.
Analytics,Cost optimization,Cost optimization directly impacts the success of Analytics strategies.
Delivery,Delivery tracking,Proper management of Delivery tracking improves overall Delivery efficiency.
Routing,Last-mile delivery,Last-mile delivery focuses on improving efficiency in Routing processes.
Warehouse,Inventory management,Proper management of Inventory management improves overall Warehouse efficiency.
Routing,Route optimization,Route optimization is critical for ensuring smooth Routing operations.
Routing,Multi-stop planning,Proper management of Multi-stop planning improves overall Routing efficiency.
Delivery,Failed deliveries,Effective Failed deliveries helps reduce operational costs in Delivery.
Delivery,Failed deliveries,Optimizing Failed deliveries can significantly boost Delivery productivity.
Analytics,Demand patterns,Demand patterns directly impacts the success of Analytics strategies.
Delivery,On-time delivery,On-time delivery contributes to better decision-making in Delivery.
Analytics,Data insights,Data insights contributes to better decision-making in Analytics.
Routing,Multi-stop planning,Optimizing Multi-stop planning can significantly boost Routing productivity.
Fleet,Fuel efficiency,Fuel efficiency directly impacts the success of Fleet strategies.
Warehouse,Storage layout,Storage layout contributes to better decision-making in Warehouse.
Fleet,Vehicle capacity,Organizations rely on Vehicle capacity to streamline Fleet workflows.
Routing,Last-mile delivery,Optimizing Last-mile delivery can significantly boost Routing productivity.
Warehouse,Inventory management,Inventory management directly impacts the success of Warehouse strategies.
Fleet,Fleet utilization,Fleet utilization directly impacts the success of Fleet strategies.
Warehouse,Demand forecasting,Proper management of Demand forecasting improves overall Warehouse efficiency.
Routing,Time windows,Proper management of Time windows improves overall Routing efficiency.
Warehouse,Stock replenishment,Stock replenishment directly impacts the success of Warehouse strategies.
Delivery,Customer communication,Customer communication directly impacts the success of Delivery strategies.
Analytics,Demand patterns,Demand patterns focuses on improving efficiency in Analytics processes.
Routing,Route optimization,Effective Route optimization helps reduce operational costs in Routing.
Analytics,Performance metrics,Optimizing Performance metrics can significantly boost Analytics productivity.
Warehouse,Storage layout,Storage layout is critical for ensuring smooth Warehouse operations.
Analytics,Cost optimization,Cost optimization plays a key role in optimizing Analytics performance.
Delivery,On-time delivery,On-time delivery focuses on improving efficiency in Delivery processes.
Warehouse,Storage layout,Using advanced techniques in Storage layout can enhance Warehouse outcomes.
Warehouse,Demand forecasting,Using advanced techniques in Demand forecasting can enhance Warehouse outcomes.
Warehouse,Inventory management,Organizations rely on Inventory management to streamline Warehouse workflows.
Warehouse,Picking optimization,Effective Picking optimization helps reduce operational costs in Warehouse.
Fleet,Maintenance scheduling,Maintenance scheduling contributes to better decision-making in Fleet.
Fleet,Fleet utilization,Optimizing Fleet utilization can significantly boost Fleet productivity.
Warehouse,Stock replenishment,Effective Stock replenishment helps reduce operational costs in Warehouse.
Warehouse,Storage layout,Using advanced techniques in Storage layout can enhance Warehouse outcomes.
Delivery,Failed deliveries,Failed deliveries is critical for ensuring smooth Delivery operations.
Analytics,Cost optimization,Cost optimization plays a key role in optimizing Analytics performance.
Fleet,Vehicle capacity,Vehicle capacity directly impacts the success of Fleet strategies.
Warehouse,Inventory management,Inventory management directly impacts the success of Warehouse strategies.
Delivery,Delivery tracking,Using advanced techniques in Delivery tracking can enhance Delivery outcomes.
Routing,Time windows,Time windows directly impacts the success of Routing strategies.
Analytics,Demand patterns,Demand patterns contributes to better decision-making in Analytics.
Delivery,Customer communication,Optimizing Customer communication can significantly boost Delivery productivity.
Fleet,Driver allocation,Optimizing Driver allocation can significantly boost Fleet productivity.
Fleet,Vehicle capacity,Vehicle capacity directly impacts the success of Fleet strategies.
Analytics,KPI tracking,Proper management of KPI tracking improves overall Analytics efficiency.
Delivery,Failed deliveries,Failed deliveries contributes to better decision-making in Delivery.
Routing,Dynamic routing,Dynamic routing is critical for ensuring smooth Routing operations.
Fleet,Driver allocation,Proper management of Driver allocation improves overall Fleet efficiency.
Warehouse,Storage layout,Storage layout contributes to better decision-making in Warehouse.
Warehouse,Storage layout,Storage layout plays a key role in optimizing Warehouse performance.
Delivery,Customer communication,Proper management of Customer communication improves overall Delivery efficiency.
Analytics,Performance metrics,Using advanced techniques in Performance metrics can enhance Analytics outcomes.
Fleet,Driver allocation,Effective Driver allocation helps reduce operational costs in Fleet.
Analytics,Performance metrics,Proper management of Performance metrics improves overall Analytics efficiency.
Fleet,Vehicle capacity,Effective Vehicle capacity helps reduce operational costs in Fleet.
Fleet,Fleet utilization,Optimizing Fleet utilization can significantly boost Fleet productivity.
Routing,Dynamic routing,Dynamic routing focuses on improving efficiency in Routing processes.
Warehouse,Stock replenishment,Stock replenishment directly impacts the success of Warehouse strategies.
Warehouse,Storage layout,Storage layout plays a key role in optimizing Warehouse performance.
Analytics,Data insights,Data insights focuses on improving efficiency in Analytics processes.
Warehouse,Stock replenishment,Stock replenishment plays a key role in optimizing Warehouse performance.
Fleet,Fuel efficiency,Fuel efficiency focuses on improving efficiency in Fleet processes.
Delivery,Failed deliveries,Using advanced techniques in Failed deliveries can enhance Delivery outcomes.
Analytics,Data insights,Data insights is critical for ensuring smooth Analytics operations.
Warehouse,Inventory management,Inventory management is critical for ensuring smooth Warehouse operations.
Analytics,Performance metrics,Performance metrics focuses on improving efficiency in Analytics processes.
Routing,Time windows,Time windows plays a key role in optimizing Routing performance.
Routing,Dynamic routing,Proper management of Dynamic routing improves overall Routing efficiency.
Routing,Dynamic routing,Organizations rely on Dynamic routing to streamline Routing workflows.
Warehouse,Stock replenishment,Optimizing Stock replenishment can significantly boost Warehouse productivity.
Delivery,On-time delivery,Effective On-time delivery helps reduce operational costs in Delivery.
Fleet,Fuel efficiency,Fuel efficiency contributes to better decision-making in Fleet.
Routing,Multi-stop planning,Multi-stop planning is critical for ensuring smooth Routing operations.
Routing,Route optimization,Route optimization directly impacts the success of Routing strategies.
Warehouse,Storage layout,Storage layout focuses on improving efficiency in Warehouse processes.
Fleet,Driver allocation,Driver allocation contributes to better decision-making in Fleet.
Analytics,KPI tracking,KPI tracking directly impacts the success of Analytics strategies.
Routing,Last-mile delivery,Using advanced techniques in Last-mile delivery can enhance Routing outcomes.
Routing,Multi-stop planning,Multi-stop planning is critical for ensuring smooth Routing operations.
Routing,Time windows,Optimizing Time windows can significantly boost Routing productivity.
Analytics,Cost optimization,Organizations rely on Cost optimization to streamline Analytics workflows.
Warehouse,Stock replenishment,Effective Stock replenishment helps reduce operational costs in Warehouse.
Routing,Multi-stop planning,Multi-stop planning focuses on improving efficiency in Routing processes.
Routing,Dynamic routing,Effective Dynamic routing helps reduce operational costs in Routing.
Warehouse,Inventory management,Inventory management is critical for ensuring smooth Warehouse operations.
Fleet,Vehicle capacity,Proper management of Vehicle capacity improves overall Fleet efficiency.
Analytics,Performance metrics,Performance metrics is critical for ensuring smooth Analytics operations.
Warehouse,Picking optimization,Using advanced techniques in Picking optimization can enhance Warehouse outcomes.
Analytics,Cost optimization,Optimizing Cost optimization can significantly boost Analytics productivity.
Fleet,Vehicle capacity,Vehicle capacity contributes to better decision-making in Fleet.
Warehouse,Stock replenishment,Stock replenishment focuses on improving efficiency in Warehouse processes.
Routing,Dynamic routing,Dynamic routing is critical for ensuring smooth Routing operations.
Warehouse,Stock replenishment,Stock replenishment directly impacts the success of Warehouse strategies.
Analytics,Cost optimization,Cost optimization is critical for ensuring smooth Analytics operations.
Fleet,Maintenance scheduling,Maintenance scheduling contributes to better decision-making in Fleet.
Fleet,Fleet utilization,Effective Fleet utilization helps reduce operational costs in Fleet.
Fleet,Driver allocation,Driver allocation focuses on improving efficiency in Fleet processes.
Analytics,Demand patterns,Demand patterns directly impacts the success of Analytics strategies.
Delivery,Failed deliveries,Organizations rely on Failed deliveries to streamline Delivery workflows.
Delivery,Failed deliveries,Failed deliveries directly impacts the success of Delivery strategies.
Delivery,Delivery tracking,Delivery tracking focuses on improving efficiency in Delivery processes.
Warehouse,Inventory management,Inventory management contributes to better decision-making in Warehouse.
Delivery,Proof of delivery,Organizations rely on Proof of delivery to streamline Delivery workflows.
Warehouse,Stock replenishment,Stock replenishment is critical for ensuring smooth Warehouse operations.
Warehouse,Inventory management,Inventory management directly impacts the success of Warehouse strategies.
Delivery,On-time delivery,On-time delivery is critical for ensuring smooth Delivery operations.
Warehouse,Stock replenishment,Using advanced techniques in Stock replenishment can enhance Warehouse outcomes.
Delivery,Failed deliveries,Failed deliveries plays a key role in optimizing Delivery performance.
Routing,Multi-stop planning,Effective Multi-stop planning helps reduce operational costs in Routing.
Warehouse,Inventory management,Inventory management contributes to better decision-making in Warehouse.
Fleet,Fuel efficiency,Fuel efficiency plays a key role in optimizing Fleet performance.
Routing,Route optimization,Proper management of Route optimization improves overall Routing efficiency.
Delivery,Proof of delivery,Using advanced techniques in Proof of delivery can enhance Delivery outcomes.
Routing,Multi-stop planning,Proper management of Multi-stop planning improves overall Routing efficiency.
Warehouse,Storage layout,Using advanced techniques in Storage layout can enhance Warehouse outcomes.
Delivery,Proof of delivery,Optimizing Proof of delivery can significantly boost Delivery productivity.
Fleet,Maintenance scheduling,Optimizing Maintenance scheduling can significantly boost Fleet productivity.
Routing,Last-mile delivery,Last-mile delivery directly impacts the success of Routing strategies.
Routing,Dynamic routing,Using advanced techniques in Dynamic routing can enhance Routing outcomes.
Fleet,Fuel efficiency,Fuel efficiency focuses on improving efficiency in Fleet processes.
Fleet,Maintenance scheduling,Effective Maintenance scheduling helps reduce operational costs in Fleet.
Warehouse,Stock replenishment,Stock replenishment contributes to better decision-making in Warehouse.
Routing,Time windows,Proper management of Time windows improves overall Routing efficiency.
Analytics,Data insights,Using advanced techniques in Data insights can enhance Analytics outcomes.
Fleet,Maintenance scheduling,Organizations rely on Maintenance scheduling to streamline Fleet workflows.
Fleet,Fleet utilization,Using advanced techniques in Fleet utilization can enhance Fleet outcomes.
Delivery,Proof of delivery,Proof of delivery contributes to better decision-making in Delivery.
Fleet,Fleet utilization,Using advanced techniques in Fleet utilization can enhance Fleet outcomes.
Fleet,Maintenance scheduling,Optimizing Maintenance scheduling can significantly boost Fleet productivity.
Routing,Time windows,Time windows is critical for ensuring smooth Routing operations.
Warehouse,Stock replenishment,Proper management of Stock replenishment improves overall Warehouse efficiency.
Analytics,Performance metrics,Proper management of Performance metrics improves overall Analytics efficiency.
Warehouse,Demand forecasting,Demand forecasting contributes to better decision-making in Warehouse.
Fleet,Fleet utilization,Using advanced techniques in Fleet utilization can enhance Fleet outcomes.
Warehouse,Demand forecasting,Demand forecasting is critical for ensuring smooth Warehouse operations.
Delivery,Proof of delivery,Proof of delivery plays a key role in optimizing Delivery performance.
Analytics,Demand patterns,Effective Demand patterns helps reduce operational costs in Analytics.
Analytics,Cost optimization,Cost optimization plays a key role in optimizing Analytics performance.
Delivery,Customer communication,Customer communication directly impacts the success of Delivery strategies.
Warehouse,Inventory management,Inventory management contributes to better decision-making in Warehouse.
Fleet,Maintenance scheduling,Maintenance scheduling is critical for ensuring smooth Fleet operations.
Fleet,Driver allocation,Driver allocation focuses on improving efficiency in Fleet processes.
Analytics,Cost optimization,Optimizing Cost optimization can significantly boost Analytics productivity.
Warehouse,Stock replenishment,Stock replenishment plays a key role in optimizing Warehouse performance.
Warehouse,Storage layout,Storage layout directly impacts the success of Warehouse strategies.
Routing,Time windows,Proper management of Time windows improves overall Routing efficiency.
Delivery,On-time delivery,On-time delivery plays a key role in optimizing Delivery performance.
Delivery,Failed deliveries,Failed deliveries is critical for ensuring smooth Delivery operations.
Fleet,Vehicle capacity,Vehicle capacity focuses on improving efficiency in Fleet processes.
Routing,Last-mile delivery,Optimizing Last-mile delivery can significantly boost Routing productivity.
Fleet,Fleet utilization,Effective Fleet utilization helps reduce operational costs in Fleet.
Fleet,Fuel efficiency,Organizations rely on Fuel efficiency to streamline Fleet workflows.
Delivery,Customer communication,Customer communication is critical for ensuring smooth Delivery operations.
Warehouse,Demand forecasting,Effective Demand forecasting helps reduce operational costs in Warehouse.
Fleet,Vehicle capacity,Using advanced techniques in Vehicle capacity can enhance Fleet outcomes.
Delivery,Delivery tracking,Using advanced techniques in Delivery tracking can enhance Delivery outcomes.
Warehouse,Stock replenishment,Optimizing Stock replenishment can significantly boost Warehouse productivity.
Fleet,Fuel efficiency,Proper management of Fuel efficiency improves overall Fleet efficiency.
Analytics,Demand patterns,Demand patterns is critical for ensuring smooth Analytics operations.
Warehouse,Storage layout,Storage layout is critical for ensuring smooth Warehouse operations.
Delivery,Proof of delivery,Effective Proof of delivery helps reduce operational costs in Delivery.
Analytics,Demand patterns,Effective Demand patterns helps reduce operational costs in Analytics.
Warehouse,Demand forecasting,Effective Demand forecasting helps reduce operational costs in Warehouse.
Analytics,Demand patterns,Optimizing Demand patterns can significantly boost Analytics productivity.
Fleet,Maintenance scheduling,Maintenance scheduling plays a key role in optimizing Fleet performance.
Fleet,Driver allocation,Optimizing Driver allocation can significantly boost Fleet productivity.
Fleet,Maintenance scheduling,Proper management of Maintenance scheduling improves overall Fleet efficiency.
Warehouse,Picking optimization,Using advanced techniques in Picking optimization can enhance Warehouse outcomes.
Analytics,KPI tracking,KPI tracking directly impacts the success of Analytics strategies.
Routing,Time windows,Time windows contributes to better decision-making in Routing.
Warehouse,Inventory management,Inventory management contributes to better decision-making in Warehouse.
Routing,Last-mile delivery,Organizations rely on Last-mile delivery to streamline Routing workflows.
Fleet,Fuel efficiency,Effective Fuel efficiency helps reduce operational costs in Fleet.
Routing,Multi-stop planning,Effective Multi-stop planning helps reduce operational costs in Routing.
Analytics,Data insights,Data insights contributes to better decision-making in Analytics.
Warehouse,Storage layout,Storage layout focuses on improving efficiency in Warehouse processes.
Delivery,Customer communication,Organizations rely on Customer communication to streamline Delivery workflows.
Warehouse,Stock replenishment,Using advanced techniques in Stock replenishment can enhance Warehouse outcomes.
Analytics,Data insights,Data insights focuses on improving efficiency in Analytics processes.
Fleet,Driver allocation,Organizations rely on Driver allocation to streamline Fleet workflows.
Routing,Last-mile delivery,Using advanced techniques in Last-mile delivery can enhance Routing outcomes.
Fleet,Vehicle capacity,Vehicle capacity plays a key role in optimizing Fleet performance.
Warehouse,Stock replenishment,Effective Stock replenishment helps reduce operational costs in Warehouse.
Fleet,Vehicle capacity,Vehicle capacity is critical for ensuring smooth Fleet operations.
Warehouse,Storage layout,Organizations rely on Storage layout to streamline Warehouse workflows.
Fleet,Maintenance scheduling,Maintenance scheduling contributes to better decision-making in Fleet.
Analytics,Demand patterns,Demand patterns plays a key role in optimizing Analytics performance.
Analytics,Cost optimization,Proper management of Cost optimization improves overall Analytics efficiency.
Delivery,Failed deliveries,Using advanced techniques in Failed deliveries can enhance Delivery outcomes.
Warehouse,Stock replenishment,Stock replenishment is critical for ensuring smooth Warehouse operations.
Routing,Last-mile delivery,Last-mile delivery contributes to better decision-making in Routing.
Analytics,Cost optimization,Cost optimization is critical for ensuring smooth Analytics operations.
Delivery,Customer communication,Customer communication plays a key role in optimizing Delivery performance.
Analytics,Performance metrics,Performance metrics directly impacts the success of Analytics strategies.
Analytics,Data insights,Effective Data insights helps reduce operational costs in Analytics.
Routing,Time windows,Time windows focuses on improving efficiency in Routing processes.
Warehouse,Picking optimization,Picking optimization focuses on improving efficiency in Warehouse processes.
Fleet,Maintenance scheduling,Optimizing Maintenance scheduling can significantly boost Fleet productivity.
Analytics,Cost optimization,Cost optimization focuses on improving efficiency in Analytics processes.
Warehouse,Demand forecasting,Optimizing Demand forecasting can significantly boost Warehouse productivity.
Fleet,Fleet utilization,Optimizing Fleet utilization can significantly boost Fleet productivity.
Fleet,Driver allocation,Proper management of Driver allocation improves overall Fleet efficiency.
Fleet,Driver allocation,Driver allocation focuses on improving efficiency in Fleet processes.
Routing,Last-mile delivery,Last-mile delivery directly impacts the success of Routing strategies.
Fleet,Driver allocation,Organizations rely on Driver allocation to streamline Fleet workflows.
Fleet,Driver allocation,Effective Driver allocation helps reduce operational costs in Fleet.
Warehouse,Storage layout,Proper management of Storage layout improves overall Warehouse efficiency.
Fleet,Vehicle capacity,Vehicle capacity directly impacts the success of Fleet strategies.
Fleet,Driver allocation,Optimizing Driver allocation can significantly boost Fleet productivity.
Delivery,Customer communication,Customer communication is critical for ensuring smooth Delivery operations.
Delivery,Customer communication,Optimizing Customer communication can significantly boost Delivery productivity.
Analytics,KPI tracking,KPI tracking contributes to better decision-making in Analytics.
Warehouse,Demand forecasting,Demand forecasting directly impacts the success of Warehouse strategies.
Routing,Dynamic routing,Organizations rely on Dynamic routing to streamline Routing workflows.
Routing,Dynamic routing,Dynamic routing plays a key role in optimizing Routing performance.
Warehouse,Inventory management,Inventory management directly impacts the success of Warehouse strategies.
Analytics,Demand patterns,Demand patterns is critical for ensuring smooth Analytics operations.
Routing,Multi-stop planning,Multi-stop planning is critical for ensuring smooth Routing operations.
Analytics,KPI tracking,KPI tracking is critical for ensuring smooth Analytics operations.
Delivery,Failed deliveries,Failed deliveries directly impacts the success of Delivery strategies.
Analytics,KPI tracking,Using advanced techniques in KPI tracking can enhance Analytics outcomes.
Fleet,Vehicle capacity,Vehicle capacity contributes to better decision-making in Fleet.
Delivery,Delivery tracking,Delivery tracking contributes to better decision-making in Delivery.
Analytics,Performance metrics,Performance metrics directly impacts the success of Analytics strategies.
Fleet,Vehicle capacity,Effective Vehicle capacity helps reduce operational costs in Fleet.
Analytics,Performance metrics,Performance metrics focuses on improving efficiency in Analytics processes.
Delivery,Delivery tracking,Delivery tracking plays a key role in optimizing Delivery performance.
Warehouse,Stock replenishment,Organizations rely on Stock replenishment to streamline Warehouse workflows.
Fleet,Driver allocation,Driver allocation focuses on improving efficiency in Fleet processes.
Analytics,Cost optimization,Cost optimization directly impacts the success of Analytics strategies.
Analytics,Demand patterns,Organizations rely on Demand patterns to streamline Analytics workflows.
Analytics,Cost optimization,Cost optimization plays a key role in optimizing Analytics performance.
Delivery,Proof of delivery,Proof of delivery directly impacts the success of Delivery strategies.
Analytics,Data insights,Proper management of Data insights improves overall Analytics efficiency.
Delivery,On-time delivery,Proper management of On-time delivery improves overall Delivery efficiency.
Delivery,Failed deliveries,Failed deliveries contributes to better decision-making in Delivery.
Warehouse,Stock replenishment,Stock replenishment directly impacts the success of Warehouse strategies.
Delivery,On-time delivery,Effective On-time delivery helps reduce operational costs in Delivery.
Routing,Dynamic routing,Dynamic routing directly impacts the success of Routing strategies.
Delivery,Delivery tracking,Using advanced techniques in Delivery tracking can enhance Delivery outcomes.
Fleet,Fuel efficiency,Proper management of Fuel efficiency improves overall Fleet efficiency.
Routing,Route optimization,Optimizing Route optimization can significantly boost Routing productivity.
Analytics,Performance metrics,Organizations rely on Performance metrics to streamline Analytics workflows.
Warehouse,Picking optimization,Picking optimization plays a key role in optimizing Warehouse performance.
Fleet,Driver allocation,Organizations rely on Driver allocation to streamline Fleet workflows.
Delivery,Proof of delivery,Organizations rely on Proof of delivery to streamline Delivery workflows.
Fleet,Vehicle capacity,Organizations rely on Vehicle capacity to streamline Fleet workflows.
Fleet,Fleet utilization,Effective Fleet utilization helps reduce operational costs in Fleet.
Delivery,On-time delivery,Organizations rely on On-time delivery to streamline Delivery workflows.
Analytics,Data insights,Effective Data insights helps reduce operational costs in Analytics.
Routing,Time windows,Effective Time windows helps reduce operational costs in Routing.
Fleet,Vehicle capacity,Vehicle capacity directly impacts the success of Fleet strategies.
Routing,Last-mile delivery,Last-mile delivery focuses on improving efficiency in Routing processes.
Warehouse,Inventory management,Using advanced techniques in Inventory management can enhance Warehouse outcomes.
Routing,Dynamic routing,Dynamic routing contributes to better decision-making in Routing.
Warehouse,Inventory management,Proper management of Inventory management improves overall Warehouse efficiency.
Warehouse,Storage layout,Storage layout directly impacts the success of Warehouse strategies.
Warehouse,Storage layout,Storage layout focuses on improving efficiency in Warehouse processes.
Analytics,Demand patterns,Demand patterns focuses on improving efficiency in Analytics processes.
Warehouse,Storage layout,Proper management of Storage layout improves overall Warehouse efficiency.
Delivery,Proof of delivery,Proper management of Proof of delivery improves overall Delivery efficiency.
Warehouse,Storage layout,Storage layout directly impacts the success of Warehouse strategies.
Warehouse,Storage layout,Proper management of Storage layout improves overall Warehouse efficiency.
Routing,Dynamic routing,Dynamic routing plays a key role in optimizing Routing performance.
Warehouse,Demand forecasting,Demand forecasting focuses on improving efficiency in Warehouse processes.
Analytics,Data insights,Organizations rely on Data insights to streamline Analytics workflows.
Routing,Route optimization,Route optimization plays a key role in optimizing Routing performance.
Fleet,Vehicle capacity,Effective Vehicle capacity helps reduce operational costs in Fleet.
Analytics,Data insights,Optimizing Data insights can significantly boost Analytics productivity.
Routing,Route optimization,Route optimization contributes to better decision-making in Routing.
Routing,Multi-stop planning,Multi-stop planning contributes to better decision-making in Routing.
Warehouse,Inventory management,Inventory management focuses on improving efficiency in Warehouse processes.
Fleet,Vehicle capacity,Organizations rely on Vehicle capacity to streamline Fleet workflows.
Warehouse,Demand forecasting,Demand forecasting plays a key role in optimizing Warehouse performance.
Analytics,Performance metrics,Performance metrics focuses on improving efficiency in Analytics processes.
Routing,Time windows,Organizations rely on Time windows to streamline Routing workflows.
Warehouse,Stock replenishment,Stock replenishment directly impacts the success of Warehouse strategies.
Routing,Dynamic routing,Optimizing Dynamic routing can significantly boost Routing productivity.
Analytics,Data insights,Data insights directly impacts the success of Analytics strategies.
Warehouse,Storage layout,Proper management of Storage layout improves overall Warehouse efficiency.
Fleet,Driver allocation,Organizations rely on Driver allocation to streamline Fleet workflows.
Analytics,KPI tracking,Effective KPI tracking helps reduce operational costs in Analytics.
Warehouse,Inventory management,Inventory management directly impacts the success of Warehouse strategies.
Fleet,Fleet utilization,Fleet utilization plays a key role in optimizing Fleet performance.
Analytics,KPI tracking,Effective KPI tracking helps reduce operational costs in Analytics.
Delivery,Customer communication,Organizations rely on Customer communication to streamline Delivery workflows.
Delivery,On-time delivery,Using advanced techniques in On-time delivery can enhance Delivery outcomes.
Fleet,Vehicle capacity,Optimizing Vehicle capacity can significantly boost Fleet productivity.
Routing,Dynamic routing,Dynamic routing plays a key role in optimizing Routing performance.
Fleet,Vehicle capacity,Organizations rely on Vehicle capacity to streamline Fleet workflows.
Warehouse,Inventory management,Proper management of Inventory management improves overall Warehouse efficiency.
Delivery,Delivery tracking,Using advanced techniques in Delivery tracking can enhance Delivery outcomes.
Delivery,On-time delivery,On-time delivery contributes to better decision-making in Delivery.
Routing,Last-mile delivery,Last-mile delivery directly impacts the success of Routing strategies.
Analytics,KPI tracking,Proper management of KPI tracking improves overall Analytics efficiency.
Analytics,Data insights,Optimizing Data insights can significantly boost Analytics productivity.
Delivery,Proof of delivery,Using advanced techniques in Proof of delivery can enhance Delivery outcomes.
Delivery,Delivery tracking,Using advanced techniques in Delivery tracking can enhance Delivery outcomes.
Fleet,Maintenance scheduling,Optimizing Maintenance scheduling can significantly boost Fleet productivity.
Fleet,Maintenance scheduling,Maintenance scheduling focuses on improving efficiency in Fleet processes.
Routing,Last-mile delivery,Last-mile delivery is critical for ensuring smooth Routing operations.
Delivery,Proof of delivery,Proper management of Proof of delivery improves overall Delivery efficiency.
Delivery,Failed deliveries,Using advanced techniques in Failed deliveries can enhance Delivery outcomes.
Routing,Multi-stop planning,Multi-stop planning is critical for ensuring smooth Routing operations.
Delivery,Delivery tracking,Organizations rely on Delivery tracking to streamline Delivery workflows.
Analytics,Cost optimization,Optimizing Cost optimization can significantly boost Analytics productivity.
Routing,Dynamic routing,Dynamic routing contributes to better decision-making in Routing.
Analytics,KPI tracking,KPI tracking directly impacts the success of Analytics strategies.
Routing,Multi-stop planning,Multi-stop planning directly impacts the success of Routing strategies.
Fleet,Vehicle capacity,Vehicle capacity plays a key role in optimizing Fleet performance.
Analytics,Demand patterns,Effective Demand patterns helps reduce operational costs in Analytics.
Routing,Route optimization,Route optimization is critical for ensuring smooth Routing operations.
Routing,Time windows,Time windows plays a key role in optimizing Routing performance.
Warehouse,Demand forecasting,Demand forecasting is critical for ensuring smooth Warehouse operations.
Delivery,Customer communication,Customer communication focuses on improving efficiency in Delivery processes.
Fleet,Fuel efficiency,Fuel efficiency contributes to better decision-making in Fleet.
Delivery,Failed deliveries,Optimizing Failed deliveries can significantly boost Delivery productivity.
Fleet,Driver allocation,Driver allocation directly impacts the success of Fleet strategies.
Delivery,Failed deliveries,Failed deliveries contributes to better decision-making in Delivery.
Analytics,Cost optimization,Cost optimization contributes to better decision-making in Analytics.
Analytics,KPI tracking,Effective KPI tracking helps reduce operational costs in Analytics.
Routing,Last-mile delivery,Effective Last-mile delivery helps reduce operational costs in Routing.
Routing,Time windows,Optimizing Time windows can significantly boost Routing productivity.
Routing,Route optimization,Route optimization contributes to better decision-making in Routing.
Delivery,On-time delivery,On-time delivery plays a key role in optimizing Delivery performance.
Analytics,Data insights,Data insights plays a key role in optimizing Analytics performance.
Warehouse,Stock replenishment,Proper management of Stock replenishment improves overall Warehouse efficiency.
Routing,Route optimization,Optimizing Route optimization can significantly boost Routing productivity.
Fleet,Fleet utilization,Fleet utilization contributes to better decision-making in Fleet.
Delivery,On-time delivery,On-time delivery directly impacts the success of Delivery strategies.
Warehouse,Stock replenishment,Stock replenishment contributes to better decision-making in Warehouse.
Delivery,On-time delivery,On-time delivery is critical for ensuring smooth Delivery operations.
Routing,Time windows,Time windows directly impacts the success of Routing strategies.
Routing,Time windows,Organizations rely on Time windows to streamline Routing workflows.
Delivery,Customer communication,Customer communication directly impacts the success of Delivery strategies.
Warehouse,Demand forecasting,Optimizing Demand forecasting can significantly boost Warehouse productivity.
Delivery,On-time delivery,On-time delivery directly impacts the success of Delivery strategies.
Analytics,Data insights,Data insights plays a key role in optimizing Analytics performance.
Delivery,On-time delivery,On-time delivery focuses on improving efficiency in Delivery processes.
Warehouse,Demand forecasting,Using advanced techniques in Demand forecasting can enhance Warehouse outcomes.
Delivery,On-time delivery,Effective On-time delivery helps reduce operational costs in Delivery.
Analytics,Performance metrics,Using advanced techniques in Performance metrics can enhance Analytics outcomes.
Analytics,KPI tracking,Optimizing KPI tracking can significantly boost Analytics productivity.
Analytics,Performance metrics,Performance metrics plays a key role in optimizing Analytics performance.
Delivery,Customer communication,Customer communication focuses on improving efficiency in Delivery processes.
Analytics,KPI tracking,Organizations rely on KPI tracking to streamline Analytics workflows.
Fleet,Driver allocation,Driver allocation plays a key role in optimizing Fleet performance.
Analytics,Demand patterns,Demand patterns directly impacts the success of Analytics strategies.
Analytics,Data insights,Using advanced techniques in Data insights can enhance Analytics outcomes.
Delivery,Proof of delivery,Optimizing Proof of delivery can significantly boost Delivery productivity.
Delivery,Customer communication,Customer communication is critical for ensuring smooth Delivery operations.
Routing,Last-mile delivery,Proper management of Last-mile delivery improves overall Routing efficiency.
Fleet,Maintenance scheduling,Maintenance scheduling plays a key role in optimizing Fleet performance.
Warehouse,Picking optimization,Picking optimization is critical for ensuring smooth Warehouse operations.
Delivery,Failed deliveries,Failed deliveries plays a key role in optimizing Delivery performance.
Routing,Last-mile delivery,Organizations rely on Last-mile delivery to streamline Routing workflows.
Fleet,Maintenance scheduling,Using advanced techniques in Maintenance scheduling can enhance Fleet outcomes.
Analytics,Demand patterns,Demand patterns plays a key role in optimizing Analytics performance.
Delivery,Failed deliveries,Effective Failed deliveries helps reduce operational costs in Delivery.
Warehouse,Picking optimization,Picking optimization focuses on improving efficiency in Warehouse processes.
Fleet,Maintenance scheduling,Maintenance scheduling is critical for ensuring smooth Fleet operations.
Routing,Dynamic routing,Dynamic routing focuses on improving efficiency in Routing processes.
Delivery,Customer communication,Customer communication directly impacts the success of Delivery strategies.
Warehouse,Storage layout,Storage layout is critical for ensuring smooth Warehouse operations.
Delivery,Failed deliveries,Failed deliveries contributes to better decision-making in Delivery.
Warehouse,Picking optimization,Picking optimization focuses on improving efficiency in Warehouse processes.
Routing,Time windows,Time windows directly impacts the success of Routing strategies.
Delivery,Customer communication,Customer communication directly impacts the success of Delivery strategies.
Warehouse,Stock replenishment,Organizations rely on Stock replenishment to streamline Warehouse workflows.
Fleet,Fuel efficiency,Organizations rely on Fuel efficiency to streamline Fleet workflows.
Analytics,Demand patterns,Demand patterns contributes to better decision-making in Analytics.
Analytics,Performance metrics,Using advanced techniques in Performance metrics can enhance Analytics outcomes.
Routing,Multi-stop planning,Multi-stop planning focuses on improving efficiency in Routing processes.
Fleet,Maintenance scheduling,Maintenance scheduling directly impacts the success of Fleet strategies.
Fleet,Driver allocation,Proper management of Driver allocation improves overall Fleet efficiency.
Analytics,Performance metrics,Performance metrics focuses on improving efficiency in Analytics processes.
Fleet,Driver allocation,Using advanced techniques in Driver allocation can enhance Fleet outcomes.
Routing,Multi-stop planning,Multi-stop planning is critical for ensuring smooth Routing operations.
Warehouse,Stock replenishment,Proper management of Stock replenishment improves overall Warehouse efficiency.
Analytics,Demand patterns,Organizations rely on Demand patterns to streamline Analytics workflows.
Routing,Last-mile delivery,Last-mile delivery contributes to better decision-making in Routing.
Delivery,Proof of delivery,Proof of delivery contributes to better decision-making in Delivery.
Fleet,Driver allocation,Using advanced techniques in Driver allocation can enhance Fleet outcomes.
Analytics,Performance metrics,Performance metrics plays a key role in optimizing Analytics performance.
Warehouse,Storage layout,Storage layout directly impacts the success of Warehouse strategies.
Routing,Time windows,Time windows directly impacts the success of Routing strategies.
Analytics,Demand patterns,Demand patterns directly impacts the success of Analytics strategies.
Warehouse,Inventory management,Inventory management focuses on improving efficiency in Warehouse processes.
Warehouse,Demand forecasting,Using advanced techniques in Demand forecasting can enhance Warehouse outcomes.
Analytics,Cost optimization,Cost optimization is critical for ensuring smooth Analytics operations.
Fleet,Driver allocation,Effective Driver allocation helps reduce operational costs in Fleet.
Fleet,Driver allocation,Effective Driver allocation helps reduce operational costs in Fleet.
Delivery,Proof of delivery,Organizations rely on Proof of delivery to streamline Delivery workflows.
Delivery,Proof of delivery,Proof of delivery is critical for ensuring smooth Delivery operations.
Delivery,Delivery tracking,Delivery tracking focuses on improving efficiency in Delivery processes.
Routing,Route optimization,Proper management of Route optimization improves overall Routing efficiency.
Fleet,Fuel efficiency,Fuel efficiency is critical for ensuring smooth Fleet operations.
Analytics,Data insights,Data insights directly impacts the success of Analytics strategies.
Delivery,Proof of delivery,Proof of delivery plays a key role in optimizing Delivery performance.
Analytics,Performance metrics,Using advanced techniques in Performance metrics can enhance Analytics outcomes.
Fleet,Driver allocation,Organizations rely on Driver allocation to streamline Fleet workflows.
Delivery,Delivery tracking,Organizations rely on Delivery tracking to streamline Delivery workflows.
Fleet,Driver allocation,Using advanced techniques in Driver allocation can enhance Fleet outcomes.
Delivery,On-time delivery,On-time delivery directly impacts the success of Delivery strategies.
Analytics,Demand patterns,Proper management of Demand patterns improves overall Analytics efficiency.
Delivery,Proof of delivery,Effective Proof of delivery helps reduce operational costs in Delivery.
Analytics,Cost optimization,Cost optimization is critical for ensuring smooth Analytics operations.
Analytics,Cost optimization,Cost optimization contributes to better decision-making in Analytics.
Warehouse,Inventory management,Inventory management is critical for ensuring smooth Warehouse operations.
Warehouse,Storage layout,Organizations rely on Storage layout to streamline Warehouse workflows.
Routing,Last-mile delivery,Using advanced techniques in Last-mile delivery can enhance Routing outcomes.
Fleet,Fleet utilization,Using advanced techniques in Fleet utilization can enhance Fleet outcomes.
Fleet,Driver allocation,Organizations rely on Driver allocation to streamline Fleet workflows.
Warehouse,Picking optimization,Effective Picking optimization helps reduce operational costs in Warehouse.
Analytics,KPI tracking,KPI tracking contributes to better decision-making in Analytics.
Analytics,Performance metrics,Effective Performance metrics helps reduce operational costs in Analytics.
Routing,Multi-stop planning,Organizations rely on Multi-stop planning to streamline Routing workflows.
Analytics,Cost optimization,Cost optimization directly impacts the success of Analytics strategies.
Fleet,Driver allocation,Driver allocation is critical for ensuring smooth Fleet operations.
Fleet,Maintenance scheduling,Organizations rely on Maintenance scheduling to streamline Fleet workflows.
Routing,Last-mile delivery,Optimizing Last-mile delivery can significantly boost Routing productivity.
Fleet,Fuel efficiency,Proper management of Fuel efficiency improves overall Fleet efficiency.
Analytics,Demand patterns,Proper management of Demand patterns improves overall Analytics efficiency.
Analytics,Demand patterns,Effective Demand patterns helps reduce operational costs in Analytics.
Routing,Last-mile delivery,Organizations rely on Last-mile delivery to streamline Routing workflows.
Fleet,Fleet utilization,Using advanced techniques in Fleet utilization can enhance Fleet outcomes.
Warehouse,Storage layout,Storage layout is critical for ensuring smooth Warehouse operations.
Routing,Last-mile delivery,Optimizing Last-mile delivery can significantly boost Routing productivity.
Routing,Time windows,Using advanced techniques in Time windows can enhance Routing outcomes.
Delivery,Delivery tracking,Using advanced techniques in Delivery tracking can enhance Delivery outcomes.
Fleet,Vehicle capacity,Vehicle capacity focuses on improving efficiency in Fleet processes.
Routing,Route optimization,Proper management of Route optimization improves overall Routing efficiency.
Delivery,On-time delivery,Proper management of On-time delivery improves overall Delivery efficiency.
Analytics,KPI tracking,KPI tracking focuses on improving efficiency in Analytics processes.
Fleet,Fuel efficiency,Optimizing Fuel efficiency can significantly boost Fleet productivity.
Routing,Time windows,Time windows focuses on improving efficiency in Routing processes.
Warehouse,Storage layout,Storage layout directly impacts the success of Warehouse strategies.
Delivery,Customer communication,Customer communication is critical for ensuring smooth Delivery operations.
Routing,Route optimization,Route optimization focuses on improving efficiency in Routing processes.
Routing,Last-mile delivery,Organizations rely on Last-mile delivery to streamline Routing workflows.
Warehouse,Storage layout,Storage layout is critical for ensuring smooth Warehouse operations.
Fleet,Maintenance scheduling,Maintenance scheduling contributes to better decision-making in Fleet.
Warehouse,Inventory management,Optimizing Inventory management can significantly boost Warehouse productivity.
Warehouse,Picking optimization,Picking optimization plays a key role in optimizing Warehouse performance.
Warehouse,Picking optimization,Organizations rely on Picking optimization to streamline Warehouse workflows.
Analytics,Demand patterns,Demand patterns plays a key role in optimizing Analytics performance.
Routing,Multi-stop planning,Multi-stop planning plays a key role in optimizing Routing performance.
Routing,Time windows,Time windows contributes to better decision-making in Routing.
Fleet,Fleet utilization,Fleet utilization contributes to better decision-making in Fleet.
Delivery,Customer communication,Using advanced techniques in Customer communication can enhance Delivery outcomes.
Fleet,Maintenance scheduling,Maintenance scheduling directly impacts the success of Fleet strategies.
Delivery,Customer communication,Optimizing Customer communication can significantly boost Delivery productivity.
Analytics,Cost optimization,Organizations rely on Cost optimization to streamline Analytics workflows.
Fleet,Fleet utilization,Fleet utilization focuses on improving efficiency in Fleet processes.
Warehouse,Stock replenishment,Stock replenishment is critical for ensuring smooth Warehouse operations.
Warehouse,Inventory management,Proper management of Inventory management improves overall Warehouse efficiency.
Analytics,Demand patterns,Proper management of Demand patterns improves overall Analytics efficiency.
Delivery,Customer communication,Optimizing Customer communication can significantly boost Delivery productivity.
Delivery,Customer communication,Customer communication plays a key role in optimizing Delivery performance.
Warehouse,Picking optimization,Picking optimization contributes to better decision-making in Warehouse.
Analytics,Performance metrics,Organizations rely on Performance metrics to streamline Analytics workflows.
Routing,Time windows,Proper management of Time windows improves overall Routing efficiency.
Warehouse,Demand forecasting,Proper management of Demand forecasting improves overall Warehouse efficiency.
Fleet,Fleet utilization,Proper management of Fleet utilization improves overall Fleet efficiency.
Routing,Multi-stop planning,Multi-stop planning is critical for ensuring smooth Routing operations.
Routing,Multi-stop planning,Organizations rely on Multi-stop planning to streamline Routing workflows.
Warehouse,Demand forecasting,Effective Demand forecasting helps reduce operational costs in Warehouse.
Analytics,KPI tracking,KPI tracking contributes to better decision-making in Analytics.
Routing,Multi-stop planning,Multi-stop planning focuses on improving efficiency in Routing processes.
Routing,Multi-stop planning,Multi-stop planning is critical for ensuring smooth Routing operations.
Warehouse,Stock replenishment,Stock replenishment plays a key role in optimizing Warehouse performance.
Delivery,On-time delivery,On-time delivery plays a key role in optimizing Delivery performance.
Routing,Dynamic routing,Dynamic routing directly impacts the success of Routing strategies.
Delivery,On-time delivery,On-time delivery focuses on improving efficiency in Delivery processes.
Analytics,KPI tracking,Proper management of KPI tracking improves overall Analytics efficiency.
Analytics,Data insights,Data insights focuses on improving efficiency in Analytics processes.
Analytics,KPI tracking,KPI tracking focuses on improving efficiency in Analytics processes.
Warehouse,Inventory management,Proper management of Inventory management improves overall Warehouse efficiency.
Routing,Time windows,Time windows is critical for ensuring smooth Routing operations.
Analytics,KPI tracking,Proper management of KPI tracking improves overall Analytics efficiency.
Routing,Time windows,Optimizing Time windows can significantly boost Routing productivity.
Warehouse,Picking optimization,Organizations rely on Picking optimization to streamline Warehouse workflows.
Delivery,Proof of delivery,Proper management of Proof of delivery improves overall Delivery efficiency.
Fleet,Fleet utilization,Fleet utilization plays a key role in optimizing Fleet performance.
Routing,Dynamic routing,Dynamic routing focuses on improving efficiency in Routing processes.
Fleet,Fuel efficiency,Fuel efficiency directly impacts the success of Fleet strategies.
Analytics,Data insights,Using advanced techniques in Data insights can enhance Analytics outcomes.
Warehouse,Demand forecasting,Organizations rely on Demand forecasting to streamline Warehouse workflows.
Fleet,Fleet utilization,Fleet utilization is critical for ensuring smooth Fleet operations.
Warehouse,Stock replenishment,Organizations rely on Stock replenishment to streamline Warehouse workflows.
Routing,Multi-stop planning,Multi-stop planning plays a key role in optimizing Routing performance.
Analytics,Data insights,Data insights is critical for ensuring smooth Analytics operations.
Warehouse,Storage layout,Organizations rely on Storage layout to streamline Warehouse workflows.
Warehouse,Storage layout,Storage layout is critical for ensuring smooth Warehouse operations.
Fleet,Fleet utilization,Organizations rely on Fleet utilization to streamline Fleet workflows.
Warehouse,Demand forecasting,Demand forecasting directly impacts the success of Warehouse strategies.
Fleet,Fleet utilization,Fleet utilization focuses on improving efficiency in Fleet processes.
Fleet,Driver allocation,Organizations rely on Driver allocation to streamline Fleet workflows.
Analytics,Cost optimization,Effective Cost optimization helps reduce operational costs in Analytics.
Analytics,Data insights,Organizations rely on Data insights to streamline Analytics workflows.
Warehouse,Picking optimization,Picking optimization directly impacts the success of Warehouse strategies.
Analytics,Cost optimization,Cost optimization directly impacts the success of Analytics strategies.
Warehouse,Picking optimization,Optimizing Picking optimization can significantly boost Warehouse productivity.
Warehouse,Picking optimization,Proper management of Picking optimization improves overall Warehouse efficiency.
Fleet,Vehicle capacity,Vehicle capacity contributes to better decision-making in Fleet.
Fleet,Maintenance scheduling,Maintenance scheduling contributes to better decision-making in Fleet.
Analytics,KPI tracking,Proper management of KPI tracking improves overall Analytics efficiency.
Routing,Time windows,Proper management of Time windows improves overall Routing efficiency.
Fleet,Fleet utilization,Fleet utilization focuses on improving efficiency in Fleet processes.
Fleet,Fuel efficiency,Fuel efficiency focuses on improving efficiency in Fleet processes.
Delivery,On-time delivery,On-time delivery plays a key role in optimizing Delivery performance.
Fleet,Fuel efficiency,Proper management of Fuel efficiency improves overall Fleet efficiency.
Analytics,Demand patterns,Organizations rely on Demand patterns to streamline Analytics workflows.
Routing,Time windows,Time windows plays a key role in optimizing Routing performance.
Analytics,KPI tracking,Organizations rely on KPI tracking to streamline Analytics workflows.
Analytics,Data insights,Using advanced techniques in Data insights can enhance Analytics outcomes.
Warehouse,Stock replenishment,Using advanced techniques in Stock replenishment can enhance Warehouse outcomes.
Analytics,Cost optimization,Organizations rely on Cost optimization to streamline Analytics workflows.
Analytics,Cost optimization,Proper management of Cost optimization improves overall Analytics efficiency.
Warehouse,Demand forecasting,Using advanced techniques in Demand forecasting can enhance Warehouse outcomes.
Delivery,Proof of delivery,Proof of delivery is critical for ensuring smooth Delivery operations.
Routing,Dynamic routing,Proper management of Dynamic routing improves overall Routing efficiency.
Fleet,Driver allocation,Organizations rely on Driver allocation to streamline Fleet workflows.
Fleet,Vehicle capacity,Vehicle capacity plays a key role in optimizing Fleet performance.
Delivery,Customer communication,Customer communication contributes to better decision-making in Delivery.
Routing,Dynamic routing,Dynamic routing plays a key role in optimizing Routing performance.
Delivery,Customer communication,Customer communication plays a key role in optimizing Delivery performance.
Fleet,Vehicle capacity,Proper management of Vehicle capacity improves overall Fleet efficiency.
Analytics,Performance metrics,Proper management of Performance metrics improves overall Analytics efficiency.
Warehouse,Stock replenishment,Stock replenishment is critical for ensuring smooth Warehouse operations.
Fleet,Vehicle capacity,Using advanced techniques in Vehicle capacity can enhance Fleet outcomes.
Routing,Last-mile delivery,Last-mile delivery contributes to better decision-making in Routing.
Fleet,Fleet utilization,Using advanced techniques in Fleet utilization can enhance Fleet outcomes.
Routing,Time windows,Time windows contributes to better decision-making in Routing.
Delivery,On-time delivery,Effective On-time delivery helps reduce operational costs in Delivery.
Routing,Multi-stop planning,Multi-stop planning directly impacts the success of Routing strategies.
Fleet,Driver allocation,Driver allocation plays a key role in optimizing Fleet performance.
Warehouse,Demand forecasting,Using advanced techniques in Demand forecasting can enhance Warehouse outcomes.
Warehouse,Demand forecasting,Using advanced techniques in Demand forecasting can enhance Warehouse outcomes.
Analytics,Cost optimization,Proper management of Cost optimization improves overall Analytics efficiency.
Delivery,Proof of delivery,Proof of delivery contributes to better decision-making in Delivery.
Routing,Last-mile delivery,Last-mile delivery plays a key role in optimizing Routing performance.
Warehouse,Storage layout,Effective Storage layout helps reduce operational costs in Warehouse.
Delivery,On-time delivery,On-time delivery directly impacts the success of Delivery strategies.
Analytics,Data insights,Data insights is critical for ensuring smooth Analytics operations.
Analytics,KPI tracking,Organizations rely on KPI tracking to streamline Analytics workflows.
Fleet,Vehicle capacity,Vehicle capacity is critical for ensuring smooth Fleet operations.
Warehouse,Stock replenishment,Stock replenishment contributes to better decision-making in Warehouse.
Analytics,Performance metrics,Using advanced techniques in Performance metrics can enhance Analytics outcomes.
Routing,Last-mile delivery,Last-mile delivery focuses on improving efficiency in Routing processes.
Routing,Time windows,Time windows directly impacts the success of Routing strategies.
