stop_id,route_id,location_name,lat,lon,stop_type,priority,status,delay_reason,scheduled_date,time_window_start,time_window_end,service_duration_min,cargo_weight_kg,cargo_type,contact_person,notes
STP-000001,RT-100,Thane Depot,19.2183,72.9781,Meeting,Medium,Delayed,Vehicle breakdown,2024-01-10,2024-01-10 07:00,2024-01-10 10:30,45,0,Textiles,Rajesh Singh,
STP-000002,RT-100,Lonavala Transit Stop,18.7515,73.4061,Delivery,Medium,On Time,,2024-01-13,2024-01-13 13:00,2024-01-13 15:30,15,851,Auto Parts,Sunita Rao,Call 30 min before arrival
STP-000003,RT-100,Pimpri Depot,18.6298,73.7997,Meeting,Low,On Time,,2024-02-21,2024-02-21 08:30,2024-02-21 10:00,45,0,FMCG,Manish Gupta,
STP-000004,RT-100,Andheri Distribution Hub,19.1196,72.8464,Delivery,High,On Time,,2024-01-10,2024-01-10 14:30,2024-01-10 16:00,15,1117,Documents,Ramesh Kumar,Gate closes at 17:00
STP-000005,RT-100,Bhiwandi Mega Depot,19.2979,73.0586,Customs,Low,Scheduled,,2024-03-03,2024-03-03 09:30,2024-03-03 12:00,60,0,Electronics,Rajesh Singh,
STP-000006,RT-100,Dadar Warehouse,19.0178,72.8478,Delivery,Medium,On Time,,2024-02-24,2024-02-24 14:30,2024-02-24 17:00,15,455,Electronics,Santosh Reddy,Call 30 min before arrival
STP-000007,RT-100,Uran Customs Terminal,18.8921,72.9448,Warehouse,High,Cancelled,,2024-03-08,2024-03-08 14:00,2024-03-08 18:00,30,174,Documents,Rajesh Singh,Gate closes at 17:00
STP-000008,RT-100,Panvel Port Gate,18.9894,73.1175,Meeting,Medium,Delayed,Customer not available,2024-01-16,2024-01-16 10:00,2024-01-16 13:00,45,0,Perishables,Santosh Reddy,Parking available
STP-000009,RT-100,Hadapsar Export Unit,18.5089,73.9259,Customs,Medium,Delayed,Weather delay,2024-02-03,2024-02-03 12:30,2024-02-03 14:00,60,0,Auto Parts,Priya Nair,Gate closes at 17:00
STP-000010,RT-100,Navi Mumbai Logistics,19.033,73.0297,Delivery,Medium,On Time,,2024-03-09,2024-03-09 08:00,2024-03-09 10:30,15,724,Electronics,Amit Tiwari,Temperature controlled
STP-000011,RT-100,Hinjewadi Tech Zone,18.5912,73.7389,Pickup,High,Scheduled,,2024-03-24,2024-03-24 11:00,2024-03-24 15:30,10,222,FMCG,Vinod Yadav,Gate closes at 17:00
STP-000012,RT-100,Kalyan Junction,19.2403,73.1305,Customs,Low,On Time,,2024-02-06,2024-02-06 09:00,2024-02-06 12:30,60,0,Perishables,Sunita Rao,High security zone
STP-000013,RT-100,Kurla Sorting Center,19.0728,72.8826,Pickup,Medium,On Time,,2024-03-22,2024-03-22 07:30,2024-03-22 09:30,10,693,Documents,Rajesh Singh,High security zone
STP-000014,RT-100,BKC Corporate HQ,19.0658,72.8692,Delivery,Medium,Scheduled,,2024-01-02,2024-01-02 13:00,2024-01-02 17:00,15,1425,FMCG,Manish Gupta,Call 30 min before arrival
STP-000015,RT-101,Faridabad Warehouse,28.4089,77.3178,Pickup,Medium,Cancelled,,2024-01-20,2024-01-20 13:00,2024-01-20 17:00,10,1670,FMCG,Amit Tiwari,
STP-000016,RT-101,Hadapsar Export Unit,18.5089,73.9259,Delivery,Low,On Time,,2024-03-26,2024-03-26 12:00,2024-03-26 15:30,15,1446,Electronics,Deepak Mehta,Call 30 min before arrival
STP-000017,RT-101,Gurgaon Logistics Park,28.4595,77.0266,Customs,Medium,On Time,,2024-02-09,2024-02-09 14:00,2024-02-09 17:00,60,0,FMCG,Deepak Mehta,Parking available
STP-000018,RT-101,Shamshabad Cargo,17.2403,78.4294,Delivery,High,Scheduled,,2024-03-23,2024-03-23 11:30,2024-03-23 14:30,15,246,Pharmaceuticals,Rajesh Singh,High security zone
STP-000019,RT-101,Pune Warehouse Central,18.5204,73.8567,Delivery,Medium,On Time,,2024-02-10,2024-02-10 12:30,2024-02-10 16:00,15,1190,FMCG,Vinod Yadav,Call 30 min before arrival
STP-000020,RT-101,Lonavala Transit Stop,18.7515,73.4061,Warehouse,High,Delayed,Customs hold,2024-02-25,2024-02-25 10:00,2024-02-25 13:30,30,1746,Electronics,Neha Desai,High security zone
STP-000021,RT-101,Delhi Cargo Terminal,28.5562,77.1,Pickup,Medium,On Time,,2024-03-30,2024-03-30 12:30,2024-03-30 15:00,10,1371,Auto Parts,Arjun Verma,Requires forklift
STP-000022,RT-101,Kanpur Industrial,26.4499,80.3319,Meeting,Medium,Scheduled,,2024-02-06,2024-02-06 07:00,2024-02-06 10:30,45,0,Textiles,Arjun Verma,Parking available
STP-000023,RT-101,Ghaziabad Cold Chain,28.6692,77.4538,Pickup,Medium,On Time,,2024-03-01,2024-03-01 10:00,2024-03-01 14:00,10,1369,Perishables,Santosh Reddy,Parking available
STP-000024,RT-101,Hinjewadi Tech Zone,18.5912,73.7389,Delivery,Low,On Time,,2024-02-09,2024-02-09 10:00,2024-02-09 14:00,15,104,FMCG,Kavita Joshi,Gate closes at 17:00
STP-000025,RT-101,Noida Distribution Center,28.5355,77.391,Pickup,Low,On Time,,2024-03-30,2024-03-30 10:30,2024-03-30 14:30,10,312,Perishables,Neha Desai,Call 30 min before arrival
STP-000026,RT-101,Connaught Place Hub,28.6315,77.2167,Customs,Low,On Time,,2024-01-29,2024-01-29 08:00,2024-01-29 11:30,60,0,FMCG,Amit Tiwari,Gate closes at 17:00
STP-000027,RT-101,Pimpri Depot,18.6298,73.7997,Pickup,Low,Scheduled,,2024-03-19,2024-03-19 12:30,2024-03-19 15:30,10,1533,Documents,Kavita Joshi,
STP-000028,RT-102,Faridabad Warehouse,28.4089,77.3178,Delivery,Medium,Delayed,Traffic congestion,2024-01-30,2024-01-30 09:30,2024-01-30 11:00,15,859,Auto Parts,Priya Nair,
STP-000029,RT-102,Bommanahalli Pickup,12.9133,77.6398,Pickup,Medium,On Time,,2024-03-15,2024-03-15 13:00,2024-03-15 16:30,10,1940,Pharmaceuticals,Vinod Yadav,
STP-000030,RT-102,Delhi Cargo Terminal,28.5562,77.1,Customs,Low,On Time,,2024-03-10,2024-03-10 13:00,2024-03-10 17:30,60,0,Auto Parts,Kavita Joshi,Call 30 min before arrival
STP-000031,RT-102,Peenya Industrial Depot,13.0283,77.518,Pickup,Medium,Cancelled,,2024-01-22,2024-01-22 13:30,2024-01-22 17:00,10,1103,Electronics,Amit Tiwari,
STP-000032,RT-102,Electronic City Hub,12.8399,77.677,Meeting,Medium,On Time,,2024-02-24,2024-02-24 08:00,2024-02-24 12:30,45,0,Pharmaceuticals,Deepak Mehta,Parking available
STP-000033,RT-102,Bhopal Central Depot,23.2599,77.4126,Delivery,Medium,On Time,,2024-02-23,2024-02-23 13:30,2024-02-23 16:00,15,1544,Textiles,Ramesh Kumar,Parking available
STP-000034,RT-102,Noida Distribution Center,28.5355,77.391,Delivery,High,Delayed,Vehicle breakdown,2024-02-01,2024-02-01 07:00,2024-02-01 09:00,15,268,Auto Parts,Arjun Verma,Gate closes at 17:00
STP-000035,RT-102,Yeshwanthpur Junction,13.0299,77.552,Meeting,Medium,Cancelled,,2024-01-22,2024-01-22 11:00,2024-01-22 14:00,45,0,Electronics,Santosh Reddy,Call 30 min before arrival
STP-000036,RT-102,Connaught Place Hub,28.6315,77.2167,Customs,Medium,On Time,,2024-01-26,2024-01-26 13:00,2024-01-26 16:00,60,0,Documents,Vinod Yadav,Gate closes at 17:00
STP-000037,RT-102,Whitefield Warehouse,12.9698,77.75,Warehouse,Medium,On Time,,2024-03-09,2024-03-09 07:30,2024-03-09 10:30,30,1336,Pharmaceuticals,Ramesh Kumar,
STP-000038,RT-102,Chennai Port Logistics,13.0967,80.29,Warehouse,High,On Time,,2024-02-28,2024-02-28 12:00,2024-02-28 16:30,30,1078,Perishables,Vinod Yadav,
STP-000039,RT-102,Gurgaon Logistics Park,28.4595,77.0266,Pickup,Low,Scheduled,,2024-02-01,2024-02-01 11:00,2024-02-01 14:30,10,509,Documents,Kavita Joshi,
STP-000040,RT-102,Ghaziabad Cold Chain,28.6692,77.4538,Delivery,Medium,Scheduled,,2024-03-03,2024-03-03 12:00,2024-03-03 14:30,15,707,Pharmaceuticals,Amit Tiwari,High security zone
STP-000041,RT-103,Kolkata Dock Logistics,22.5726,88.3639,Warehouse,Medium,Delayed,Weather delay,2024-02-07,2024-02-07 07:00,2024-02-07 09:30,30,1369,Textiles,Priya Nair,
STP-000042,RT-103,Dadar Warehouse,19.0178,72.8478,Meeting,Medium,On Time,,2024-03-30,2024-03-30 12:30,2024-03-30 15:30,45,0,FMCG,Suresh Patil,Temperature controlled
STP-000043,RT-103,Uppal Distribution,17.4062,78.5604,Delivery,Low,Delayed,Driver illness,2024-01-28,2024-01-28 09:30,2024-01-28 11:30,15,1084,Textiles,Vinod Yadav,Gate closes at 17:00
STP-000044,RT-103,Hinjewadi Tech Zone,18.5912,73.7389,Warehouse,Medium,On Time,,2024-02-08,2024-02-08 12:00,2024-02-08 14:00,30,121,Textiles,Vinod Yadav,Requires forklift
STP-000045,RT-103,Bhiwandi Mega Depot,19.2979,73.0586,Meeting,Low,On Time,,2024-03-14,2024-03-14 08:30,2024-03-14 10:30,45,0,Pharmaceuticals,Rajesh Singh,Call 30 min before arrival
STP-000046,RT-103,Lonavala Transit Stop,18.7515,73.4061,Delivery,Low,Delayed,Customs hold,2024-02-21,2024-02-21 08:30,2024-02-21 10:00,15,119,FMCG,Rajesh Singh,High security zone
STP-000047,RT-103,Lucknow Cargo Hub,26.8467,80.9462,Delivery,Medium,On Time,,2024-03-17,2024-03-17 13:00,2024-03-17 17:30,15,916,Pharmaceuticals,Sunita Rao,
STP-000048,RT-103,Bommanahalli Pickup,12.9133,77.6398,Delivery,Medium,Delayed,Vehicle breakdown,2024-03-21,2024-03-21 08:00,2024-03-21 10:30,15,501,FMCG,Manish Gupta,Gate closes at 17:00
STP-000049,RT-103,HITEC City Warehouse,17.4435,78.3772,Delivery,Medium,Delayed,Customs hold,2024-01-05,2024-01-05 14:00,2024-01-05 17:30,15,1770,Auto Parts,Suresh Patil,Temperature controlled
STP-000050,RT-103,Nashik Depot,19.9975,73.7898,Customs,Low,Scheduled,,2024-01-15,2024-01-15 10:00,2024-01-15 13:00,60,0,Documents,Rajesh Singh,Gate closes at 17:00
STP-000051,RT-103,Kanpur Industrial,26.4499,80.3319,Delivery,Low,Delayed,Weather delay,2024-01-16,2024-01-16 11:30,2024-01-16 14:30,15,1034,Textiles,Kavita Joshi,
STP-000052,RT-103,Nagpur Cold Chain,21.1458,79.0882,Delivery,High,On Time,,2024-02-11,2024-02-11 13:30,2024-02-11 17:00,15,1979,Perishables,Sunita Rao,Call 30 min before arrival
STP-000053,RT-103,Chandigarh Distribution,30.7333,76.7794,Rest,Medium,On Time,,2024-01-06,2024-01-06 11:00,2024-01-06 15:30,20,0,Auto Parts,Amit Tiwari,High security zone
STP-000054,RT-103,Madhavaram Depot,13.1499,80.2318,Delivery,Medium,On Time,,2024-03-01,2024-03-01 14:30,2024-03-01 16:30,15,1382,Electronics,Sunita Rao,Requires forklift
STP-000055,RT-103,Vadodara Depot,22.3072,73.1812,Delivery,Medium,On Time,,2024-02-21,2024-02-21 11:00,2024-02-21 15:30,15,526,Pharmaceuticals,Suresh Patil,
STP-000056,RT-104,Patancheru Depot,17.5334,78.2636,Meeting,Medium,Scheduled,,2024-01-27,2024-01-27 14:30,2024-01-27 16:00,45,0,Auto Parts,Amit Tiwari,
STP-000057,RT-104,Sriperumbudur Hub,12.9674,79.9482,Delivery,Low,Delayed,Traffic congestion,2024-01-21,2024-01-21 10:30,2024-01-21 14:00,15,470,Documents,Amit Tiwari,Gate closes at 17:00
STP-000058,RT-104,Ambattur Industrial,13.0978,80.1609,Pickup,High,Scheduled,,2024-02-07,2024-02-07 09:30,2024-02-07 12:30,10,977,FMCG,Kavita Joshi,Requires forklift
STP-000059,RT-104,Chennai Port Logistics,13.0967,80.29,Pickup,Low,Scheduled,,2024-02-05,2024-02-05 09:30,2024-02-05 11:30,10,1049,Pharmaceuticals,Sunita Rao,Call 30 min before arrival
STP-000060,RT-104,Madhavaram Depot,13.1499,80.2318,Delivery,Medium,On Time,,2024-02-27,2024-02-27 14:30,2024-02-27 16:30,15,1572,Textiles,Deepak Mehta,
STP-000061,RT-104,HITEC City Warehouse,17.4435,78.3772,Customs,Low,On Time,,2024-02-19,2024-02-19 10:00,2024-02-19 14:30,60,0,Perishables,Kavita Joshi,
STP-000062,RT-104,Shamshabad Cargo,17.2403,78.4294,Pickup,Medium,Scheduled,,2024-01-05,2024-01-05 09:00,2024-01-05 12:30,10,1800,Documents,Kavita Joshi,Gate closes at 17:00
STP-000063,RT-104,Uppal Distribution,17.4062,78.5604,Pickup,Medium,On Time,,2024-03-24,2024-03-24 09:00,2024-03-24 12:00,10,1994,Pharmaceuticals,Priya Nair,
STP-000064,RT-105,Dankuni Distribution,22.6748,88.2731,Meeting,Low,Scheduled,,2024-01-12,2024-01-12 10:30,2024-01-12 14:00,45,0,Perishables,Sunita Rao,Gate closes at 17:00
STP-000065,RT-105,Coimbatore Industrial,11.0168,76.9558,Pickup,Medium,On Time,,2024-02-11,2024-02-11 07:00,2024-02-11 09:30,10,892,FMCG,Anil Sharma,
STP-000066,RT-105,Salt Lake Warehouse,22.5831,88.4177,Meeting,Low,On Time,,2024-01-11,2024-01-11 09:30,2024-01-11 11:00,45,0,Textiles,Rajesh Singh,Temperature controlled
STP-000067,RT-105,Shamshabad Cargo,17.2403,78.4294,Pickup,Medium,Delayed,Vehicle breakdown,2024-01-02,2024-01-02 11:30,2024-01-02 15:30,10,161,Auto Parts,Priya Nair,High security zone
STP-000068,RT-105,Bhiwandi Mega Depot,19.2979,73.0586,Meeting,Medium,Scheduled,,2024-02-08,2024-02-08 11:00,2024-02-08 14:30,45,0,Electronics,Anil Sharma,
STP-000069,RT-105,Kolkata Dock Logistics,22.5726,88.3639,Meeting,Medium,On Time,,2024-03-25,2024-03-25 11:30,2024-03-25 13:30,45,0,Documents,Arjun Verma,Call 30 min before arrival
STP-000070,RT-105,Patancheru Depot,17.5334,78.2636,Customs,Low,Delayed,Document missing,2024-03-18,2024-03-18 11:30,2024-03-18 13:00,60,0,Pharmaceuticals,Arjun Verma,Requires forklift
STP-000071,RT-105,HITEC City Warehouse,17.4435,78.3772,Meeting,Low,Delayed,Traffic congestion,2024-02-26,2024-02-26 07:00,2024-02-26 10:30,45,0,Pharmaceuticals,Priya Nair,
STP-000072,RT-105,Howrah Industrial Hub,22.618,88.3292,Delivery,High,On Time,,2024-03-05,2024-03-05 12:30,2024-03-05 16:00,15,1698,Auto Parts,Ravi Krishnan,High security zone
STP-000073,RT-105,Uppal Distribution,17.4062,78.5604,Warehouse,Medium,Scheduled,,2024-01-10,2024-01-10 08:00,2024-01-10 11:00,30,1493,Perishables,Deepak Mehta,Parking available
STP-000074,RT-106,Bhiwandi Mega Depot,19.2979,73.0586,Warehouse,Low,Delayed,Document missing,2024-01-30,2024-01-30 08:30,2024-01-30 12:00,30,681,Textiles,Anil Sharma,Gate closes at 17:00
STP-000075,RT-106,Kochi Port Terminal,9.9312,76.2673,Meeting,Medium,On Time,,2024-02-22,2024-02-22 11:00,2024-02-22 15:00,45,0,Electronics,Vinod Yadav,
STP-000076,RT-106,Yeshwanthpur Junction,13.0299,77.552,Delivery,Medium,Delayed,Customs hold,2024-02-28,2024-02-28 09:30,2024-02-28 12:30,15,326,Auto Parts,Arjun Verma,Gate closes at 17:00
STP-000077,RT-106,Dadar Warehouse,19.0178,72.8478,Warehouse,Medium,On Time,,2024-03-29,2024-03-29 11:30,2024-03-29 13:00,30,1956,FMCG,Sunita Rao,Parking available
STP-000078,RT-106,Connaught Place Hub,28.6315,77.2167,Delivery,Medium,Cancelled,,2024-02-20,2024-02-20 12:30,2024-02-20 14:00,15,1953,Documents,Sunita Rao,
STP-000079,RT-106,Shamshabad Cargo,17.2403,78.4294,Delivery,Medium,Scheduled,,2024-02-12,2024-02-12 07:00,2024-02-12 09:00,15,430,Electronics,Sunita Rao,Temperature controlled
STP-000080,RT-106,Mulund Cold Storage,19.1726,72.9559,Meeting,Low,Scheduled,,2024-01-19,2024-01-19 10:00,2024-01-19 13:30,45,0,FMCG,Rajesh Singh,High security zone
STP-000081,RT-106,Sriperumbudur Hub,12.9674,79.9482,Warehouse,High,Delayed,Traffic congestion,2024-01-02,2024-01-02 07:30,2024-01-02 09:00,30,366,Pharmaceuticals,Ramesh Kumar,Requires forklift
STP-000082,RT-106,Electronic City Hub,12.8399,77.677,Warehouse,Medium,On Time,,2024-02-27,2024-02-27 08:30,2024-02-27 11:00,30,463,Textiles,Ramesh Kumar,High security zone
STP-000083,RT-106,Jaipur Logistics Park,26.9124,75.7873,Pickup,Low,On Time,,2024-02-21,2024-02-21 07:30,2024-02-21 10:00,10,1873,Auto Parts,Suresh Patil,Gate closes at 17:00
STP-000084,RT-106,Agra Distribution,27.1767,78.0081,Delivery,High,Cancelled,,2024-03-20,2024-03-20 09:30,2024-03-20 12:30,15,1096,Pharmaceuticals,Kavita Joshi,
STP-000085,RT-106,Bhubaneswar Depot,20.2961,85.8245,Delivery,Low,On Time,,2024-02-27,2024-02-27 10:00,2024-02-27 13:30,15,938,Auto Parts,Deepak Mehta,Gate closes at 17:00
STP-000086,RT-106,Indore Logistics Hub,22.7196,75.8577,Delivery,Medium,On Time,,2024-01-20,2024-01-20 11:30,2024-01-20 14:00,15,184,Electronics,Deepak Mehta,Gate closes at 17:00
STP-000087,RT-106,Dankuni Distribution,22.6748,88.2731,Warehouse,Medium,On Time,,2024-01-08,2024-01-08 09:30,2024-01-08 13:00,30,1799,Perishables,Ravi Krishnan,
STP-000088,RT-106,Peenya Industrial Depot,13.0283,77.518,Customs,Low,Delayed,Vehicle breakdown,2024-02-09,2024-02-09 11:30,2024-02-09 15:00,60,0,FMCG,Arjun Verma,
STP-000089,RT-107,Chandigarh Distribution,30.7333,76.7794,Delivery,Low,Scheduled,,2024-02-14,2024-02-14 11:00,2024-02-14 14:00,15,1169,Perishables,Deepak Mehta,Gate closes at 17:00
STP-000090,RT-107,Agra Distribution,27.1767,78.0081,Delivery,Medium,On Time,,2024-03-08,2024-03-08 07:00,2024-03-08 09:30,15,708,FMCG,Priya Nair,High security zone
STP-000091,RT-107,Kurla Sorting Center,19.0728,72.8826,Warehouse,Low,Delayed,Weather delay,2024-01-20,2024-01-20 08:00,2024-01-20 10:00,30,917,Perishables,Deepak Mehta,
STP-000092,RT-107,Surat Textile Hub,21.1702,72.8311,Meeting,Medium,On Time,,2024-01-15,2024-01-15 10:30,2024-01-15 14:30,45,0,Perishables,Arjun Verma,
STP-000093,RT-107,Jaipur Logistics Park,26.9124,75.7873,Pickup,Medium,On Time,,2024-03-17,2024-03-17 10:00,2024-03-17 13:00,10,1946,FMCG,Ravi Krishnan,Requires forklift
STP-000094,RT-107,Lucknow Cargo Hub,26.8467,80.9462,Warehouse,Medium,On Time,,2024-03-04,2024-03-04 08:30,2024-03-04 10:00,30,1100,Perishables,Anil Sharma,Parking available
STP-000095,RT-107,Pimpri Depot,18.6298,73.7997,Delivery,Low,Scheduled,,2024-01-03,2024-01-03 07:30,2024-01-03 10:00,15,1189,Auto Parts,Santosh Reddy,
STP-000096,RT-107,Rajkot Warehouse,22.3039,70.8022,Warehouse,Medium,Scheduled,,2024-01-03,2024-01-03 08:30,2024-01-03 11:00,30,1275,Auto Parts,Sunita Rao,Parking available
STP-000097,RT-107,Ahmedabad GIDC,23.0225,72.5714,Delivery,Low,On Time,,2024-03-16,2024-03-16 10:30,2024-03-16 13:00,15,645,Perishables,Priya Nair,Temperature controlled
STP-000098,RT-107,Vadodara Depot,22.3072,73.1812,Delivery,High,On Time,,2024-03-06,2024-03-06 08:00,2024-03-06 12:30,15,1972,Documents,Arjun Verma,Requires forklift
STP-000099,RT-107,Kanpur Industrial,26.4499,80.3319,Delivery,High,On Time,,2024-03-18,2024-03-18 10:00,2024-03-18 12:00,15,1592,Perishables,Kavita Joshi,
STP-000100,RT-107,Ludhiana Warehouse,30.901,75.8573,Warehouse,Low,On Time,,2024-03-13,2024-03-13 14:30,2024-03-13 18:30,30,149,Auto Parts,Kavita Joshi,High security zone
STP-000101,RT-108,Agra Distribution,27.1767,78.0081,Pickup,Medium,Delayed,Driver illness,2024-03-17,2024-03-17 08:30,2024-03-17 12:30,10,1523,Electronics,Kavita Joshi,Temperature controlled
STP-000102,RT-108,Jaipur Logistics Park,26.9124,75.7873,Delivery,Medium,Cancelled,,2024-02-27,2024-02-27 09:00,2024-02-27 11:30,15,182,Textiles,Arjun Verma,Requires forklift
STP-000103,RT-108,Kanpur Industrial,26.4499,80.3319,Delivery,Low,On Time,,2024-03-07,2024-03-07 14:00,2024-03-07 18:30,15,589,Auto Parts,Deepak Mehta,Parking available
STP-000104,RT-108,Visakhapatnam Port,17.6868,83.2185,Meeting,High,On Time,,2024-02-12,2024-02-12 12:00,2024-02-12 14:30,45,0,Perishables,Sunita Rao,Requires forklift
STP-000105,RT-108,Madurai Warehouse,9.9252,78.1198,Delivery,Medium,Delayed,Traffic congestion,2024-02-09,2024-02-09 09:30,2024-02-09 12:00,15,644,Textiles,Deepak Mehta,Parking available
STP-000106,RT-108,Ludhiana Warehouse,30.901,75.8573,Warehouse,Medium,On Time,,2024-03-26,2024-03-26 08:30,2024-03-26 12:30,30,642,FMCG,Anil Sharma,Parking available
STP-000107,RT-108,Lucknow Cargo Hub,26.8467,80.9462,Customs,Medium,Scheduled,,2024-01-20,2024-01-20 10:00,2024-01-20 12:30,60,0,Electronics,Manish Gupta,Call 30 min before arrival
STP-000108,RT-108,Chandigarh Distribution,30.7333,76.7794,Meeting,Low,On Time,,2024-02-18,2024-02-18 09:00,2024-02-18 13:00,45,0,Perishables,Ravi Krishnan,Requires forklift
STP-000109,RT-108,Kochi Port Terminal,9.9312,76.2673,Warehouse,High,Scheduled,,2024-01-31,2024-01-31 12:30,2024-01-31 16:30,30,1615,Auto Parts,Anil Sharma,Temperature controlled
STP-000110,RT-108,Coimbatore Industrial,11.0168,76.9558,Delivery,Low,Scheduled,,2024-02-17,2024-02-17 14:30,2024-02-17 16:30,15,1603,Auto Parts,Manish Gupta,
STP-000111,RT-109,Aurangabad Hub,19.8762,75.3433,Warehouse,Low,Scheduled,,2024-01-21,2024-01-21 11:30,2024-01-21 13:30,30,311,Documents,Deepak Mehta,Gate closes at 17:00
STP-000112,RT-109,Kalyan Junction,19.2403,73.1305,Customs,Medium,On Time,,2024-01-04,2024-01-04 14:30,2024-01-04 17:00,60,0,Pharmaceuticals,Anil Sharma,
STP-000113,RT-109,Visakhapatnam Port,17.6868,83.2185,Rest,Medium,On Time,,2024-01-13,2024-01-13 07:30,2024-01-13 10:00,20,0,Pharmaceuticals,Amit Tiwari,
STP-000114,RT-109,Hinjewadi Tech Zone,18.5912,73.7389,Meeting,High,On Time,,2024-03-19,2024-03-19 14:00,2024-03-19 17:00,45,0,FMCG,Sunita Rao,Requires forklift
STP-000115,RT-109,Madurai Warehouse,9.9252,78.1198,Pickup,Low,On Time,,2024-02-06,2024-02-06 13:00,2024-02-06 15:30,10,498,Auto Parts,Arjun Verma,
STP-000116,RT-109,Salt Lake Warehouse,22.5831,88.4177,Delivery,Low,Delayed,Weather delay,2024-03-09,2024-03-09 14:00,2024-03-09 18:00,15,889,Electronics,Santosh Reddy,Parking available
STP-000117,RT-109,Panvel Port Gate,18.9894,73.1175,Delivery,Medium,On Time,,2024-02-16,2024-02-16 08:00,2024-02-16 12:00,15,972,Electronics,Arjun Verma,
STP-000118,RT-109,Guwahati North Hub,26.1445,91.7362,Rest,Medium,Delayed,Customs hold,2024-01-09,2024-01-09 07:30,2024-01-09 10:00,20,0,Electronics,Ravi Krishnan,Parking available
STP-000119,RT-109,Connaught Place Hub,28.6315,77.2167,Delivery,Medium,Delayed,Driver illness,2024-01-23,2024-01-23 12:30,2024-01-23 16:30,15,286,Electronics,Neha Desai,
STP-000120,RT-109,Thane Depot,19.2183,72.9781,Delivery,Medium,Cancelled,,2024-02-10,2024-02-10 10:30,2024-02-10 12:30,15,1122,Auto Parts,Vinod Yadav,Call 30 min before arrival
STP-000121,RT-109,Vadodara Depot,22.3072,73.1812,Warehouse,High,On Time,,2024-03-24,2024-03-24 12:30,2024-03-24 14:30,30,763,Auto Parts,Amit Tiwari,
STP-000122,RT-109,Madhavaram Depot,13.1499,80.2318,Warehouse,Low,On Time,,2024-01-24,2024-01-24 13:30,2024-01-24 16:30,30,1642,Textiles,Vinod Yadav,Gate closes at 17:00
STP-000123,RT-109,Electronic City Hub,12.8399,77.677,Warehouse,High,On Time,,2024-02-07,2024-02-07 09:30,2024-02-07 13:00,30,1363,Pharmaceuticals,Vinod Yadav,
STP-000124,RT-109,Kolkata Dock Logistics,22.5726,88.3639,Meeting,Medium,Delayed,Customer not available,2024-02-27,2024-02-27 14:00,2024-02-27 17:30,45,0,Pharmaceuticals,Arjun Verma,Call 30 min before arrival
STP-000125,RT-109,Kurla Sorting Center,19.0728,72.8826,Delivery,Medium,On Time,,2024-03-27,2024-03-27 12:00,2024-03-27 16:00,15,1254,Perishables,Ravi Krishnan,
STP-000126,RT-109,Ludhiana Warehouse,30.901,75.8573,Delivery,High,Delayed,Weather delay,2024-02-19,2024-02-19 12:00,2024-02-19 15:00,15,771,Auto Parts,Ravi Krishnan,Gate closes at 17:00
STP-000127,RT-110,Nashik Depot,19.9975,73.7898,Delivery,High,On Time,,2024-03-07,2024-03-07 09:30,2024-03-07 12:00,15,543,Perishables,Kavita Joshi,Temperature controlled
STP-000128,RT-110,Guwahati North Hub,26.1445,91.7362,Rest,Medium,On Time,,2024-01-16,2024-01-16 14:00,2024-01-16 16:00,20,0,Perishables,Kavita Joshi,Gate closes at 17:00
STP-000129,RT-110,Indore Logistics Hub,22.7196,75.8577,Warehouse,Low,Scheduled,,2024-02-14,2024-02-14 12:00,2024-02-14 16:30,30,1753,FMCG,Neha Desai,Requires forklift
STP-000130,RT-110,Ranchi Distribution,23.3441,85.3096,Warehouse,Medium,On Time,,2024-01-18,2024-01-18 08:00,2024-01-18 10:30,30,1144,Textiles,Priya Nair,
STP-000131,RT-110,Aurangabad Hub,19.8762,75.3433,Warehouse,Medium,On Time,,2024-02-09,2024-02-09 08:30,2024-02-09 10:30,30,1585,Auto Parts,Sunita Rao,Gate closes at 17:00
STP-000132,RT-110,Raipur Warehouse,21.2514,81.6296,Delivery,Medium,Scheduled,,2024-02-29,2024-02-29 08:30,2024-02-29 11:00,15,1607,Textiles,Arjun Verma,Requires forklift
STP-000133,RT-111,Coimbatore Industrial,11.0168,76.9558,Delivery,Low,On Time,,2024-03-21,2024-03-21 11:30,2024-03-21 13:00,15,355,Textiles,Santosh Reddy,Requires forklift
STP-000134,RT-111,Aurangabad Hub,19.8762,75.3433,Delivery,Medium,On Time,,2024-01-06,2024-01-06 12:00,2024-01-06 16:00,15,1323,Documents,Santosh Reddy,High security zone
STP-000135,RT-111,Panvel Port Gate,18.9894,73.1175,Meeting,Low,Scheduled,,2024-03-22,2024-03-22 13:00,2024-03-22 17:30,45,0,Textiles,Vinod Yadav,High security zone
STP-000136,RT-111,Chennai Port Logistics,13.0967,80.29,Pickup,Low,On Time,,2024-02-28,2024-02-28 13:00,2024-02-28 16:00,10,861,Auto Parts,Kavita Joshi,Temperature controlled
STP-000137,RT-111,Patancheru Depot,17.5334,78.2636,Delivery,High,Scheduled,,2024-02-14,2024-02-14 12:30,2024-02-14 16:00,15,1064,Textiles,Suresh Patil,Parking available
STP-000138,RT-111,Guwahati North Hub,26.1445,91.7362,Delivery,High,On Time,,2024-01-19,2024-01-19 14:00,2024-01-19 16:00,15,796,Documents,Santosh Reddy,
STP-000139,RT-111,Thane Depot,19.2183,72.9781,Delivery,Low,Scheduled,,2024-03-14,2024-03-14 09:30,2024-03-14 12:00,15,1030,Textiles,Kavita Joshi,
STP-000140,RT-111,Bhubaneswar Depot,20.2961,85.8245,Customs,Medium,On Time,,2024-03-05,2024-03-05 08:30,2024-03-05 11:00,60,0,Pharmaceuticals,Ramesh Kumar,Call 30 min before arrival
STP-000141,RT-111,Mulund Cold Storage,19.1726,72.9559,Delivery,Medium,On Time,,2024-03-09,2024-03-09 14:00,2024-03-09 17:00,15,1817,Pharmaceuticals,Neha Desai,Parking available
STP-000142,RT-111,Uppal Distribution,17.4062,78.5604,Warehouse,Medium,Delayed,Traffic congestion,2024-03-13,2024-03-13 13:00,2024-03-13 15:30,30,801,Textiles,Kavita Joshi,High security zone
STP-000143,RT-111,Uran Customs Terminal,18.8921,72.9448,Warehouse,Medium,Scheduled,,2024-01-13,2024-01-13 08:30,2024-01-13 10:30,30,704,Textiles,Priya Nair,Requires forklift
STP-000144,RT-111,Faridabad Warehouse,28.4089,77.3178,Delivery,Medium,Scheduled,,2024-01-05,2024-01-05 07:00,2024-01-05 09:30,15,1073,Auto Parts,Rajesh Singh,Requires forklift
STP-000145,RT-111,Kalyan Junction,19.2403,73.1305,Delivery,Medium,On Time,,2024-03-19,2024-03-19 09:30,2024-03-19 12:30,15,1053,Textiles,Kavita Joshi,High security zone
STP-000146,RT-111,Kochi Port Terminal,9.9312,76.2673,Pickup,High,Scheduled,,2024-01-15,2024-01-15 12:30,2024-01-15 16:30,10,1495,Documents,Neha Desai,Call 30 min before arrival
STP-000147,RT-111,Delhi Cargo Terminal,28.5562,77.1,Meeting,Medium,On Time,,2024-01-07,2024-01-07 10:30,2024-01-07 14:00,45,0,Perishables,Santosh Reddy,
STP-000148,RT-111,Ludhiana Warehouse,30.901,75.8573,Delivery,Medium,On Time,,2024-03-30,2024-03-30 07:00,2024-03-30 11:00,15,652,Auto Parts,Rajesh Singh,
STP-000149,RT-111,Pimpri Depot,18.6298,73.7997,Meeting,Medium,Delayed,Customs hold,2024-01-08,2024-01-08 14:00,2024-01-08 18:00,45,0,Auto Parts,Manish Gupta,
STP-000150,RT-111,Whitefield Warehouse,12.9698,77.75,Delivery,High,On Time,,2024-02-15,2024-02-15 12:30,2024-02-15 16:30,15,514,Pharmaceuticals,Manish Gupta,High security zone
STP-000151,RT-111,Nagpur Cold Chain,21.1458,79.0882,Delivery,Low,On Time,,2024-01-27,2024-01-27 11:30,2024-01-27 14:30,15,1157,Documents,Neha Desai,High security zone
STP-000152,RT-111,Noida Distribution Center,28.5355,77.391,Delivery,Medium,On Time,,2024-02-14,2024-02-14 13:00,2024-02-14 16:30,15,1966,Perishables,Suresh Patil,Parking available
STP-000153,RT-111,Bhiwandi Mega Depot,19.2979,73.0586,Customs,Medium,On Time,,2024-01-26,2024-01-26 14:30,2024-01-26 16:30,60,0,Textiles,Neha Desai,Temperature controlled
STP-000154,RT-111,Connaught Place Hub,28.6315,77.2167,Delivery,Medium,On Time,,2024-01-30,2024-01-30 10:00,2024-01-30 14:00,15,1479,Auto Parts,Suresh Patil,Requires forklift
STP-000155,RT-112,Dadar Warehouse,19.0178,72.8478,Customs,High,Scheduled,,2024-01-05,2024-01-05 10:00,2024-01-05 14:30,60,0,FMCG,Amit Tiwari,Call 30 min before arrival
STP-000156,RT-112,Panvel Port Gate,18.9894,73.1175,Rest,Medium,On Time,,2024-02-07,2024-02-07 14:00,2024-02-07 16:00,20,0,Textiles,Suresh Patil,Parking available
STP-000157,RT-112,BKC Corporate HQ,19.0658,72.8692,Delivery,Low,On Time,,2024-03-05,2024-03-05 14:30,2024-03-05 16:30,15,240,Pharmaceuticals,Rajesh Singh,
STP-000158,RT-112,Kurla Sorting Center,19.0728,72.8826,Meeting,Low,On Time,,2024-02-13,2024-02-13 07:30,2024-02-13 11:00,45,0,Documents,Arjun Verma,
STP-000159,RT-112,Kalyan Junction,19.2403,73.1305,Warehouse,Medium,Cancelled,,2024-03-26,2024-03-26 08:00,2024-03-26 11:00,30,987,Pharmaceuticals,Amit Tiwari,Temperature controlled
STP-000160,RT-112,Mulund Cold Storage,19.1726,72.9559,Delivery,Medium,On Time,,2024-02-12,2024-02-12 14:30,2024-02-12 17:00,15,746,Perishables,Anil Sharma,Call 30 min before arrival
STP-000161,RT-112,Pune Warehouse Central,18.5204,73.8567,Meeting,Medium,Delayed,Weather delay,2024-03-28,2024-03-28 09:30,2024-03-28 12:00,45,0,Pharmaceuticals,Santosh Reddy,Temperature controlled
STP-000162,RT-112,Thane Depot,19.2183,72.9781,Delivery,High,Delayed,Customer not available,2024-03-18,2024-03-18 09:30,2024-03-18 12:30,15,1561,Textiles,Ravi Krishnan,Temperature controlled
STP-000163,RT-112,Navi Mumbai Logistics,19.033,73.0297,Warehouse,Medium,Scheduled,,2024-02-27,2024-02-27 08:30,2024-02-27 12:00,30,239,Electronics,Sunita Rao,Temperature controlled
STP-000164,RT-112,Hadapsar Export Unit,18.5089,73.9259,Meeting,High,Delayed,Customer not available,2024-02-26,2024-02-26 12:00,2024-02-26 16:00,45,0,Electronics,Amit Tiwari,
STP-000165,RT-112,Hinjewadi Tech Zone,18.5912,73.7389,Warehouse,Medium,Delayed,Weather delay,2024-03-13,2024-03-13 13:00,2024-03-13 16:30,30,1491,Electronics,Deepak Mehta,High security zone
STP-000166,RT-112,Lonavala Transit Stop,18.7515,73.4061,Warehouse,Low,On Time,,2024-02-24,2024-02-24 08:30,2024-02-24 10:00,30,133,Electronics,Amit Tiwari,
STP-000167,RT-113,Pune Warehouse Central,18.5204,73.8567,Warehouse,Low,On Time,,2024-02-18,2024-02-18 13:30,2024-02-18 16:30,30,1408,Perishables,Sunita Rao,Requires forklift
STP-000168,RT-113,Lonavala Transit Stop,18.7515,73.4061,Meeting,Medium,Scheduled,,2024-02-20,2024-02-20 09:00,2024-02-20 13:00,45,0,Documents,Ramesh Kumar,High security zone
STP-000169,RT-113,Gurgaon Logistics Park,28.4595,77.0266,Pickup,Low,On Time,,2024-02-18,2024-02-18 13:00,2024-02-18 17:00,10,327,Pharmaceuticals,Anil Sharma,Gate closes at 17:00
STP-000170,RT-113,Hadapsar Export Unit,18.5089,73.9259,Delivery,Medium,Delayed,Customer not available,2024-01-27,2024-01-27 07:00,2024-01-27 09:00,15,1234,Perishables,Neha Desai,Call 30 min before arrival
STP-000171,RT-113,Faridabad Warehouse,28.4089,77.3178,Delivery,High,On Time,,2024-03-10,2024-03-10 14:00,2024-03-10 16:00,15,602,FMCG,Sunita Rao,Parking available
STP-000172,RT-113,Hinjewadi Tech Zone,18.5912,73.7389,Meeting,Low,On Time,,2024-02-08,2024-02-08 12:00,2024-02-08 14:00,45,0,Pharmaceuticals,Ramesh Kumar,Requires forklift
STP-000173,RT-114,Bommanahalli Pickup,12.9133,77.6398,Warehouse,Medium,On Time,,2024-01-20,2024-01-20 13:30,2024-01-20 16:30,30,1111,Auto Parts,Anil Sharma,Temperature controlled
STP-000174,RT-114,Whitefield Warehouse,12.9698,77.75,Delivery,Low,Delayed,Vehicle breakdown,2024-03-12,2024-03-12 14:30,2024-03-12 16:30,15,805,FMCG,Vinod Yadav,Temperature controlled
STP-000175,RT-114,Peenya Industrial Depot,13.0283,77.518,Delivery,High,On Time,,2024-01-12,2024-01-12 14:00,2024-01-12 17:00,15,1389,Textiles,Santosh Reddy,Call 30 min before arrival
STP-000176,RT-114,Electronic City Hub,12.8399,77.677,Customs,High,Cancelled,,2024-01-27,2024-01-27 10:30,2024-01-27 13:30,60,0,Electronics,Anil Sharma,Temperature controlled
STP-000177,RT-114,Connaught Place Hub,28.6315,77.2167,Rest,High,Scheduled,,2024-03-30,2024-03-30 14:00,2024-03-30 16:30,20,0,Textiles,Priya Nair,High security zone
STP-000178,RT-114,Noida Distribution Center,28.5355,77.391,Pickup,Medium,On Time,,2024-02-03,2024-02-03 12:30,2024-02-03 15:30,10,1654,Perishables,Kavita Joshi,Parking available
STP-000179,RT-114,Faridabad Warehouse,28.4089,77.3178,Customs,Medium,On Time,,2024-03-13,2024-03-13 13:00,2024-03-13 15:00,60,0,Textiles,Amit Tiwari,
STP-000180,RT-115,Noida Distribution Center,28.5355,77.391,Pickup,Low,Scheduled,,2024-01-18,2024-01-18 12:30,2024-01-18 14:00,10,1120,Perishables,Ramesh Kumar,Call 30 min before arrival
STP-000181,RT-115,Uran Customs Terminal,18.8921,72.9448,Warehouse,High,On Time,,2024-02-22,2024-02-22 07:00,2024-02-22 09:00,30,319,Electronics,Anil Sharma,
STP-000182,RT-115,Hinjewadi Tech Zone,18.5912,73.7389,Pickup,Medium,On Time,,2024-03-03,2024-03-03 14:00,2024-03-03 18:00,10,852,Electronics,Ramesh Kumar,High security zone
STP-000183,RT-115,Ghaziabad Cold Chain,28.6692,77.4538,Pickup,Medium,On Time,,2024-01-14,2024-01-14 13:00,2024-01-14 15:00,10,1279,Textiles,Vinod Yadav,Parking available
STP-000184,RT-115,Pimpri Depot,18.6298,73.7997,Delivery,Medium,On Time,,2024-02-28,2024-02-28 12:00,2024-02-28 15:00,15,1705,Documents,Suresh Patil,Call 30 min before arrival
STP-000185,RT-115,Peenya Industrial Depot,13.0283,77.518,Delivery,Medium,On Time,,2024-03-22,2024-03-22 14:00,2024-03-22 16:00,15,1741,Auto Parts,Arjun Verma,Parking available
STP-000186,RT-115,Howrah Industrial Hub,22.618,88.3292,Meeting,Low,Scheduled,,2024-01-06,2024-01-06 08:00,2024-01-06 12:00,45,0,Perishables,Amit Tiwari,
STP-000187,RT-115,Bhubaneswar Depot,20.2961,85.8245,Delivery,Low,Scheduled,,2024-03-13,2024-03-13 11:00,2024-03-13 15:00,15,654,Electronics,Anil Sharma,Requires forklift
STP-000188,RT-115,Lonavala Transit Stop,18.7515,73.4061,Warehouse,Low,Delayed,Driver illness,2024-02-08,2024-02-08 13:00,2024-02-08 15:00,30,806,Perishables,Amit Tiwari,Parking available
STP-000189,RT-115,HITEC City Warehouse,17.4435,78.3772,Pickup,Low,On Time,,2024-02-14,2024-02-14 08:00,2024-02-14 12:00,10,1727,Electronics,Priya Nair,
STP-000190,RT-115,Kolkata Dock Logistics,22.5726,88.3639,Rest,Medium,Delayed,Customer not available,2024-03-03,2024-03-03 11:00,2024-03-03 14:30,20,0,Auto Parts,Rajesh Singh,
STP-000191,RT-115,Vadodara Depot,22.3072,73.1812,Delivery,Medium,On Time,,2024-01-10,2024-01-10 10:00,2024-01-10 14:30,15,1467,Documents,Arjun Verma,Requires forklift
STP-000192,RT-115,Jaipur Logistics Park,26.9124,75.7873,Warehouse,Medium,On Time,,2024-01-01,2024-01-01 08:30,2024-01-01 10:30,30,562,Electronics,Rajesh Singh,Gate closes at 17:00
STP-000193,RT-115,Bhopal Central Depot,23.2599,77.4126,Delivery,Medium,Delayed,Document missing,2024-01-04,2024-01-04 13:00,2024-01-04 15:30,15,1234,Documents,Priya Nair,
STP-000194,RT-115,Connaught Place Hub,28.6315,77.2167,Delivery,Medium,Delayed,Vehicle breakdown,2024-03-12,2024-03-12 08:00,2024-03-12 12:00,15,294,Pharmaceuticals,Vinod Yadav,High security zone
STP-000195,RT-115,Guwahati North Hub,26.1445,91.7362,Pickup,High,Scheduled,,2024-02-23,2024-02-23 13:30,2024-02-23 16:30,10,749,Pharmaceuticals,Anil Sharma,
STP-000196,RT-115,Lucknow Cargo Hub,26.8467,80.9462,Meeting,High,On Time,,2024-02-08,2024-02-08 08:00,2024-02-08 10:30,45,0,Textiles,Deepak Mehta,Parking available
STP-000197,RT-115,Madurai Warehouse,9.9252,78.1198,Pickup,Medium,On Time,,2024-02-11,2024-02-11 09:00,2024-02-11 12:30,10,1985,Auto Parts,Priya Nair,High security zone
STP-000198,RT-115,Agra Distribution,27.1767,78.0081,Warehouse,Medium,On Time,,2024-02-18,2024-02-18 10:30,2024-02-18 13:30,30,1918,Textiles,Anil Sharma,Requires forklift
STP-000199,RT-116,Patancheru Depot,17.5334,78.2636,Warehouse,High,On Time,,2024-03-04,2024-03-04 13:00,2024-03-04 17:30,30,1358,FMCG,Neha Desai,
STP-000200,RT-116,Sriperumbudur Hub,12.9674,79.9482,Warehouse,High,Scheduled,,2024-02-21,2024-02-21 14:30,2024-02-21 18:00,30,746,Perishables,Amit Tiwari,Gate closes at 17:00
STP-000201,RT-116,Chennai Port Logistics,13.0967,80.29,Delivery,Medium,Cancelled,,2024-03-23,2024-03-23 12:00,2024-03-23 14:30,15,689,Documents,Deepak Mehta,Gate closes at 17:00
STP-000202,RT-116,Uppal Distribution,17.4062,78.5604,Delivery,Medium,Scheduled,,2024-02-17,2024-02-17 10:30,2024-02-17 13:30,15,1215,Perishables,Manish Gupta,Requires forklift
STP-000203,RT-116,Madhavaram Depot,13.1499,80.2318,Delivery,High,Scheduled,,2024-02-23,2024-02-23 08:00,2024-02-23 11:00,15,1505,FMCG,Priya Nair,High security zone
STP-000204,RT-116,Ambattur Industrial,13.0978,80.1609,Delivery,Low,Delayed,Customer not available,2024-03-01,2024-03-01 14:00,2024-03-01 17:30,15,663,Electronics,Vinod Yadav,Call 30 min before arrival
STP-000205,RT-117,Uppal Distribution,17.4062,78.5604,Delivery,High,On Time,,2024-03-12,2024-03-12 09:30,2024-03-12 12:30,15,839,Perishables,Rajesh Singh,Requires forklift
STP-000206,RT-117,Patancheru Depot,17.5334,78.2636,Meeting,Medium,Delayed,Customer not available,2024-03-19,2024-03-19 07:00,2024-03-19 11:30,45,0,Electronics,Neha Desai,Temperature controlled
STP-000207,RT-117,Shamshabad Cargo,17.2403,78.4294,Delivery,Low,On Time,,2024-01-14,2024-01-14 08:00,2024-01-14 12:30,15,947,Electronics,Vinod Yadav,
STP-000208,RT-117,Salt Lake Warehouse,22.5831,88.4177,Pickup,Medium,On Time,,2024-02-20,2024-02-20 13:00,2024-02-20 17:30,10,947,Textiles,Rajesh Singh,High security zone
STP-000209,RT-117,HITEC City Warehouse,17.4435,78.3772,Customs,Medium,On Time,,2024-01-16,2024-01-16 09:00,2024-01-16 12:30,60,0,Pharmaceuticals,Neha Desai,Requires forklift
STP-000210,RT-117,Dankuni Distribution,22.6748,88.2731,Pickup,Medium,On Time,,2024-02-19,2024-02-19 09:30,2024-02-19 13:00,10,1110,Perishables,Amit Tiwari,Requires forklift
STP-000211,RT-118,Dankuni Distribution,22.6748,88.2731,Meeting,Low,Cancelled,,2024-01-18,2024-01-18 07:00,2024-01-18 10:30,45,0,Textiles,Arjun Verma,
STP-000212,RT-118,Salt Lake Warehouse,22.5831,88.4177,Pickup,Medium,Scheduled,,2024-01-22,2024-01-22 14:00,2024-01-22 17:00,10,461,Pharmaceuticals,Ramesh Kumar,High security zone
STP-000213,RT-118,Rajkot Warehouse,22.3039,70.8022,Delivery,Medium,On Time,,2024-03-04,2024-03-04 14:00,2024-03-04 18:00,15,1122,Documents,Priya Nair,Call 30 min before arrival
STP-000214,RT-118,Howrah Industrial Hub,22.618,88.3292,Warehouse,Medium,Scheduled,,2024-01-14,2024-01-14 10:00,2024-01-14 13:30,30,76,Auto Parts,Vinod Yadav,Parking available
STP-000215,RT-118,Ahmedabad GIDC,23.0225,72.5714,Customs,High,On Time,,2024-01-27,2024-01-27 08:30,2024-01-27 10:30,60,0,FMCG,Ravi Krishnan,Temperature controlled
STP-000216,RT-118,Vadodara Depot,22.3072,73.1812,Warehouse,Low,Cancelled,,2024-02-05,2024-02-05 12:00,2024-02-05 16:30,30,609,Pharmaceuticals,Santosh Reddy,High security zone
STP-000217,RT-118,Surat Textile Hub,21.1702,72.8311,Rest,Medium,Scheduled,,2024-02-22,2024-02-22 08:00,2024-02-22 10:30,20,0,FMCG,Neha Desai,Requires forklift
STP-000218,RT-119,Vadodara Depot,22.3072,73.1812,Pickup,Medium,On Time,,2024-03-06,2024-03-06 08:30,2024-03-06 11:30,10,1009,Pharmaceuticals,Santosh Reddy,Call 30 min before arrival
STP-000219,RT-119,Chandigarh Distribution,30.7333,76.7794,Customs,Low,Scheduled,,2024-02-28,2024-02-28 08:30,2024-02-28 12:00,60,0,Auto Parts,Anil Sharma,
STP-000220,RT-119,Rajkot Warehouse,22.3039,70.8022,Warehouse,Medium,Scheduled,,2024-02-13,2024-02-13 12:00,2024-02-13 15:30,30,1841,Perishables,Ravi Krishnan,Call 30 min before arrival
STP-000221,RT-119,Ludhiana Warehouse,30.901,75.8573,Delivery,Medium,On Time,,2024-01-16,2024-01-16 14:00,2024-01-16 16:30,15,1972,Auto Parts,Anil Sharma,Requires forklift
STP-000222,RT-119,Agra Distribution,27.1767,78.0081,Customs,Medium,On Time,,2024-03-24,2024-03-24 11:30,2024-03-24 13:30,60,0,Perishables,Amit Tiwari,Requires forklift
STP-000223,RT-119,Surat Textile Hub,21.1702,72.8311,Delivery,Medium,On Time,,2024-03-24,2024-03-24 10:00,2024-03-24 13:00,15,986,Electronics,Rajesh Singh,Temperature controlled
STP-000224,RT-119,Jaipur Logistics Park,26.9124,75.7873,Pickup,Medium,Delayed,Customer not available,2024-02-13,2024-02-13 07:00,2024-02-13 11:30,10,155,FMCG,Deepak Mehta,Gate closes at 17:00
STP-000225,RT-119,Lonavala Transit Stop,18.7515,73.4061,Warehouse,High,Scheduled,,2024-02-08,2024-02-08 12:00,2024-02-08 15:30,30,1552,Documents,Rajesh Singh,Requires forklift
STP-000226,RT-119,Lucknow Cargo Hub,26.8467,80.9462,Delivery,Medium,Scheduled,,2024-02-14,2024-02-14 09:00,2024-02-14 12:00,15,1271,Perishables,Kavita Joshi,Temperature controlled
STP-000227,RT-119,Kanpur Industrial,26.4499,80.3319,Delivery,High,On Time,,2024-02-19,2024-02-19 08:30,2024-02-19 12:30,15,296,FMCG,Vinod Yadav,Gate closes at 17:00
STP-000228,RT-119,Ahmedabad GIDC,23.0225,72.5714,Delivery,Medium,On Time,,2024-01-04,2024-01-04 11:30,2024-01-04 15:00,15,1053,FMCG,Neha Desai,
STP-000229,RT-120,Agra Distribution,27.1767,78.0081,Delivery,Medium,On Time,,2024-01-02,2024-01-02 08:30,2024-01-02 12:30,15,1772,Documents,Santosh Reddy,
STP-000230,RT-120,Jaipur Logistics Park,26.9124,75.7873,Pickup,Medium,On Time,,2024-01-03,2024-01-03 14:00,2024-01-03 16:00,10,91,Electronics,Ravi Krishnan,
STP-000231,RT-120,Lucknow Cargo Hub,26.8467,80.9462,Pickup,Medium,Delayed,Document missing,2024-03-30,2024-03-30 13:30,2024-03-30 16:00,10,1271,FMCG,Vinod Yadav,Gate closes at 17:00
STP-000232,RT-120,Kochi Port Terminal,9.9312,76.2673,Delivery,Medium,Delayed,Driver illness,2024-03-09,2024-03-09 10:30,2024-03-09 12:30,15,1719,Perishables,Arjun Verma,Gate closes at 17:00
STP-000233,RT-120,Coimbatore Industrial,11.0168,76.9558,Delivery,Medium,On Time,,2024-02-01,2024-02-01 10:00,2024-02-01 12:30,15,1263,Textiles,Ramesh Kumar,High security zone
STP-000234,RT-120,Madurai Warehouse,9.9252,78.1198,Meeting,Medium,On Time,,2024-01-02,2024-01-02 09:00,2024-01-02 11:00,45,0,Pharmaceuticals,Manish Gupta,High security zone
STP-000235,RT-121,Kalyan Junction,19.2403,73.1305,Meeting,Medium,On Time,,2024-03-04,2024-03-04 12:00,2024-03-04 14:30,45,0,Documents,Suresh Patil,Gate closes at 17:00
STP-000236,RT-121,Electronic City Hub,12.8399,77.677,Delivery,Medium,On Time,,2024-02-01,2024-02-01 07:00,2024-02-01 09:30,15,1894,FMCG,Rajesh Singh,Call 30 min before arrival
STP-000237,RT-121,Panvel Port Gate,18.9894,73.1175,Meeting,Low,Scheduled,,2024-02-11,2024-02-11 13:00,2024-02-11 15:30,45,0,Pharmaceuticals,Vinod Yadav,Gate closes at 17:00
STP-000238,RT-121,Agra Distribution,27.1767,78.0081,Meeting,High,On Time,,2024-01-29,2024-01-29 07:00,2024-01-29 09:30,45,0,Auto Parts,Sunita Rao,High security zone
STP-000239,RT-121,Coimbatore Industrial,11.0168,76.9558,Warehouse,Medium,On Time,,2024-02-28,2024-02-28 08:00,2024-02-28 12:30,30,1164,Documents,Vinod Yadav,Temperature controlled
STP-000240,RT-121,Guwahati North Hub,26.1445,91.7362,Pickup,Medium,On Time,,2024-03-10,2024-03-10 14:00,2024-03-10 16:00,10,849,Electronics,Anil Sharma,Parking available
STP-000241,RT-121,Gurgaon Logistics Park,28.4595,77.0266,Meeting,Medium,On Time,,2024-01-01,2024-01-01 07:30,2024-01-01 10:30,45,0,Textiles,Anil Sharma,
STP-000242,RT-121,Lucknow Cargo Hub,26.8467,80.9462,Pickup,High,Scheduled,,2024-02-05,2024-02-05 09:00,2024-02-05 13:00,10,1847,Documents,Manish Gupta,
STP-000243,RT-121,Mulund Cold Storage,19.1726,72.9559,Warehouse,Medium,On Time,,2024-01-13,2024-01-13 08:00,2024-01-13 12:30,30,1172,Electronics,Deepak Mehta,Requires forklift
STP-000244,RT-121,Indore Logistics Hub,22.7196,75.8577,Delivery,Medium,On Time,,2024-03-30,2024-03-30 12:30,2024-03-30 15:30,15,488,Electronics,Anil Sharma,Requires forklift
STP-000245,RT-121,Andheri Distribution Hub,19.1196,72.8464,Warehouse,Medium,On Time,,2024-01-22,2024-01-22 09:30,2024-01-22 11:30,30,257,Textiles,Priya Nair,Temperature controlled
STP-000246,RT-121,Ghaziabad Cold Chain,28.6692,77.4538,Pickup,Medium,On Time,,2024-01-21,2024-01-21 08:30,2024-01-21 10:00,10,1764,Pharmaceuticals,Rajesh Singh,Gate closes at 17:00
STP-000247,RT-121,Chennai Port Logistics,13.0967,80.29,Warehouse,Low,Scheduled,,2024-01-07,2024-01-07 13:30,2024-01-07 17:30,30,366,Electronics,Deepak Mehta,
STP-000248,RT-121,Ranchi Distribution,23.3441,85.3096,Meeting,Medium,On Time,,2024-01-14,2024-01-14 08:00,2024-01-14 11:00,45,0,Documents,Ravi Krishnan,Temperature controlled
STP-000249,RT-121,Uppal Distribution,17.4062,78.5604,Delivery,Low,Scheduled,,2024-03-21,2024-03-21 12:00,2024-03-21 16:30,15,163,Electronics,Suresh Patil,Temperature controlled
STP-000250,RT-121,Navi Mumbai Logistics,19.033,73.0297,Customs,Medium,Scheduled,,2024-02-12,2024-02-12 09:00,2024-02-12 11:00,60,0,Electronics,Rajesh Singh,
STP-000251,RT-121,Connaught Place Hub,28.6315,77.2167,Warehouse,Medium,On Time,,2024-03-28,2024-03-28 07:30,2024-03-28 10:00,30,1870,FMCG,Vinod Yadav,High security zone
STP-000252,RT-121,Ludhiana Warehouse,30.901,75.8573,Pickup,High,Scheduled,,2024-02-07,2024-02-07 10:30,2024-02-07 14:30,10,991,Electronics,Suresh Patil,High security zone
STP-000253,RT-121,Howrah Industrial Hub,22.618,88.3292,Pickup,Medium,Scheduled,,2024-03-10,2024-03-10 10:00,2024-03-10 14:30,10,745,Auto Parts,Manish Gupta,
STP-000254,RT-122,Indore Logistics Hub,22.7196,75.8577,Delivery,Medium,Scheduled,,2024-01-08,2024-01-08 07:30,2024-01-08 10:30,15,486,FMCG,Suresh Patil,Temperature controlled
STP-000255,RT-122,Aurangabad Hub,19.8762,75.3433,Meeting,Medium,Scheduled,,2024-03-14,2024-03-14 07:30,2024-03-14 09:30,45,0,Documents,Rajesh Singh,Requires forklift
STP-000256,RT-122,Nashik Depot,19.9975,73.7898,Delivery,Medium,Delayed,Vehicle breakdown,2024-01-04,2024-01-04 12:30,2024-01-04 16:00,15,1723,Documents,Amit Tiwari,
STP-000257,RT-122,Ranchi Distribution,23.3441,85.3096,Pickup,High,On Time,,2024-01-08,2024-01-08 07:00,2024-01-08 09:00,10,988,Electronics,Priya Nair,Temperature controlled
STP-000258,RT-122,Guwahati North Hub,26.1445,91.7362,Warehouse,Medium,Delayed,Vehicle breakdown,2024-01-08,2024-01-08 09:00,2024-01-08 12:00,30,1595,Electronics,Sunita Rao,Parking available
STP-000259,RT-122,Patna Cargo Center,25.5941,85.1376,Rest,Medium,On Time,,2024-01-13,2024-01-13 13:30,2024-01-13 17:30,20,0,FMCG,Neha Desai,
STP-000260,RT-123,Aurangabad Hub,19.8762,75.3433,Pickup,Low,Scheduled,,2024-01-23,2024-01-23 11:00,2024-01-23 13:30,10,1588,Textiles,Ramesh Kumar,Requires forklift
STP-000261,RT-123,Kalyan Junction,19.2403,73.1305,Meeting,Low,On Time,,2024-03-13,2024-03-13 10:00,2024-03-13 14:30,45,0,Perishables,Suresh Patil,Temperature controlled
STP-000262,RT-123,BKC Corporate HQ,19.0658,72.8692,Delivery,Medium,On Time,,2024-03-26,2024-03-26 08:30,2024-03-26 12:30,15,439,FMCG,Neha Desai,Gate closes at 17:00
STP-000263,RT-123,Nagpur Cold Chain,21.1458,79.0882,Pickup,Low,Cancelled,,2024-02-19,2024-02-19 07:30,2024-02-19 09:30,10,1821,Auto Parts,Kavita Joshi,
STP-000264,RT-123,Panvel Port Gate,18.9894,73.1175,Pickup,Medium,On Time,,2024-03-24,2024-03-24 14:00,2024-03-24 18:00,10,1646,Documents,Ramesh Kumar,High security zone
STP-000265,RT-123,Bhopal Central Depot,23.2599,77.4126,Delivery,Medium,On Time,,2024-02-13,2024-02-13 08:00,2024-02-13 10:30,15,163,Textiles,Amit Tiwari,Gate closes at 17:00
STP-000266,RT-123,Uran Customs Terminal,18.8921,72.9448,Delivery,Low,Delayed,Customer not available,2024-01-04,2024-01-04 14:30,2024-01-04 18:00,15,331,Electronics,Suresh Patil,Parking available
STP-000267,RT-123,Bhiwandi Mega Depot,19.2979,73.0586,Delivery,High,On Time,,2024-02-06,2024-02-06 11:30,2024-02-06 15:00,15,814,Textiles,Manish Gupta,
STP-000268,RT-123,Thane Depot,19.2183,72.9781,Delivery,Medium,On Time,,2024-02-07,2024-02-07 13:30,2024-02-07 15:00,15,433,FMCG,Arjun Verma,High security zone
STP-000269,RT-123,Raipur Warehouse,21.2514,81.6296,Rest,Medium,Scheduled,,2024-02-20,2024-02-20 08:30,2024-02-20 11:30,20,0,Pharmaceuticals,Suresh Patil,
STP-000270,RT-124,Pune Warehouse Central,18.5204,73.8567,Meeting,High,Scheduled,,2024-02-22,2024-02-22 12:00,2024-02-22 16:00,45,0,Documents,Manish Gupta,
STP-000271,RT-124,Electronic City Hub,12.8399,77.677,Rest,Medium,On Time,,2024-01-31,2024-01-31 14:30,2024-01-31 18:30,20,0,Documents,Neha Desai,Call 30 min before arrival
STP-000272,RT-124,Ranchi Distribution,23.3441,85.3096,Pickup,Low,Cancelled,,2024-02-27,2024-02-27 09:00,2024-02-27 11:00,10,1665,FMCG,Rajesh Singh,Call 30 min before arrival
STP-000273,RT-124,Peenya Industrial Depot,13.0283,77.518,Pickup,Low,On Time,,2024-03-21,2024-03-21 13:00,2024-03-21 15:30,10,1499,Documents,Suresh Patil,Gate closes at 17:00
STP-000274,RT-124,Aurangabad Hub,19.8762,75.3433,Pickup,Medium,Scheduled,,2024-03-07,2024-03-07 12:30,2024-03-07 15:00,10,1286,Textiles,Manish Gupta,
STP-000275,RT-124,Nashik Depot,19.9975,73.7898,Delivery,High,Scheduled,,2024-03-13,2024-03-13 08:00,2024-03-13 10:30,15,1812,Pharmaceuticals,Amit Tiwari,
STP-000276,RT-124,Ambattur Industrial,13.0978,80.1609,Delivery,Medium,On Time,,2024-01-23,2024-01-23 14:30,2024-01-23 16:30,15,1256,Perishables,Neha Desai,
STP-000277,RT-124,BKC Corporate HQ,19.0658,72.8692,Delivery,Low,Scheduled,,2024-01-31,2024-01-31 12:00,2024-01-31 16:30,15,1847,Pharmaceuticals,Ramesh Kumar,Parking available
STP-000278,RT-124,Connaught Place Hub,28.6315,77.2167,Warehouse,Medium,On Time,,2024-03-30,2024-03-30 11:00,2024-03-30 14:00,30,1533,Auto Parts,Ravi Krishnan,Parking available
STP-000279,RT-124,Raipur Warehouse,21.2514,81.6296,Delivery,Medium,Delayed,Driver illness,2024-02-26,2024-02-26 08:00,2024-02-26 10:30,15,1067,Documents,Priya Nair,Call 30 min before arrival
STP-000280,RT-124,Sriperumbudur Hub,12.9674,79.9482,Pickup,High,Scheduled,,2024-03-05,2024-03-05 11:30,2024-03-05 15:00,10,1083,Textiles,Ramesh Kumar,Requires forklift
STP-000281,RT-124,Patna Cargo Center,25.5941,85.1376,Delivery,Low,Scheduled,,2024-01-05,2024-01-05 07:30,2024-01-05 09:00,15,1453,FMCG,Vinod Yadav,Parking available
STP-000282,RT-124,Pimpri Depot,18.6298,73.7997,Warehouse,Medium,On Time,,2024-01-04,2024-01-04 08:00,2024-01-04 12:30,30,923,FMCG,Sunita Rao,
STP-000283,RT-124,Gurgaon Logistics Park,28.4595,77.0266,Meeting,Medium,On Time,,2024-03-29,2024-03-29 09:00,2024-03-29 12:30,45,0,Electronics,Rajesh Singh,Temperature controlled
STP-000284,RT-124,Howrah Industrial Hub,22.618,88.3292,Customs,Medium,Scheduled,,2024-03-24,2024-03-24 10:30,2024-03-24 13:00,60,0,Documents,Arjun Verma,Call 30 min before arrival
STP-000285,RT-124,Thane Depot,19.2183,72.9781,Pickup,High,Delayed,Weather delay,2024-01-02,2024-01-02 09:00,2024-01-02 13:30,10,1469,Perishables,Arjun Verma,High security zone
STP-000286,RT-124,Uran Customs Terminal,18.8921,72.9448,Pickup,Medium,On Time,,2024-02-02,2024-02-02 12:00,2024-02-02 15:30,10,1076,Documents,Santosh Reddy,
STP-000287,RT-124,Chandigarh Distribution,30.7333,76.7794,Meeting,High,Delayed,Customer not available,2024-03-23,2024-03-23 12:30,2024-03-23 16:30,45,0,Electronics,Priya Nair,High security zone
STP-000288,RT-125,Ghaziabad Cold Chain,28.6692,77.4538,Rest,Medium,Scheduled,,2024-03-07,2024-03-07 10:00,2024-03-07 12:00,20,0,Documents,Ravi Krishnan,
STP-000289,RT-125,Connaught Place Hub,28.6315,77.2167,Meeting,Medium,Scheduled,,2024-03-04,2024-03-04 07:30,2024-03-04 11:30,45,0,Auto Parts,Deepak Mehta,Call 30 min before arrival
STP-000290,RT-125,Lonavala Transit Stop,18.7515,73.4061,Meeting,Low,On Time,,2024-01-29,2024-01-29 10:30,2024-01-29 13:30,45,0,Documents,Rajesh Singh,Requires forklift
STP-000291,RT-125,Faridabad Warehouse,28.4089,77.3178,Delivery,Medium,Delayed,Vehicle breakdown,2024-03-12,2024-03-12 11:00,2024-03-12 15:30,15,737,FMCG,Neha Desai,High security zone
STP-000292,RT-125,Delhi Cargo Terminal,28.5562,77.1,Pickup,Low,Scheduled,,2024-03-15,2024-03-15 12:30,2024-03-15 15:30,10,973,Electronics,Sunita Rao,Gate closes at 17:00
STP-000293,RT-125,Gurgaon Logistics Park,28.4595,77.0266,Pickup,High,On Time,,2024-02-18,2024-02-18 08:30,2024-02-18 12:30,10,1759,FMCG,Rajesh Singh,Temperature controlled
STP-000294,RT-126,Ghaziabad Cold Chain,28.6692,77.4538,Warehouse,Medium,On Time,,2024-03-22,2024-03-22 09:00,2024-03-22 12:00,30,438,Documents,Ravi Krishnan,Requires forklift
STP-000295,RT-126,Whitefield Warehouse,12.9698,77.75,Meeting,High,On Time,,2024-03-19,2024-03-19 08:30,2024-03-19 10:30,45,0,Auto Parts,Deepak Mehta,Call 30 min before arrival
STP-000296,RT-126,Electronic City Hub,12.8399,77.677,Delivery,High,Delayed,Customs hold,2024-02-11,2024-02-11 12:00,2024-02-11 14:00,15,1512,FMCG,Anil Sharma,Parking available
STP-000297,RT-126,Noida Distribution Center,28.5355,77.391,Delivery,High,Scheduled,,2024-01-09,2024-01-09 11:00,2024-01-09 13:30,15,943,Perishables,Manish Gupta,Parking available
STP-000298,RT-126,Peenya Industrial Depot,13.0283,77.518,Pickup,Medium,On Time,,2024-03-03,2024-03-03 09:30,2024-03-03 12:00,10,1867,Documents,Deepak Mehta,Call 30 min before arrival
STP-000299,RT-126,Bommanahalli Pickup,12.9133,77.6398,Delivery,Low,On Time,,2024-01-03,2024-01-03 09:00,2024-01-03 11:00,15,1342,Documents,Ramesh Kumar,
STP-000300,RT-126,Gurgaon Logistics Park,28.4595,77.0266,Customs,Medium,On Time,,2024-01-07,2024-01-07 07:00,2024-01-07 11:00,60,0,Electronics,Deepak Mehta,
STP-000301,RT-127,Ambattur Industrial,13.0978,80.1609,Delivery,Medium,Scheduled,,2024-03-18,2024-03-18 11:00,2024-03-18 15:30,15,224,Textiles,Neha Desai,Gate closes at 17:00
STP-000302,RT-127,Electronic City Hub,12.8399,77.677,Delivery,Low,Scheduled,,2024-03-18,2024-03-18 14:00,2024-03-18 16:30,15,423,Pharmaceuticals,Neha Desai,
STP-000303,RT-127,Bommanahalli Pickup,12.9133,77.6398,Delivery,High,On Time,,2024-03-29,2024-03-29 14:30,2024-03-29 16:30,15,36,Perishables,Suresh Patil,Gate closes at 17:00
STP-000304,RT-127,Peenya Industrial Depot,13.0283,77.518,Warehouse,Medium,Scheduled,,2024-03-06,2024-03-06 09:00,2024-03-06 11:00,30,1329,FMCG,Kavita Joshi,High security zone
STP-000305,RT-127,Yeshwanthpur Junction,13.0299,77.552,Delivery,High,On Time,,2024-02-07,2024-02-07 09:30,2024-02-07 11:30,15,247,Electronics,Sunita Rao,Call 30 min before arrival
STP-000306,RT-127,Sriperumbudur Hub,12.9674,79.9482,Delivery,High,Scheduled,,2024-02-15,2024-02-15 09:30,2024-02-15 12:30,15,200,Pharmaceuticals,Sunita Rao,Parking available
STP-000307,RT-127,Whitefield Warehouse,12.9698,77.75,Delivery,Medium,Delayed,Driver illness,2024-02-19,2024-02-19 14:30,2024-02-19 17:30,15,351,Electronics,Rajesh Singh,Call 30 min before arrival
STP-000308,RT-127,Chennai Port Logistics,13.0967,80.29,Rest,Low,On Time,,2024-03-16,2024-03-16 08:30,2024-03-16 11:30,20,0,Auto Parts,Ravi Krishnan,Parking available
STP-000309,RT-128,Ahmedabad GIDC,23.0225,72.5714,Meeting,High,Delayed,Vehicle breakdown,2024-02-13,2024-02-13 10:00,2024-02-13 14:30,45,0,Auto Parts,Priya Nair,
STP-000310,RT-128,Andheri Distribution Hub,19.1196,72.8464,Delivery,Low,Scheduled,,2024-03-23,2024-03-23 07:00,2024-03-23 09:30,15,1790,FMCG,Suresh Patil,
STP-000311,RT-128,Guwahati North Hub,26.1445,91.7362,Delivery,Medium,On Time,,2024-03-05,2024-03-05 11:00,2024-03-05 13:30,15,491,Electronics,Kavita Joshi,
STP-000312,RT-128,Jaipur Logistics Park,26.9124,75.7873,Warehouse,Medium,Delayed,Traffic congestion,2024-02-10,2024-02-10 14:00,2024-02-10 17:30,30,220,Auto Parts,Deepak Mehta,Call 30 min before arrival
STP-000313,RT-128,Ranchi Distribution,23.3441,85.3096,Meeting,High,Delayed,Customer not available,2024-03-20,2024-03-20 08:30,2024-03-20 12:00,45,0,Pharmaceuticals,Priya Nair,Call 30 min before arrival
STP-000314,RT-128,Bhubaneswar Depot,20.2961,85.8245,Warehouse,Low,Delayed,Traffic congestion,2024-03-20,2024-03-20 12:30,2024-03-20 16:30,30,209,Documents,Arjun Verma,Temperature controlled
STP-000315,RT-128,Lucknow Cargo Hub,26.8467,80.9462,Delivery,Medium,On Time,,2024-03-07,2024-03-07 11:30,2024-03-07 15:00,15,346,Auto Parts,Rajesh Singh,
STP-000316,RT-128,Panvel Port Gate,18.9894,73.1175,Delivery,Medium,Scheduled,,2024-02-20,2024-02-20 10:00,2024-02-20 12:30,15,400,Perishables,Priya Nair,Gate closes at 17:00
STP-000317,RT-128,Madhavaram Depot,13.1499,80.2318,Warehouse,High,On Time,,2024-02-28,2024-02-28 08:00,2024-02-28 11:30,30,1517,Electronics,Manish Gupta,
STP-000318,RT-128,HITEC City Warehouse,17.4435,78.3772,Warehouse,Medium,On Time,,2024-03-15,2024-03-15 09:00,2024-03-15 13:00,30,1356,Textiles,Santosh Reddy,Parking available
STP-000319,RT-128,Mulund Cold Storage,19.1726,72.9559,Pickup,Medium,On Time,,2024-02-20,2024-02-20 10:30,2024-02-20 13:30,10,283,FMCG,Deepak Mehta,High security zone
STP-000320,RT-128,Bommanahalli Pickup,12.9133,77.6398,Warehouse,Medium,On Time,,2024-03-11,2024-03-11 12:00,2024-03-11 16:00,30,1473,Pharmaceuticals,Arjun Verma,Parking available
STP-000321,RT-128,Ambattur Industrial,13.0978,80.1609,Customs,High,Scheduled,,2024-03-10,2024-03-10 09:30,2024-03-10 13:00,60,0,Textiles,Kavita Joshi,
STP-000322,RT-128,BKC Corporate HQ,19.0658,72.8692,Meeting,Low,On Time,,2024-01-02,2024-01-02 11:00,2024-01-02 14:00,45,0,Electronics,Arjun Verma,Call 30 min before arrival
STP-000323,RT-128,Navi Mumbai Logistics,19.033,73.0297,Delivery,Low,Scheduled,,2024-03-28,2024-03-28 09:30,2024-03-28 12:00,15,1424,Documents,Vinod Yadav,Temperature controlled
STP-000324,RT-128,Connaught Place Hub,28.6315,77.2167,Warehouse,High,On Time,,2024-03-19,2024-03-19 14:00,2024-03-19 16:30,30,1616,Documents,Ravi Krishnan,High security zone
STP-000325,RT-129,Bommanahalli Pickup,12.9133,77.6398,Warehouse,Low,Cancelled,,2024-01-23,2024-01-23 11:00,2024-01-23 14:00,30,1515,Textiles,Suresh Patil,
STP-000326,RT-129,Thane Depot,19.2183,72.9781,Delivery,Medium,On Time,,2024-01-21,2024-01-21 11:30,2024-01-21 13:00,15,1463,FMCG,Ramesh Kumar,Requires forklift
STP-000327,RT-129,Dankuni Distribution,22.6748,88.2731,Customs,Medium,Scheduled,,2024-03-14,2024-03-14 11:30,2024-03-14 14:00,60,0,Pharmaceuticals,Manish Gupta,Temperature controlled
STP-000328,RT-129,Visakhapatnam Port,17.6868,83.2185,Rest,Medium,On Time,,2024-03-10,2024-03-10 09:30,2024-03-10 12:00,20,0,FMCG,Arjun Verma,Parking available
STP-000329,RT-129,Patancheru Depot,17.5334,78.2636,Delivery,Medium,Delayed,Customer not available,2024-03-24,2024-03-24 14:00,2024-03-24 18:00,15,502,Perishables,Santosh Reddy,Temperature controlled
STP-000330,RT-129,Kochi Port Terminal,9.9312,76.2673,Rest,Medium,On Time,,2024-01-15,2024-01-15 12:30,2024-01-15 15:30,20,0,Pharmaceuticals,Ramesh Kumar,Parking available
STP-000331,RT-129,Peenya Industrial Depot,13.0283,77.518,Pickup,Medium,On Time,,2024-02-07,2024-02-07 14:00,2024-02-07 16:30,10,1951,Electronics,Rajesh Singh,Call 30 min before arrival
STP-000332,RT-129,Shamshabad Cargo,17.2403,78.4294,Meeting,Medium,On Time,,2024-02-24,2024-02-24 10:00,2024-02-24 14:00,45,0,Perishables,Amit Tiwari,
STP-000333,RT-129,Uppal Distribution,17.4062,78.5604,Meeting,Low,On Time,,2024-02-28,2024-02-28 09:30,2024-02-28 11:00,45,0,Electronics,Rajesh Singh,High security zone
STP-000334,RT-129,Kolkata Dock Logistics,22.5726,88.3639,Meeting,Medium,Delayed,Customer not available,2024-02-22,2024-02-22 10:30,2024-02-22 13:30,45,0,Pharmaceuticals,Ramesh Kumar,
STP-000335,RT-129,HITEC City Warehouse,17.4435,78.3772,Meeting,Medium,On Time,,2024-03-15,2024-03-15 08:00,2024-03-15 12:00,45,0,Textiles,Suresh Patil,High security zone
STP-000336,RT-129,Howrah Industrial Hub,22.618,88.3292,Warehouse,Medium,Scheduled,,2024-02-26,2024-02-26 08:30,2024-02-26 11:30,30,73,Auto Parts,Rajesh Singh,Temperature controlled
STP-000337,RT-129,Salt Lake Warehouse,22.5831,88.4177,Delivery,Medium,Cancelled,,2024-01-19,2024-01-19 11:30,2024-01-19 15:30,15,32,Textiles,Sunita Rao,Requires forklift
STP-000338,RT-130,BKC Corporate HQ,19.0658,72.8692,Delivery,Medium,Scheduled,,2024-01-15,2024-01-15 11:00,2024-01-15 13:00,15,1919,Textiles,Kavita Joshi,Gate closes at 17:00
STP-000339,RT-130,Vadodara Depot,22.3072,73.1812,Delivery,High,On Time,,2024-03-15,2024-03-15 08:30,2024-03-15 10:30,15,1384,Perishables,Anil Sharma,Gate closes at 17:00
STP-000340,RT-130,Mulund Cold Storage,19.1726,72.9559,Delivery,High,Delayed,Weather delay,2024-03-03,2024-03-03 10:30,2024-03-03 13:30,15,1430,Textiles,Rajesh Singh,Parking available
STP-000341,RT-130,Chandigarh Distribution,30.7333,76.7794,Warehouse,Low,Delayed,Customs hold,2024-02-10,2024-02-10 09:00,2024-02-10 11:00,30,903,Pharmaceuticals,Sunita Rao,Parking available
STP-000342,RT-130,Howrah Industrial Hub,22.618,88.3292,Delivery,Low,On Time,,2024-02-27,2024-02-27 14:30,2024-02-27 17:30,15,232,FMCG,Arjun Verma,Gate closes at 17:00
STP-000343,RT-130,Dankuni Distribution,22.6748,88.2731,Warehouse,Low,Delayed,Traffic congestion,2024-01-26,2024-01-26 09:30,2024-01-26 13:00,30,1749,Textiles,Arjun Verma,Call 30 min before arrival
STP-000344,RT-130,Rajkot Warehouse,22.3039,70.8022,Warehouse,Medium,Delayed,Vehicle breakdown,2024-03-11,2024-03-11 10:30,2024-03-11 12:30,30,759,Auto Parts,Anil Sharma,High security zone
STP-000345,RT-130,Dadar Warehouse,19.0178,72.8478,Delivery,Medium,Scheduled,,2024-02-16,2024-02-16 08:00,2024-02-16 11:00,15,1661,Textiles,Arjun Verma,Requires forklift
STP-000346,RT-130,Surat Textile Hub,21.1702,72.8311,Warehouse,High,Scheduled,,2024-03-13,2024-03-13 09:00,2024-03-13 11:30,30,92,FMCG,Ravi Krishnan,
STP-000347,RT-130,Salt Lake Warehouse,22.5831,88.4177,Delivery,Medium,On Time,,2024-03-26,2024-03-26 10:00,2024-03-26 12:30,15,1889,Auto Parts,Amit Tiwari,Call 30 min before arrival
STP-000348,RT-130,Kolkata Dock Logistics,22.5726,88.3639,Delivery,Medium,Delayed,Document missing,2024-03-07,2024-03-07 08:30,2024-03-07 12:30,15,366,Auto Parts,Arjun Verma,
STP-000349,RT-130,Ahmedabad GIDC,23.0225,72.5714,Pickup,Medium,On Time,,2024-02-02,2024-02-02 08:30,2024-02-02 12:00,10,732,Documents,Sunita Rao,Parking available
STP-000350,RT-131,Lucknow Cargo Hub,26.8467,80.9462,Delivery,High,On Time,,2024-01-20,2024-01-20 11:00,2024-01-20 13:00,15,1479,Documents,Suresh Patil,Temperature controlled
STP-000351,RT-131,Kanpur Industrial,26.4499,80.3319,Pickup,Medium,On Time,,2024-03-27,2024-03-27 08:30,2024-03-27 11:30,10,340,Perishables,Sunita Rao,
STP-000352,RT-131,Ahmedabad GIDC,23.0225,72.5714,Delivery,High,On Time,,2024-03-21,2024-03-21 09:00,2024-03-21 11:00,15,538,FMCG,Manish Gupta,
STP-000353,RT-131,Jaipur Logistics Park,26.9124,75.7873,Meeting,Medium,On Time,,2024-03-25,2024-03-25 07:30,2024-03-25 11:00,45,0,Textiles,Kavita Joshi,
STP-000354,RT-131,Surat Textile Hub,21.1702,72.8311,Delivery,Low,Delayed,Weather delay,2024-01-24,2024-01-24 09:30,2024-01-24 13:00,15,1898,Auto Parts,Santosh Reddy,Gate closes at 17:00
STP-000355,RT-131,Rajkot Warehouse,22.3039,70.8022,Delivery,Medium,Delayed,Vehicle breakdown,2024-01-26,2024-01-26 08:30,2024-01-26 10:00,15,984,Textiles,Santosh Reddy,Call 30 min before arrival
STP-000356,RT-132,Ranchi Distribution,23.3441,85.3096,Pickup,Low,Delayed,Customs hold,2024-03-02,2024-03-02 13:30,2024-03-02 15:30,10,1869,Documents,Sunita Rao,Gate closes at 17:00
STP-000357,RT-132,Kochi Port Terminal,9.9312,76.2673,Pickup,Medium,On Time,,2024-02-06,2024-02-06 10:30,2024-02-06 12:30,10,1462,Perishables,Ravi Krishnan,Call 30 min before arrival
STP-000358,RT-132,Shamshabad Cargo,17.2403,78.4294,Meeting,High,On Time,,2024-03-24,2024-03-24 07:00,2024-03-24 10:30,45,0,Electronics,Rajesh Singh,
STP-000359,RT-132,Patancheru Depot,17.5334,78.2636,Meeting,Medium,Scheduled,,2024-02-16,2024-02-16 13:30,2024-02-16 17:30,45,0,Auto Parts,Manish Gupta,
STP-000360,RT-132,Kanpur Industrial,26.4499,80.3319,Delivery,Medium,Delayed,Driver illness,2024-02-09,2024-02-09 14:30,2024-02-09 17:30,15,1779,Perishables,Suresh Patil,Temperature controlled
STP-000361,RT-132,Mulund Cold Storage,19.1726,72.9559,Pickup,Medium,Scheduled,,2024-01-28,2024-01-28 09:30,2024-01-28 11:30,10,1267,Perishables,Arjun Verma,Call 30 min before arrival
STP-000362,RT-132,Bhiwandi Mega Depot,19.2979,73.0586,Delivery,Low,On Time,,2024-01-19,2024-01-19 07:30,2024-01-19 09:30,15,548,FMCG,Priya Nair,Gate closes at 17:00
STP-000363,RT-132,Madhavaram Depot,13.1499,80.2318,Meeting,Low,Scheduled,,2024-03-24,2024-03-24 13:30,2024-03-24 17:00,45,0,Documents,Rajesh Singh,
STP-000364,RT-132,Rajkot Warehouse,22.3039,70.8022,Pickup,Medium,Delayed,Weather delay,2024-01-05,2024-01-05 11:00,2024-01-05 13:00,10,499,Perishables,Ramesh Kumar,Requires forklift
STP-000365,RT-132,Panvel Port Gate,18.9894,73.1175,Delivery,Medium,Delayed,Document missing,2024-03-26,2024-03-26 13:30,2024-03-26 16:30,15,41,Perishables,Neha Desai,Gate closes at 17:00
STP-000366,RT-132,Salt Lake Warehouse,22.5831,88.4177,Customs,Medium,On Time,,2024-02-05,2024-02-05 12:00,2024-02-05 15:00,60,0,Auto Parts,Santosh Reddy,Call 30 min before arrival
STP-000367,RT-132,Raipur Warehouse,21.2514,81.6296,Delivery,Medium,Scheduled,,2024-01-10,2024-01-10 08:30,2024-01-10 12:30,15,1654,Textiles,Vinod Yadav,High security zone
STP-000368,RT-132,Dadar Warehouse,19.0178,72.8478,Meeting,Low,Scheduled,,2024-02-13,2024-02-13 14:30,2024-02-13 16:30,45,0,Documents,Ramesh Kumar,
STP-000369,RT-132,Coimbatore Industrial,11.0168,76.9558,Delivery,High,On Time,,2024-03-30,2024-03-30 10:00,2024-03-30 14:30,15,733,Textiles,Manish Gupta,Call 30 min before arrival
STP-000370,RT-132,Jaipur Logistics Park,26.9124,75.7873,Warehouse,Medium,Delayed,Vehicle breakdown,2024-02-21,2024-02-21 11:30,2024-02-21 13:00,30,985,Pharmaceuticals,Priya Nair,Temperature controlled
STP-000371,RT-132,Vadodara Depot,22.3072,73.1812,Customs,Medium,Scheduled,,2024-01-26,2024-01-26 10:00,2024-01-26 13:00,60,0,FMCG,Anil Sharma,Temperature controlled
STP-000372,RT-132,Chennai Port Logistics,13.0967,80.29,Warehouse,Low,Delayed,Customs hold,2024-01-14,2024-01-14 12:00,2024-01-14 14:00,30,1018,Textiles,Ramesh Kumar,Call 30 min before arrival
STP-000373,RT-132,Uppal Distribution,17.4062,78.5604,Warehouse,Medium,On Time,,2024-03-14,2024-03-14 12:30,2024-03-14 15:30,30,1575,Textiles,Vinod Yadav,
STP-000374,RT-133,Coimbatore Industrial,11.0168,76.9558,Delivery,High,On Time,,2024-03-15,2024-03-15 10:00,2024-03-15 13:30,15,1775,Pharmaceuticals,Rajesh Singh,High security zone
STP-000375,RT-133,Pimpri Depot,18.6298,73.7997,Delivery,Medium,On Time,,2024-01-24,2024-01-24 12:30,2024-01-24 15:30,15,1445,Documents,Priya Nair,Parking available
STP-000376,RT-133,Guwahati North Hub,26.1445,91.7362,Customs,Medium,Delayed,Driver illness,2024-01-17,2024-01-17 09:00,2024-01-17 13:00,60,0,FMCG,Manish Gupta,
STP-000377,RT-133,Ranchi Distribution,23.3441,85.3096,Customs,High,On Time,,2024-01-02,2024-01-02 09:00,2024-01-02 12:30,60,0,Documents,Arjun Verma,Parking available
STP-000378,RT-133,Panvel Port Gate,18.9894,73.1175,Warehouse,Medium,On Time,,2024-01-13,2024-01-13 07:00,2024-01-13 10:00,30,530,Auto Parts,Sunita Rao,Gate closes at 17:00
STP-000379,RT-133,Bhubaneswar Depot,20.2961,85.8245,Pickup,Medium,On Time,,2024-03-12,2024-03-12 12:30,2024-03-12 15:30,10,258,Pharmaceuticals,Sunita Rao,Temperature controlled
STP-000380,RT-133,Madurai Warehouse,9.9252,78.1198,Meeting,Medium,Scheduled,,2024-02-15,2024-02-15 09:30,2024-02-15 12:30,45,0,Auto Parts,Amit Tiwari,Gate closes at 17:00
STP-000381,RT-133,Visakhapatnam Port,17.6868,83.2185,Pickup,Medium,Delayed,Document missing,2024-03-22,2024-03-22 09:30,2024-03-22 11:30,10,838,Documents,Amit Tiwari,Gate closes at 17:00
STP-000382,RT-133,Kochi Port Terminal,9.9312,76.2673,Delivery,Medium,Delayed,Customer not available,2024-03-24,2024-03-24 12:30,2024-03-24 15:30,15,565,Auto Parts,Ravi Krishnan,Parking available
STP-000383,RT-133,Kanpur Industrial,26.4499,80.3319,Warehouse,Medium,On Time,,2024-01-22,2024-01-22 14:00,2024-01-22 17:00,30,490,Perishables,Vinod Yadav,Gate closes at 17:00
STP-000384,RT-133,Howrah Industrial Hub,22.618,88.3292,Delivery,Medium,Scheduled,,2024-03-01,2024-03-01 08:00,2024-03-01 10:00,15,1083,Documents,Suresh Patil,Gate closes at 17:00
STP-000385,RT-133,Patna Cargo Center,25.5941,85.1376,Delivery,High,On Time,,2024-01-30,2024-01-30 13:00,2024-01-30 16:30,15,268,FMCG,Manish Gupta,Requires forklift
STP-000386,RT-134,Bhubaneswar Depot,20.2961,85.8245,Customs,Medium,Delayed,Customer not available,2024-02-26,2024-02-26 11:00,2024-02-26 15:00,60,0,Perishables,Neha Desai,
STP-000387,RT-134,Nashik Depot,19.9975,73.7898,Pickup,Medium,On Time,,2024-03-02,2024-03-02 11:00,2024-03-02 14:00,10,759,Auto Parts,Vinod Yadav,Requires forklift
STP-000388,RT-134,Indore Logistics Hub,22.7196,75.8577,Delivery,High,Delayed,Customer not available,2024-02-06,2024-02-06 09:30,2024-02-06 12:00,15,1949,Documents,Kavita Joshi,High security zone
STP-000389,RT-134,Bhopal Central Depot,23.2599,77.4126,Delivery,Medium,On Time,,2024-01-30,2024-01-30 11:00,2024-01-30 15:30,15,1816,Textiles,Deepak Mehta,
STP-000390,RT-134,Guwahati North Hub,26.1445,91.7362,Delivery,Low,On Time,,2024-01-29,2024-01-29 13:30,2024-01-29 16:00,15,500,Textiles,Ravi Krishnan,High security zone
STP-000391,RT-135,Uran Customs Terminal,18.8921,72.9448,Delivery,Medium,Cancelled,,2024-01-03,2024-01-03 10:00,2024-01-03 13:00,15,55,FMCG,Suresh Patil,High security zone
STP-000392,RT-135,Panvel Port Gate,18.9894,73.1175,Delivery,Low,On Time,,2024-01-12,2024-01-12 07:00,2024-01-12 09:00,15,710,Auto Parts,Vinod Yadav,
STP-000393,RT-135,Kurla Sorting Center,19.0728,72.8826,Rest,Medium,On Time,,2024-01-11,2024-01-11 07:00,2024-01-11 10:00,20,0,Auto Parts,Suresh Patil,
STP-000394,RT-135,Thane Depot,19.2183,72.9781,Delivery,Low,On Time,,2024-01-02,2024-01-02 11:00,2024-01-02 14:00,15,917,FMCG,Neha Desai,Call 30 min before arrival
STP-000395,RT-135,Andheri Distribution Hub,19.1196,72.8464,Delivery,Low,On Time,,2024-03-26,2024-03-26 08:00,2024-03-26 12:30,15,1978,Pharmaceuticals,Amit Tiwari,Parking available
STP-000396,RT-135,BKC Corporate HQ,19.0658,72.8692,Delivery,Low,On Time,,2024-03-02,2024-03-02 08:30,2024-03-02 11:00,15,116,Documents,Arjun Verma,Temperature controlled
STP-000397,RT-135,Nagpur Cold Chain,21.1458,79.0882,Rest,Medium,Delayed,Customer not available,2024-01-02,2024-01-02 13:00,2024-01-02 16:30,20,0,Documents,Anil Sharma,Call 30 min before arrival
STP-000398,RT-135,Navi Mumbai Logistics,19.033,73.0297,Rest,Medium,Scheduled,,2024-03-17,2024-03-17 14:00,2024-03-17 18:30,20,0,FMCG,Rajesh Singh,
STP-000399,RT-135,Indore Logistics Hub,22.7196,75.8577,Delivery,Medium,On Time,,2024-02-15,2024-02-15 07:00,2024-02-15 09:00,15,486,Pharmaceuticals,Manish Gupta,Parking available
STP-000400,RT-135,Mulund Cold Storage,19.1726,72.9559,Warehouse,Medium,Delayed,Weather delay,2024-03-29,2024-03-29 10:30,2024-03-29 12:30,30,1850,Electronics,Kavita Joshi,
STP-000401,RT-135,Nashik Depot,19.9975,73.7898,Meeting,Medium,On Time,,2024-03-13,2024-03-13 14:00,2024-03-13 16:30,45,0,Auto Parts,Vinod Yadav,Requires forklift
STP-000402,RT-135,Bhopal Central Depot,23.2599,77.4126,Delivery,High,On Time,,2024-03-10,2024-03-10 11:30,2024-03-10 14:30,15,1316,Textiles,Deepak Mehta,Requires forklift
STP-000403,RT-136,Ranchi Distribution,23.3441,85.3096,Delivery,Medium,Scheduled,,2024-03-07,2024-03-07 08:00,2024-03-07 10:00,15,275,FMCG,Sunita Rao,Call 30 min before arrival
STP-000404,RT-136,Andheri Distribution Hub,19.1196,72.8464,Delivery,Medium,On Time,,2024-03-14,2024-03-14 08:30,2024-03-14 10:30,15,1446,Textiles,Vinod Yadav,Call 30 min before arrival
STP-000405,RT-136,Ahmedabad GIDC,23.0225,72.5714,Pickup,Medium,On Time,,2024-01-27,2024-01-27 08:30,2024-01-27 10:00,10,1318,Electronics,Priya Nair,
STP-000406,RT-136,Patna Cargo Center,25.5941,85.1376,Warehouse,Low,Scheduled,,2024-02-04,2024-02-04 07:00,2024-02-04 11:00,30,169,FMCG,Manish Gupta,Gate closes at 17:00
STP-000407,RT-136,Electronic City Hub,12.8399,77.677,Delivery,Medium,Delayed,Document missing,2024-01-25,2024-01-25 13:00,2024-01-25 15:00,15,860,Perishables,Suresh Patil,Parking available
STP-000408,RT-136,Coimbatore Industrial,11.0168,76.9558,Meeting,Low,On Time,,2024-01-22,2024-01-22 13:00,2024-01-22 15:30,45,0,Perishables,Rajesh Singh,
STP-000409,RT-136,Raipur Warehouse,21.2514,81.6296,Customs,Low,Delayed,Document missing,2024-02-22,2024-02-22 12:30,2024-02-22 15:30,60,0,Textiles,Anil Sharma,
STP-000410,RT-136,Lonavala Transit Stop,18.7515,73.4061,Warehouse,Low,On Time,,2024-02-27,2024-02-27 11:30,2024-02-27 14:30,30,80,Pharmaceuticals,Santosh Reddy,Call 30 min before arrival
STP-000411,RT-136,Delhi Cargo Terminal,28.5562,77.1,Pickup,Low,Scheduled,,2024-02-08,2024-02-08 11:00,2024-02-08 13:00,10,54,Documents,Sunita Rao,High security zone
STP-000412,RT-136,Lucknow Cargo Hub,26.8467,80.9462,Customs,Medium,On Time,,2024-01-05,2024-01-05 09:30,2024-01-05 11:30,60,0,Pharmaceuticals,Priya Nair,Temperature controlled
STP-000413,RT-136,Navi Mumbai Logistics,19.033,73.0297,Delivery,Low,Delayed,Driver illness,2024-02-21,2024-02-21 08:00,2024-02-21 12:00,15,998,FMCG,Kavita Joshi,Gate closes at 17:00
STP-000414,RT-136,Rajkot Warehouse,22.3039,70.8022,Meeting,Medium,Scheduled,,2024-01-08,2024-01-08 13:30,2024-01-08 15:30,45,0,Auto Parts,Deepak Mehta,Gate closes at 17:00
STP-000415,RT-136,Shamshabad Cargo,17.2403,78.4294,Customs,Medium,On Time,,2024-03-21,2024-03-21 07:30,2024-03-21 11:00,60,0,Electronics,Priya Nair,Requires forklift
STP-000416,RT-136,Peenya Industrial Depot,13.0283,77.518,Delivery,Medium,Scheduled,,2024-03-27,2024-03-27 09:30,2024-03-27 11:30,15,1188,Textiles,Suresh Patil,Temperature controlled
STP-000417,RT-136,Hinjewadi Tech Zone,18.5912,73.7389,Pickup,Low,Delayed,Traffic congestion,2024-02-13,2024-02-13 09:00,2024-02-13 11:30,10,1132,Auto Parts,Vinod Yadav,Gate closes at 17:00
STP-000418,RT-136,Uppal Distribution,17.4062,78.5604,Pickup,Medium,On Time,,2024-03-02,2024-03-02 09:00,2024-03-02 11:30,10,1180,FMCG,Manish Gupta,Temperature controlled
STP-000419,RT-136,Jaipur Logistics Park,26.9124,75.7873,Delivery,Medium,Delayed,Customer not available,2024-03-28,2024-03-28 13:00,2024-03-28 16:00,15,758,Pharmaceuticals,Anil Sharma,Parking available
STP-000420,RT-136,HITEC City Warehouse,17.4435,78.3772,Delivery,Medium,On Time,,2024-02-14,2024-02-14 11:30,2024-02-14 13:00,15,1902,Documents,Anil Sharma,Temperature controlled
STP-000421,RT-136,Kolkata Dock Logistics,22.5726,88.3639,Meeting,High,Scheduled,,2024-01-07,2024-01-07 08:00,2024-01-07 10:00,45,0,Documents,Vinod Yadav,Call 30 min before arrival
STP-000422,RT-136,Uran Customs Terminal,18.8921,72.9448,Delivery,Low,On Time,,2024-03-01,2024-03-01 11:00,2024-03-01 14:30,15,1111,FMCG,Anil Sharma,High security zone
STP-000423,RT-136,Nashik Depot,19.9975,73.7898,Pickup,Medium,Delayed,Customs hold,2024-03-30,2024-03-30 09:00,2024-03-30 13:30,10,1088,Electronics,Vinod Yadav,Requires forklift
STP-000424,RT-136,Noida Distribution Center,28.5355,77.391,Delivery,Medium,On Time,,2024-02-29,2024-02-29 11:00,2024-02-29 13:00,15,565,Perishables,Sunita Rao,Parking available
STP-000425,RT-137,Guwahati North Hub,26.1445,91.7362,Customs,High,On Time,,2024-02-09,2024-02-09 10:30,2024-02-09 14:30,60,0,FMCG,Ramesh Kumar,Parking available
STP-000426,RT-137,Kurla Sorting Center,19.0728,72.8826,Meeting,Medium,Delayed,Customer not available,2024-03-05,2024-03-05 11:30,2024-03-05 13:00,45,0,Documents,Ramesh Kumar,High security zone
STP-000427,RT-137,Andheri Distribution Hub,19.1196,72.8464,Delivery,Medium,On Time,,2024-01-18,2024-01-18 13:00,2024-01-18 17:30,15,1398,Textiles,Sunita Rao,Temperature controlled
STP-000428,RT-137,Noida Distribution Center,28.5355,77.391,Pickup,Medium,On Time,,2024-03-18,2024-03-18 13:30,2024-03-18 16:30,10,433,Perishables,Rajesh Singh,Temperature controlled
STP-000429,RT-137,Nashik Depot,19.9975,73.7898,Customs,Medium,On Time,,2024-01-19,2024-01-19 09:00,2024-01-19 12:30,60,0,Textiles,Neha Desai,Gate closes at 17:00
STP-000430,RT-137,Ranchi Distribution,23.3441,85.3096,Delivery,Low,Cancelled,,2024-01-04,2024-01-04 09:30,2024-01-04 13:30,15,631,Auto Parts,Neha Desai,High security zone
STP-000431,RT-137,Vadodara Depot,22.3072,73.1812,Delivery,High,Delayed,Vehicle breakdown,2024-01-04,2024-01-04 09:30,2024-01-04 11:00,15,1417,Electronics,Priya Nair,Gate closes at 17:00
STP-000432,RT-137,Peenya Industrial Depot,13.0283,77.518,Meeting,Medium,Scheduled,,2024-03-24,2024-03-24 14:30,2024-03-24 18:00,45,0,Auto Parts,Kavita Joshi,Requires forklift
STP-000433,RT-137,Pimpri Depot,18.6298,73.7997,Delivery,Medium,Delayed,Vehicle breakdown,2024-02-04,2024-02-04 13:30,2024-02-04 15:00,15,1561,FMCG,Suresh Patil,Requires forklift
STP-000434,RT-137,Indore Logistics Hub,22.7196,75.8577,Customs,Low,On Time,,2024-02-11,2024-02-11 14:30,2024-02-11 18:00,60,0,Documents,Ramesh Kumar,
STP-000435,RT-137,Patancheru Depot,17.5334,78.2636,Warehouse,Medium,Scheduled,,2024-01-14,2024-01-14 07:30,2024-01-14 11:30,30,96,FMCG,Manish Gupta,
STP-000436,RT-137,Ludhiana Warehouse,30.901,75.8573,Rest,High,On Time,,2024-03-21,2024-03-21 13:00,2024-03-21 17:00,20,0,Auto Parts,Amit Tiwari,High security zone
STP-000437,RT-137,Aurangabad Hub,19.8762,75.3433,Warehouse,Medium,On Time,,2024-02-07,2024-02-07 09:00,2024-02-07 12:00,30,1333,Auto Parts,Suresh Patil,Gate closes at 17:00
STP-000438,RT-137,Delhi Cargo Terminal,28.5562,77.1,Delivery,Medium,On Time,,2024-02-22,2024-02-22 09:30,2024-02-22 12:30,15,939,Textiles,Amit Tiwari,Temperature controlled
STP-000439,RT-137,HITEC City Warehouse,17.4435,78.3772,Customs,High,On Time,,2024-03-24,2024-03-24 12:00,2024-03-24 16:00,60,0,Perishables,Kavita Joshi,Parking available
STP-000440,RT-137,Salt Lake Warehouse,22.5831,88.4177,Delivery,Low,Scheduled,,2024-03-11,2024-03-11 09:30,2024-03-11 12:00,15,1878,Pharmaceuticals,Santosh Reddy,Requires forklift
STP-000441,RT-137,Shamshabad Cargo,17.2403,78.4294,Delivery,High,On Time,,2024-02-09,2024-02-09 07:30,2024-02-09 10:30,15,380,Electronics,Amit Tiwari,Requires forklift
STP-000442,RT-137,Bhiwandi Mega Depot,19.2979,73.0586,Rest,High,On Time,,2024-02-28,2024-02-28 11:30,2024-02-28 13:30,20,0,Electronics,Santosh Reddy,
STP-000443,RT-137,Pune Warehouse Central,18.5204,73.8567,Delivery,Medium,Delayed,Traffic congestion,2024-02-22,2024-02-22 14:30,2024-02-22 17:00,15,511,Textiles,Vinod Yadav,Temperature controlled
STP-000444,RT-137,Hinjewadi Tech Zone,18.5912,73.7389,Delivery,High,On Time,,2024-01-19,2024-01-19 12:00,2024-01-19 14:30,15,189,Electronics,Suresh Patil,
STP-000445,RT-137,Visakhapatnam Port,17.6868,83.2185,Rest,High,Delayed,Weather delay,2024-03-25,2024-03-25 11:00,2024-03-25 15:30,20,0,Electronics,Suresh Patil,High security zone
STP-000446,RT-137,Sriperumbudur Hub,12.9674,79.9482,Delivery,Low,On Time,,2024-03-11,2024-03-11 08:00,2024-03-11 11:30,15,259,Perishables,Sunita Rao,High security zone
STP-000447,RT-137,Kolkata Dock Logistics,22.5726,88.3639,Delivery,Medium,Delayed,Customs hold,2024-01-27,2024-01-27 10:00,2024-01-27 14:00,15,1093,Electronics,Kavita Joshi,High security zone
STP-000448,RT-138,Whitefield Warehouse,12.9698,77.75,Pickup,High,On Time,,2024-02-07,2024-02-07 10:00,2024-02-07 14:00,10,962,Perishables,Ravi Krishnan,Gate closes at 17:00
STP-000449,RT-138,Yeshwanthpur Junction,13.0299,77.552,Warehouse,Medium,Delayed,Customs hold,2024-01-06,2024-01-06 13:30,2024-01-06 16:30,30,444,Electronics,Arjun Verma,Temperature controlled
STP-000450,RT-138,Ghaziabad Cold Chain,28.6692,77.4538,Meeting,Medium,On Time,,2024-02-08,2024-02-08 08:30,2024-02-08 11:00,45,0,Pharmaceuticals,Priya Nair,
STP-000451,RT-138,Delhi Cargo Terminal,28.5562,77.1,Warehouse,Medium,Scheduled,,2024-01-25,2024-01-25 07:30,2024-01-25 09:30,30,991,Auto Parts,Ravi Krishnan,Call 30 min before arrival
STP-000452,RT-138,Electronic City Hub,12.8399,77.677,Meeting,Medium,Scheduled,,2024-02-12,2024-02-12 14:30,2024-02-12 18:30,45,0,Electronics,Sunita Rao,High security zone
STP-000453,RT-138,Bommanahalli Pickup,12.9133,77.6398,Meeting,Medium,On Time,,2024-03-14,2024-03-14 07:30,2024-03-14 09:30,45,0,FMCG,Vinod Yadav,Call 30 min before arrival
STP-000454,RT-138,Peenya Industrial Depot,13.0283,77.518,Delivery,Medium,Delayed,Driver illness,2024-03-18,2024-03-18 09:30,2024-03-18 13:00,15,1612,Documents,Vinod Yadav,Parking available
STP-000455,RT-138,Noida Distribution Center,28.5355,77.391,Warehouse,Medium,Scheduled,,2024-01-31,2024-01-31 08:30,2024-01-31 11:30,30,629,FMCG,Manish Gupta,High security zone
STP-000456,RT-138,Connaught Place Hub,28.6315,77.2167,Delivery,Medium,Scheduled,,2024-01-12,2024-01-12 07:30,2024-01-12 09:00,15,1863,Textiles,Rajesh Singh,Temperature controlled
STP-000457,RT-138,Gurgaon Logistics Park,28.4595,77.0266,Delivery,Medium,On Time,,2024-01-19,2024-01-19 11:00,2024-01-19 14:00,15,84,Auto Parts,Deepak Mehta,Gate closes at 17:00
STP-000458,RT-138,Faridabad Warehouse,28.4089,77.3178,Delivery,Low,On Time,,2024-02-29,2024-02-29 08:00,2024-02-29 11:00,15,1359,Perishables,Vinod Yadav,Call 30 min before arrival
STP-000459,RT-139,Nagpur Cold Chain,21.1458,79.0882,Delivery,Medium,On Time,,2024-03-12,2024-03-12 07:00,2024-03-12 11:00,15,1135,Pharmaceuticals,Vinod Yadav,Requires forklift
STP-000460,RT-139,Yeshwanthpur Junction,13.0299,77.552,Customs,Low,On Time,,2024-01-10,2024-01-10 10:30,2024-01-10 12:30,60,0,Electronics,Rajesh Singh,Call 30 min before arrival
STP-000461,RT-139,Chennai Port Logistics,13.0967,80.29,Pickup,Medium,On Time,,2024-01-07,2024-01-07 08:00,2024-01-07 11:30,10,1453,Textiles,Amit Tiwari,
STP-000462,RT-139,Faridabad Warehouse,28.4089,77.3178,Meeting,Medium,Delayed,Traffic congestion,2024-03-26,2024-03-26 10:00,2024-03-26 14:30,45,0,Documents,Ravi Krishnan,
STP-000463,RT-139,Madhavaram Depot,13.1499,80.2318,Delivery,Medium,Scheduled,,2024-01-30,2024-01-30 14:00,2024-01-30 17:00,15,1273,Pharmaceuticals,Amit Tiwari,Parking available
STP-000464,RT-139,Peenya Industrial Depot,13.0283,77.518,Pickup,Medium,On Time,,2024-02-28,2024-02-28 12:30,2024-02-28 15:00,10,241,Pharmaceuticals,Kavita Joshi,
STP-000465,RT-139,Ambattur Industrial,13.0978,80.1609,Warehouse,Medium,On Time,,2024-03-14,2024-03-14 12:00,2024-03-14 16:00,30,1472,Documents,Suresh Patil,Parking available
STP-000466,RT-139,Bommanahalli Pickup,12.9133,77.6398,Meeting,High,On Time,,2024-02-29,2024-02-29 11:30,2024-02-29 15:30,45,0,FMCG,Manish Gupta,Requires forklift
STP-000467,RT-139,Ludhiana Warehouse,30.901,75.8573,Rest,Medium,Delayed,Weather delay,2024-03-29,2024-03-29 12:30,2024-03-29 14:30,20,0,Textiles,Neha Desai,Temperature controlled
STP-000468,RT-139,Electronic City Hub,12.8399,77.677,Delivery,Medium,Delayed,Driver illness,2024-03-16,2024-03-16 14:30,2024-03-16 16:30,15,921,FMCG,Vinod Yadav,
STP-000469,RT-139,Whitefield Warehouse,12.9698,77.75,Delivery,High,On Time,,2024-03-04,2024-03-04 13:00,2024-03-04 16:00,15,294,Textiles,Amit Tiwari,Call 30 min before arrival
STP-000470,RT-139,Sriperumbudur Hub,12.9674,79.9482,Warehouse,Medium,On Time,,2024-02-07,2024-02-07 14:30,2024-02-07 18:30,30,1405,Pharmaceuticals,Vinod Yadav,High security zone
STP-000471,RT-140,Indore Logistics Hub,22.7196,75.8577,Pickup,Medium,On Time,,2024-02-18,2024-02-18 12:30,2024-02-18 16:30,10,442,Perishables,Rajesh Singh,
STP-000472,RT-140,Raipur Warehouse,21.2514,81.6296,Delivery,Medium,On Time,,2024-01-20,2024-01-20 12:30,2024-01-20 15:00,15,156,Perishables,Ramesh Kumar,Requires forklift
STP-000473,RT-140,Bhopal Central Depot,23.2599,77.4126,Warehouse,Medium,Scheduled,,2024-01-11,2024-01-11 13:00,2024-01-11 15:30,30,1840,Documents,Neha Desai,
STP-000474,RT-140,Chennai Port Logistics,13.0967,80.29,Meeting,Medium,On Time,,2024-02-27,2024-02-27 13:30,2024-02-27 17:30,45,0,Auto Parts,Santosh Reddy,Call 30 min before arrival
STP-000475,RT-140,Ludhiana Warehouse,30.901,75.8573,Meeting,Low,Scheduled,,2024-03-05,2024-03-05 10:30,2024-03-05 14:30,45,0,Textiles,Priya Nair,Call 30 min before arrival
STP-000476,RT-140,Whitefield Warehouse,12.9698,77.75,Rest,Medium,On Time,,2024-03-15,2024-03-15 12:30,2024-03-15 14:00,20,0,Perishables,Manish Gupta,High security zone
STP-000477,RT-140,Bhiwandi Mega Depot,19.2979,73.0586,Pickup,High,Delayed,Weather delay,2024-03-01,2024-03-01 08:00,2024-03-01 10:30,10,1105,Documents,Ramesh Kumar,
STP-000478,RT-140,Dankuni Distribution,22.6748,88.2731,Pickup,Low,On Time,,2024-02-15,2024-02-15 12:30,2024-02-15 15:30,10,1433,Textiles,Neha Desai,High security zone
STP-000479,RT-140,Dadar Warehouse,19.0178,72.8478,Warehouse,Medium,Delayed,Weather delay,2024-03-01,2024-03-01 07:00,2024-03-01 11:00,30,1666,Perishables,Santosh Reddy,Call 30 min before arrival
STP-000480,RT-140,Ahmedabad GIDC,23.0225,72.5714,Delivery,High,On Time,,2024-02-02,2024-02-02 08:00,2024-02-02 11:30,15,536,Electronics,Neha Desai,Gate closes at 17:00
STP-000481,RT-140,Patancheru Depot,17.5334,78.2636,Meeting,Low,On Time,,2024-02-27,2024-02-27 09:30,2024-02-27 13:00,45,0,Perishables,Anil Sharma,
STP-000482,RT-140,Yeshwanthpur Junction,13.0299,77.552,Delivery,Medium,Scheduled,,2024-01-11,2024-01-11 07:00,2024-01-11 10:00,15,1551,Auto Parts,Ravi Krishnan,
STP-000483,RT-140,Panvel Port Gate,18.9894,73.1175,Delivery,Medium,Delayed,Driver illness,2024-03-14,2024-03-14 09:30,2024-03-14 11:00,15,1688,Electronics,Ramesh Kumar,Requires forklift
STP-000484,RT-140,Noida Distribution Center,28.5355,77.391,Pickup,Medium,Delayed,Customer not available,2024-03-09,2024-03-09 14:00,2024-03-09 18:30,10,981,Pharmaceuticals,Rajesh Singh,
STP-000485,RT-140,Thane Depot,19.2183,72.9781,Delivery,Low,On Time,,2024-03-27,2024-03-27 14:30,2024-03-27 17:00,15,1098,Perishables,Priya Nair,
STP-000486,RT-140,Electronic City Hub,12.8399,77.677,Meeting,Medium,On Time,,2024-02-04,2024-02-04 11:30,2024-02-04 14:00,45,0,Textiles,Deepak Mehta,
STP-000487,RT-140,Kolkata Dock Logistics,22.5726,88.3639,Warehouse,Low,On Time,,2024-02-13,2024-02-13 10:00,2024-02-13 14:30,30,1387,Electronics,Sunita Rao,Gate closes at 17:00
STP-000488,RT-140,Kanpur Industrial,26.4499,80.3319,Delivery,High,Delayed,Weather delay,2024-02-27,2024-02-27 08:30,2024-02-27 12:00,15,405,Electronics,Ramesh Kumar,Gate closes at 17:00
STP-000489,RT-140,Patna Cargo Center,25.5941,85.1376,Delivery,Medium,On Time,,2024-03-22,2024-03-22 10:00,2024-03-22 14:00,15,1248,FMCG,Deepak Mehta,Requires forklift
STP-000490,RT-140,Lucknow Cargo Hub,26.8467,80.9462,Customs,Medium,Scheduled,,2024-02-29,2024-02-29 11:00,2024-02-29 14:30,60,0,Pharmaceuticals,Ravi Krishnan,
STP-000491,RT-140,Nagpur Cold Chain,21.1458,79.0882,Meeting,Medium,Scheduled,,2024-01-21,2024-01-21 12:00,2024-01-21 15:30,45,0,Auto Parts,Deepak Mehta,Parking available
STP-000492,RT-140,Mulund Cold Storage,19.1726,72.9559,Rest,Medium,Cancelled,,2024-02-26,2024-02-26 11:00,2024-02-26 13:30,20,0,FMCG,Santosh Reddy,
STP-000493,RT-140,Coimbatore Industrial,11.0168,76.9558,Delivery,Medium,Scheduled,,2024-02-25,2024-02-25 09:00,2024-02-25 13:00,15,1475,Pharmaceuticals,Suresh Patil,Call 30 min before arrival
STP-000494,RT-140,Andheri Distribution Hub,19.1196,72.8464,Delivery,Medium,Delayed,Traffic congestion,2024-01-03,2024-01-03 11:30,2024-01-03 14:00,15,1920,Electronics,Arjun Verma,
STP-000495,RT-140,Lonavala Transit Stop,18.7515,73.4061,Delivery,Low,On Time,,2024-01-01,2024-01-01 13:30,2024-01-01 17:30,15,1738,Perishables,Ravi Krishnan,Gate closes at 17:00
STP-000496,RT-141,Shamshabad Cargo,17.2403,78.4294,Pickup,Medium,Scheduled,,2024-03-09,2024-03-09 08:30,2024-03-09 11:00,10,1567,Documents,Vinod Yadav,Temperature controlled
STP-000497,RT-141,Pimpri Depot,18.6298,73.7997,Delivery,High,Scheduled,,2024-01-25,2024-01-25 13:30,2024-01-25 17:30,15,1301,Perishables,Priya Nair,
STP-000498,RT-141,Dadar Warehouse,19.0178,72.8478,Delivery,Medium,Delayed,Document missing,2024-01-05,2024-01-05 10:00,2024-01-05 12:00,15,498,Auto Parts,Deepak Mehta,Gate closes at 17:00
STP-000499,RT-141,Peenya Industrial Depot,13.0283,77.518,Warehouse,Medium,On Time,,2024-02-27,2024-02-27 14:00,2024-02-27 18:00,30,701,Documents,Neha Desai,Call 30 min before arrival
STP-000500,RT-141,Chandigarh Distribution,30.7333,76.7794,Pickup,Medium,Scheduled,,2024-03-09,2024-03-09 14:00,2024-03-09 18:00,10,85,Perishables,Rajesh Singh,
STP-000501,RT-141,Visakhapatnam Port,17.6868,83.2185,Meeting,Medium,On Time,,2024-03-30,2024-03-30 07:00,2024-03-30 09:00,45,0,Electronics,Amit Tiwari,High security zone
STP-000502,RT-141,Coimbatore Industrial,11.0168,76.9558,Warehouse,High,On Time,,2024-01-09,2024-01-09 09:00,2024-01-09 13:00,30,1646,Textiles,Anil Sharma,Gate closes at 17:00
STP-000503,RT-141,Madhavaram Depot,13.1499,80.2318,Warehouse,Medium,Scheduled,,2024-01-16,2024-01-16 13:00,2024-01-16 16:30,30,1634,FMCG,Ravi Krishnan,Call 30 min before arrival
STP-000504,RT-141,Mulund Cold Storage,19.1726,72.9559,Meeting,Medium,Delayed,Document missing,2024-01-19,2024-01-19 08:30,2024-01-19 11:00,45,0,FMCG,Kavita Joshi,Temperature controlled
STP-000505,RT-141,Howrah Industrial Hub,22.618,88.3292,Customs,High,On Time,,2024-03-19,2024-03-19 08:30,2024-03-19 12:00,60,0,Auto Parts,Suresh Patil,Call 30 min before arrival
STP-000506,RT-141,Nashik Depot,19.9975,73.7898,Delivery,Low,On Time,,2024-03-29,2024-03-29 11:30,2024-03-29 14:00,15,1320,Pharmaceuticals,Manish Gupta,
STP-000507,RT-141,Whitefield Warehouse,12.9698,77.75,Pickup,Low,Delayed,Driver illness,2024-01-24,2024-01-24 07:30,2024-01-24 11:00,10,626,Pharmaceuticals,Deepak Mehta,Call 30 min before arrival
STP-000508,RT-141,Ghaziabad Cold Chain,28.6692,77.4538,Meeting,High,Scheduled,,2024-02-16,2024-02-16 08:00,2024-02-16 12:30,45,0,Perishables,Anil Sharma,High security zone
STP-000509,RT-141,Jaipur Logistics Park,26.9124,75.7873,Delivery,High,On Time,,2024-03-01,2024-03-01 09:30,2024-03-01 13:00,15,1899,Electronics,Ramesh Kumar,Parking available
STP-000510,RT-141,Faridabad Warehouse,28.4089,77.3178,Delivery,Medium,Delayed,Document missing,2024-02-28,2024-02-28 12:00,2024-02-28 16:00,15,370,FMCG,Ravi Krishnan,Call 30 min before arrival
STP-000511,RT-142,HITEC City Warehouse,17.4435,78.3772,Customs,Medium,Delayed,Driver illness,2024-01-30,2024-01-30 08:00,2024-01-30 11:00,60,0,FMCG,Deepak Mehta,Temperature controlled
STP-000512,RT-142,Patancheru Depot,17.5334,78.2636,Delivery,Medium,On Time,,2024-01-19,2024-01-19 07:00,2024-01-19 10:30,15,774,FMCG,Kavita Joshi,Temperature controlled
STP-000513,RT-142,Mulund Cold Storage,19.1726,72.9559,Meeting,Low,On Time,,2024-01-17,2024-01-17 10:00,2024-01-17 13:00,45,0,Electronics,Sunita Rao,
STP-000514,RT-142,Navi Mumbai Logistics,19.033,73.0297,Pickup,High,Delayed,Document missing,2024-02-07,2024-02-07 12:00,2024-02-07 14:00,10,1761,FMCG,Suresh Patil,
STP-000515,RT-142,Nagpur Cold Chain,21.1458,79.0882,Customs,Medium,On Time,,2024-03-01,2024-03-01 10:30,2024-03-01 14:30,60,0,Auto Parts,Neha Desai,Temperature controlled
STP-000516,RT-142,Lonavala Transit Stop,18.7515,73.4061,Delivery,Medium,Cancelled,,2024-01-20,2024-01-20 10:00,2024-01-20 14:30,15,92,Auto Parts,Neha Desai,Call 30 min before arrival
STP-000517,RT-142,Lucknow Cargo Hub,26.8467,80.9462,Pickup,Medium,Delayed,Traffic congestion,2024-03-04,2024-03-04 08:00,2024-03-04 11:00,10,1429,Perishables,Deepak Mehta,Temperature controlled
STP-000518,RT-142,Ambattur Industrial,13.0978,80.1609,Delivery,Medium,Delayed,Driver illness,2024-03-02,2024-03-02 08:30,2024-03-02 10:00,15,1178,Perishables,Santosh Reddy,Call 30 min before arrival
STP-000519,RT-142,Dankuni Distribution,22.6748,88.2731,Rest,Medium,Delayed,Customs hold,2024-02-21,2024-02-21 09:00,2024-02-21 13:30,20,0,Perishables,Ramesh Kumar,Gate closes at 17:00
STP-000520,RT-142,Patna Cargo Center,25.5941,85.1376,Pickup,Medium,Scheduled,,2024-02-24,2024-02-24 07:30,2024-02-24 10:00,10,175,Textiles,Amit Tiwari,Parking available
STP-000521,RT-142,Delhi Cargo Terminal,28.5562,77.1,Warehouse,High,On Time,,2024-01-15,2024-01-15 12:30,2024-01-15 14:30,30,93,Pharmaceuticals,Priya Nair,Requires forklift
STP-000522,RT-142,Bommanahalli Pickup,12.9133,77.6398,Meeting,Low,Delayed,Customs hold,2024-02-12,2024-02-12 10:00,2024-02-12 12:00,45,0,Documents,Santosh Reddy,Temperature controlled
STP-000523,RT-142,Hinjewadi Tech Zone,18.5912,73.7389,Warehouse,Low,On Time,,2024-02-04,2024-02-04 12:30,2024-02-04 15:30,30,773,Pharmaceuticals,Kavita Joshi,
STP-000524,RT-142,Agra Distribution,27.1767,78.0081,Pickup,Low,Delayed,Driver illness,2024-03-09,2024-03-09 14:30,2024-03-09 18:30,10,1388,Perishables,Ravi Krishnan,Gate closes at 17:00
STP-000525,RT-142,Jaipur Logistics Park,26.9124,75.7873,Delivery,Low,Cancelled,,2024-02-20,2024-02-20 08:00,2024-02-20 10:30,15,167,Electronics,Rajesh Singh,High security zone
STP-000526,RT-143,Surat Textile Hub,21.1702,72.8311,Delivery,Low,Delayed,Traffic congestion,2024-02-14,2024-02-14 09:30,2024-02-14 12:30,15,607,FMCG,Suresh Patil,Call 30 min before arrival
STP-000527,RT-143,Vadodara Depot,22.3072,73.1812,Customs,Medium,On Time,,2024-03-15,2024-03-15 12:30,2024-03-15 15:30,60,0,Perishables,Neha Desai,
STP-000528,RT-143,Lucknow Cargo Hub,26.8467,80.9462,Pickup,Medium,On Time,,2024-02-03,2024-02-03 11:00,2024-02-03 13:30,10,600,Documents,Sunita Rao,Call 30 min before arrival
STP-000529,RT-143,Kanpur Industrial,26.4499,80.3319,Delivery,Medium,Cancelled,,2024-01-21,2024-01-21 09:30,2024-01-21 13:00,15,1728,Perishables,Neha Desai,Requires forklift
STP-000530,RT-143,Ludhiana Warehouse,30.901,75.8573,Delivery,High,On Time,,2024-01-17,2024-01-17 12:30,2024-01-17 16:30,15,430,Textiles,Neha Desai,Call 30 min before arrival
STP-000531,RT-143,Jaipur Logistics Park,26.9124,75.7873,Meeting,Low,On Time,,2024-02-27,2024-02-27 09:00,2024-02-27 12:30,45,0,Electronics,Deepak Mehta,
STP-000532,RT-143,Ahmedabad GIDC,23.0225,72.5714,Warehouse,Low,On Time,,2024-01-01,2024-01-01 12:30,2024-01-01 14:30,30,603,Documents,Santosh Reddy,Requires forklift
STP-000533,RT-144,Visakhapatnam Port,17.6868,83.2185,Warehouse,Low,On Time,,2024-03-11,2024-03-11 09:00,2024-03-11 13:30,30,1274,Documents,Anil Sharma,
STP-000534,RT-144,Kochi Port Terminal,9.9312,76.2673,Pickup,Medium,On Time,,2024-03-08,2024-03-08 10:00,2024-03-08 14:30,10,181,Textiles,Sunita Rao,
STP-000535,RT-144,Kanpur Industrial,26.4499,80.3319,Meeting,Low,Scheduled,,2024-03-03,2024-03-03 13:30,2024-03-03 15:00,45,0,Pharmaceuticals,Deepak Mehta,Requires forklift
STP-000536,RT-144,Madurai Warehouse,9.9252,78.1198,Warehouse,Medium,On Time,,2024-01-02,2024-01-02 13:30,2024-01-02 16:30,30,922,Documents,Manish Gupta,Gate closes at 17:00
STP-000537,RT-144,Jaipur Logistics Park,26.9124,75.7873,Delivery,Low,Delayed,Customer not available,2024-02-06,2024-02-06 13:00,2024-02-06 16:30,15,295,Documents,Santosh Reddy,Gate closes at 17:00
STP-000538,RT-145,Madurai Warehouse,9.9252,78.1198,Customs,Medium,On Time,,2024-01-01,2024-01-01 13:30,2024-01-01 15:30,60,0,Textiles,Kavita Joshi,Requires forklift
STP-000539,RT-145,Kochi Port Terminal,9.9312,76.2673,Delivery,Low,Scheduled,,2024-03-03,2024-03-03 11:00,2024-03-03 15:30,15,632,Auto Parts,Manish Gupta,
STP-000540,RT-145,Ranchi Distribution,23.3441,85.3096,Delivery,Low,Delayed,Weather delay,2024-02-08,2024-02-08 09:30,2024-02-08 12:00,15,864,FMCG,Kavita Joshi,Temperature controlled
STP-000541,RT-145,Visakhapatnam Port,17.6868,83.2185,Delivery,Low,Delayed,Driver illness,2024-03-17,2024-03-17 14:30,2024-03-17 16:30,15,538,Perishables,Arjun Verma,
STP-000542,RT-145,Patna Cargo Center,25.5941,85.1376,Rest,Low,On Time,,2024-03-14,2024-03-14 12:00,2024-03-14 16:30,20,0,Electronics,Rajesh Singh,Parking available
STP-000543,RT-145,Coimbatore Industrial,11.0168,76.9558,Pickup,Medium,On Time,,2024-01-07,2024-01-07 12:30,2024-01-07 14:30,10,1877,Pharmaceuticals,Ramesh Kumar,High security zone
STP-000544,RT-146,Patna Cargo Center,25.5941,85.1376,Pickup,Medium,Scheduled,,2024-01-18,2024-01-18 09:30,2024-01-18 11:30,10,853,Pharmaceuticals,Amit Tiwari,Requires forklift
STP-000545,RT-146,Aurangabad Hub,19.8762,75.3433,Delivery,High,On Time,,2024-03-12,2024-03-12 10:00,2024-03-12 12:30,15,166,Electronics,Sunita Rao,Requires forklift
STP-000546,RT-146,Ranchi Distribution,23.3441,85.3096,Customs,Medium,Scheduled,,2024-02-16,2024-02-16 11:00,2024-02-16 15:30,60,0,Textiles,Manish Gupta,Parking available
STP-000547,RT-146,Guwahati North Hub,26.1445,91.7362,Delivery,Medium,On Time,,2024-01-17,2024-01-17 08:00,2024-01-17 10:00,15,439,FMCG,Suresh Patil,
STP-000548,RT-146,Surat Textile Hub,21.1702,72.8311,Meeting,Low,On Time,,2024-03-02,2024-03-02 08:30,2024-03-02 10:00,45,0,Electronics,Ravi Krishnan,Call 30 min before arrival
STP-000549,RT-146,Nashik Depot,19.9975,73.7898,Pickup,Low,Scheduled,,2024-02-08,2024-02-08 07:00,2024-02-08 09:00,10,1894,Textiles,Anil Sharma,Temperature controlled
STP-000550,RT-146,Nagpur Cold Chain,21.1458,79.0882,Delivery,Medium,On Time,,2024-02-05,2024-02-05 08:30,2024-02-05 10:30,15,1035,Documents,Neha Desai,Temperature controlled
STP-000551,RT-146,Raipur Warehouse,21.2514,81.6296,Pickup,High,On Time,,2024-01-28,2024-01-28 07:00,2024-01-28 11:30,10,1554,Textiles,Ramesh Kumar,Gate closes at 17:00
STP-000552,RT-146,Indore Logistics Hub,22.7196,75.8577,Customs,Low,Delayed,Traffic congestion,2024-03-30,2024-03-30 14:00,2024-03-30 17:30,60,0,FMCG,Sunita Rao,Parking available
STP-000553,RT-146,Bhopal Central Depot,23.2599,77.4126,Rest,Medium,On Time,,2024-01-15,2024-01-15 10:30,2024-01-15 13:00,20,0,Textiles,Rajesh Singh,
STP-000554,RT-146,Uppal Distribution,17.4062,78.5604,Warehouse,Low,On Time,,2024-02-11,2024-02-11 07:30,2024-02-11 09:00,30,945,Textiles,Neha Desai,High security zone
STP-000555,RT-146,Noida Distribution Center,28.5355,77.391,Meeting,Low,On Time,,2024-02-22,2024-02-22 10:30,2024-02-22 14:30,45,0,Electronics,Amit Tiwari,
STP-000556,RT-146,Bhubaneswar Depot,20.2961,85.8245,Customs,Medium,On Time,,2024-03-03,2024-03-03 07:00,2024-03-03 11:30,60,0,Perishables,Arjun Verma,Gate closes at 17:00
STP-000557,RT-147,Thane Depot,19.2183,72.9781,Rest,Medium,On Time,,2024-01-30,2024-01-30 13:30,2024-01-30 15:30,20,0,Perishables,Ravi Krishnan,High security zone
STP-000558,RT-147,Navi Mumbai Logistics,19.033,73.0297,Warehouse,Low,On Time,,2024-03-01,2024-03-01 13:30,2024-03-01 16:30,30,311,Documents,Kavita Joshi,Gate closes at 17:00
STP-000559,RT-147,Kurla Sorting Center,19.0728,72.8826,Delivery,Medium,Delayed,Driver illness,2024-01-18,2024-01-18 10:00,2024-01-18 14:00,15,149,Auto Parts,Arjun Verma,Call 30 min before arrival
STP-000560,RT-147,Raipur Warehouse,21.2514,81.6296,Rest,Medium,Delayed,Document missing,2024-02-08,2024-02-08 12:00,2024-02-08 14:00,20,0,Documents,Kavita Joshi,
STP-000561,RT-147,Nagpur Cold Chain,21.1458,79.0882,Delivery,Medium,Cancelled,,2024-02-03,2024-02-03 14:30,2024-02-03 18:00,15,74,Auto Parts,Amit Tiwari,Gate closes at 17:00
STP-000562,RT-147,Uran Customs Terminal,18.8921,72.9448,Pickup,Medium,On Time,,2024-02-28,2024-02-28 13:00,2024-02-28 16:00,10,1360,Documents,Ravi Krishnan,High security zone
STP-000563,RT-147,Andheri Distribution Hub,19.1196,72.8464,Customs,High,Scheduled,,2024-02-09,2024-02-09 13:30,2024-02-09 15:30,60,0,Textiles,Arjun Verma,
STP-000564,RT-147,BKC Corporate HQ,19.0658,72.8692,Meeting,Medium,On Time,,2024-03-12,2024-03-12 14:00,2024-03-12 17:00,45,0,Auto Parts,Santosh Reddy,
STP-000565,RT-147,Kalyan Junction,19.2403,73.1305,Meeting,Medium,On Time,,2024-01-08,2024-01-08 11:00,2024-01-08 14:00,45,0,Pharmaceuticals,Priya Nair,Call 30 min before arrival
STP-000566,RT-147,Bhiwandi Mega Depot,19.2979,73.0586,Warehouse,Medium,On Time,,2024-02-24,2024-02-24 13:30,2024-02-24 15:30,30,125,Perishables,Anil Sharma,Temperature controlled
STP-000567,RT-148,Lonavala Transit Stop,18.7515,73.4061,Delivery,Medium,On Time,,2024-03-06,2024-03-06 13:30,2024-03-06 17:30,15,971,Textiles,Ramesh Kumar,Parking available
STP-000568,RT-148,Vadodara Depot,22.3072,73.1812,Pickup,Medium,On Time,,2024-01-13,2024-01-13 08:00,2024-01-13 11:30,10,1671,Documents,Arjun Verma,Parking available
STP-000569,RT-148,Faridabad Warehouse,28.4089,77.3178,Delivery,Medium,On Time,,2024-03-04,2024-03-04 13:00,2024-03-04 15:00,15,107,Pharmaceuticals,Santosh Reddy,
STP-000570,RT-148,Dankuni Distribution,22.6748,88.2731,Warehouse,Medium,On Time,,2024-03-15,2024-03-15 08:00,2024-03-15 12:30,30,1170,Documents,Manish Gupta,
STP-000571,RT-148,Bhiwandi Mega Depot,19.2979,73.0586,Pickup,Medium,Delayed,Weather delay,2024-02-08,2024-02-08 08:30,2024-02-08 12:30,10,419,Auto Parts,Deepak Mehta,High security zone
STP-000572,RT-148,Chandigarh Distribution,30.7333,76.7794,Meeting,Medium,On Time,,2024-03-21,2024-03-21 09:00,2024-03-21 11:30,45,0,Documents,Neha Desai,
STP-000573,RT-148,Navi Mumbai Logistics,19.033,73.0297,Delivery,Medium,On Time,,2024-03-21,2024-03-21 13:00,2024-03-21 17:00,15,312,FMCG,Rajesh Singh,High security zone
STP-000574,RT-148,Guwahati North Hub,26.1445,91.7362,Warehouse,Medium,Scheduled,,2024-01-27,2024-01-27 08:30,2024-01-27 12:30,30,1333,FMCG,Vinod Yadav,Temperature controlled
STP-000575,RT-148,Raipur Warehouse,21.2514,81.6296,Pickup,High,On Time,,2024-02-01,2024-02-01 10:30,2024-02-01 12:30,10,903,Auto Parts,Arjun Verma,Call 30 min before arrival
STP-000576,RT-148,Mulund Cold Storage,19.1726,72.9559,Delivery,Medium,Cancelled,,2024-02-05,2024-02-05 07:00,2024-02-05 10:00,15,1005,Documents,Ramesh Kumar,Call 30 min before arrival
STP-000577,RT-148,Ghaziabad Cold Chain,28.6692,77.4538,Customs,High,On Time,,2024-02-22,2024-02-22 11:30,2024-02-22 13:00,60,0,Documents,Neha Desai,Requires forklift
STP-000578,RT-148,Kalyan Junction,19.2403,73.1305,Delivery,Medium,Scheduled,,2024-03-26,2024-03-26 08:30,2024-03-26 12:30,15,497,Textiles,Suresh Patil,Parking available
STP-000579,RT-148,Andheri Distribution Hub,19.1196,72.8464,Delivery,Medium,On Time,,2024-01-31,2024-01-31 13:30,2024-01-31 17:00,15,368,FMCG,Vinod Yadav,
STP-000580,RT-148,Shamshabad Cargo,17.2403,78.4294,Pickup,Low,On Time,,2024-03-09,2024-03-09 07:30,2024-03-09 10:00,10,877,Auto Parts,Arjun Verma,Temperature controlled
STP-000581,RT-148,Delhi Cargo Terminal,28.5562,77.1,Rest,Low,On Time,,2024-03-01,2024-03-01 09:30,2024-03-01 12:30,20,0,Textiles,Ramesh Kumar,Call 30 min before arrival
STP-000582,RT-149,Chandigarh Distribution,30.7333,76.7794,Delivery,Low,Delayed,Driver illness,2024-01-27,2024-01-27 10:00,2024-01-27 13:30,15,1580,Perishables,Deepak Mehta,Call 30 min before arrival
STP-000583,RT-149,Indore Logistics Hub,22.7196,75.8577,Delivery,High,Scheduled,,2024-02-22,2024-02-22 14:30,2024-02-22 17:30,15,1689,Electronics,Sunita Rao,Requires forklift
STP-000584,RT-149,Kochi Port Terminal,9.9312,76.2673,Meeting,Medium,Delayed,Driver illness,2024-03-18,2024-03-18 12:30,2024-03-18 15:30,45,0,Electronics,Arjun Verma,Requires forklift
STP-000585,RT-149,Rajkot Warehouse,22.3039,70.8022,Meeting,Low,On Time,,2024-02-21,2024-02-21 09:00,2024-02-21 11:30,45,0,Electronics,Suresh Patil,Requires forklift
STP-000586,RT-149,Lonavala Transit Stop,18.7515,73.4061,Delivery,Low,On Time,,2024-03-28,2024-03-28 09:30,2024-03-28 13:30,15,1798,Perishables,Rajesh Singh,High security zone
STP-000587,RT-149,Connaught Place Hub,28.6315,77.2167,Delivery,Medium,On Time,,2024-01-26,2024-01-26 12:00,2024-01-26 15:30,15,815,Auto Parts,Sunita Rao,Temperature controlled
STP-000588,RT-149,Kolkata Dock Logistics,22.5726,88.3639,Delivery,High,Delayed,Vehicle breakdown,2024-02-29,2024-02-29 10:00,2024-02-29 12:30,15,111,Auto Parts,Santosh Reddy,
STP-000589,RT-149,Peenya Industrial Depot,13.0283,77.518,Meeting,High,Delayed,Customer not available,2024-03-13,2024-03-13 12:00,2024-03-13 14:00,45,0,Documents,Amit Tiwari,
STP-000590,RT-149,Faridabad Warehouse,28.4089,77.3178,Warehouse,Medium,On Time,,2024-01-27,2024-01-27 10:00,2024-01-27 14:30,30,1022,Auto Parts,Rajesh Singh,
STP-000591,RT-149,Surat Textile Hub,21.1702,72.8311,Customs,Medium,On Time,,2024-03-27,2024-03-27 11:00,2024-03-27 15:30,60,0,Documents,Rajesh Singh,Call 30 min before arrival
STP-000592,RT-149,Nashik Depot,19.9975,73.7898,Delivery,Medium,On Time,,2024-02-17,2024-02-17 14:30,2024-02-17 16:00,15,282,Documents,Priya Nair,
STP-000593,RT-149,Electronic City Hub,12.8399,77.677,Meeting,Low,On Time,,2024-03-17,2024-03-17 13:30,2024-03-17 17:00,45,0,Electronics,Ramesh Kumar,Parking available
STP-000594,RT-149,Jaipur Logistics Park,26.9124,75.7873,Customs,Medium,On Time,,2024-03-26,2024-03-26 12:00,2024-03-26 16:00,60,0,Textiles,Deepak Mehta,High security zone
STP-000595,RT-149,Mulund Cold Storage,19.1726,72.9559,Rest,Medium,On Time,,2024-01-06,2024-01-06 09:00,2024-01-06 13:30,20,0,Auto Parts,Amit Tiwari,Parking available
STP-000596,RT-149,Shamshabad Cargo,17.2403,78.4294,Customs,High,On Time,,2024-03-08,2024-03-08 12:30,2024-03-08 16:00,60,0,Pharmaceuticals,Ramesh Kumar,Requires forklift
STP-000597,RT-149,Aurangabad Hub,19.8762,75.3433,Pickup,Low,Scheduled,,2024-02-16,2024-02-16 11:30,2024-02-16 15:30,10,549,Textiles,Sunita Rao,High security zone
STP-000598,RT-149,Ambattur Industrial,13.0978,80.1609,Pickup,Medium,On Time,,2024-03-03,2024-03-03 09:00,2024-03-03 12:30,10,314,Electronics,Anil Sharma,Requires forklift
STP-000599,RT-149,Guwahati North Hub,26.1445,91.7362,Delivery,Medium,On Time,,2024-01-15,2024-01-15 14:30,2024-01-15 17:00,15,1462,Textiles,Kavita Joshi,
STP-000600,RT-149,Dadar Warehouse,19.0178,72.8478,Pickup,Low,Scheduled,,2024-02-14,2024-02-14 09:00,2024-02-14 11:00,10,379,Documents,Rajesh Singh,High security zone
STP-000601,RT-149,Yeshwanthpur Junction,13.0299,77.552,Meeting,Medium,Scheduled,,2024-01-01,2024-01-01 10:00,2024-01-01 14:30,45,0,FMCG,Ravi Krishnan,
STP-000602,RT-149,Nagpur Cold Chain,21.1458,79.0882,Meeting,Low,On Time,,2024-03-28,2024-03-28 07:00,2024-03-28 10:30,45,0,Electronics,Sunita Rao,Parking available
STP-000603,RT-149,Patna Cargo Center,25.5941,85.1376,Delivery,High,On Time,,2024-03-21,2024-03-21 14:30,2024-03-21 17:00,15,99,Perishables,Santosh Reddy,
STP-000604,RT-150,Ghaziabad Cold Chain,28.6692,77.4538,Pickup,Medium,Cancelled,,2024-02-02,2024-02-02 08:00,2024-02-02 11:00,10,1782,Auto Parts,Suresh Patil,Call 30 min before arrival
STP-000605,RT-150,Yeshwanthpur Junction,13.0299,77.552,Customs,High,On Time,,2024-03-23,2024-03-23 13:00,2024-03-23 16:00,60,0,Documents,Deepak Mehta,High security zone
STP-000606,RT-150,Noida Distribution Center,28.5355,77.391,Customs,Medium,On Time,,2024-01-13,2024-01-13 12:30,2024-01-13 16:00,60,0,Auto Parts,Kavita Joshi,High security zone
STP-000607,RT-150,Faridabad Warehouse,28.4089,77.3178,Meeting,Medium,Delayed,Traffic congestion,2024-03-19,2024-03-19 13:00,2024-03-19 16:30,45,0,Electronics,Manish Gupta,Parking available
STP-000608,RT-150,Whitefield Warehouse,12.9698,77.75,Rest,Medium,On Time,,2024-03-08,2024-03-08 09:00,2024-03-08 12:30,20,0,Electronics,Amit Tiwari,
STP-000609,RT-150,Connaught Place Hub,28.6315,77.2167,Delivery,Low,Delayed,Document missing,2024-03-07,2024-03-07 11:30,2024-03-07 13:30,15,166,Electronics,Manish Gupta,Gate closes at 17:00
STP-000610,RT-150,Peenya Industrial Depot,13.0283,77.518,Pickup,Medium,On Time,,2024-03-13,2024-03-13 14:30,2024-03-13 18:30,10,177,Documents,Manish Gupta,Call 30 min before arrival
STP-000611,RT-150,Delhi Cargo Terminal,28.5562,77.1,Delivery,Medium,On Time,,2024-02-20,2024-02-20 09:00,2024-02-20 11:00,15,1452,Pharmaceuticals,Priya Nair,
STP-000612,RT-150,Bommanahalli Pickup,12.9133,77.6398,Warehouse,Medium,On Time,,2024-01-24,2024-01-24 11:00,2024-01-24 14:00,30,1247,Pharmaceuticals,Sunita Rao,Gate closes at 17:00
STP-000613,RT-150,Electronic City Hub,12.8399,77.677,Pickup,High,On Time,,2024-01-02,2024-01-02 13:00,2024-01-02 15:30,10,839,Documents,Arjun Verma,
STP-000614,RT-151,Faridabad Warehouse,28.4089,77.3178,Meeting,Medium,On Time,,2024-02-08,2024-02-08 10:30,2024-02-08 12:00,45,0,Electronics,Suresh Patil,Requires forklift
STP-000615,RT-151,Ahmedabad GIDC,23.0225,72.5714,Customs,Low,Delayed,Vehicle breakdown,2024-03-01,2024-03-01 14:00,2024-03-01 17:30,60,0,Pharmaceuticals,Santosh Reddy,
STP-000616,RT-151,Visakhapatnam Port,17.6868,83.2185,Delivery,High,On Time,,2024-03-04,2024-03-04 13:30,2024-03-04 16:00,15,1005,Textiles,Santosh Reddy,
STP-000617,RT-151,Aurangabad Hub,19.8762,75.3433,Delivery,High,On Time,,2024-03-14,2024-03-14 07:30,2024-03-14 10:00,15,1337,Auto Parts,Amit Tiwari,
STP-000618,RT-151,Electronic City Hub,12.8399,77.677,Delivery,Medium,On Time,,2024-03-30,2024-03-30 12:30,2024-03-30 15:00,15,1497,FMCG,Kavita Joshi,Parking available
STP-000619,RT-151,Chandigarh Distribution,30.7333,76.7794,Pickup,Medium,Scheduled,,2024-03-25,2024-03-25 12:30,2024-03-25 16:00,10,1490,Perishables,Deepak Mehta,
STP-000620,RT-151,Jaipur Logistics Park,26.9124,75.7873,Warehouse,Medium,Delayed,Traffic congestion,2024-01-21,2024-01-21 12:00,2024-01-21 15:30,30,1376,Auto Parts,Rajesh Singh,Requires forklift
STP-000621,RT-151,Nagpur Cold Chain,21.1458,79.0882,Delivery,Medium,On Time,,2024-03-04,2024-03-04 08:30,2024-03-04 11:00,15,106,Electronics,Priya Nair,High security zone
STP-000622,RT-151,Ranchi Distribution,23.3441,85.3096,Pickup,High,Delayed,Traffic congestion,2024-02-13,2024-02-13 07:30,2024-02-13 09:00,10,1160,FMCG,Kavita Joshi,High security zone
STP-000623,RT-151,Yeshwanthpur Junction,13.0299,77.552,Rest,Low,Delayed,Customer not available,2024-02-04,2024-02-04 07:00,2024-02-04 11:00,20,0,Documents,Kavita Joshi,Gate closes at 17:00
STP-000624,RT-151,Madurai Warehouse,9.9252,78.1198,Rest,Low,Delayed,Driver illness,2024-01-06,2024-01-06 08:00,2024-01-06 12:00,20,0,FMCG,Amit Tiwari,Parking available
STP-000625,RT-151,Nashik Depot,19.9975,73.7898,Delivery,Medium,Delayed,Weather delay,2024-03-04,2024-03-04 14:00,2024-03-04 18:00,15,1687,FMCG,Suresh Patil,Temperature controlled
STP-000626,RT-151,Bhiwandi Mega Depot,19.2979,73.0586,Pickup,Medium,On Time,,2024-03-01,2024-03-01 07:30,2024-03-01 09:30,10,184,Pharmaceuticals,Priya Nair,
STP-000627,RT-151,Panvel Port Gate,18.9894,73.1175,Pickup,Medium,Scheduled,,2024-02-23,2024-02-23 09:00,2024-02-23 13:00,10,856,Auto Parts,Amit Tiwari,
STP-000628,RT-151,Coimbatore Industrial,11.0168,76.9558,Rest,Medium,Delayed,Document missing,2024-02-26,2024-02-26 12:00,2024-02-26 14:00,20,0,Electronics,Suresh Patil,Parking available
STP-000629,RT-151,Dadar Warehouse,19.0178,72.8478,Delivery,Low,Delayed,Customs hold,2024-01-08,2024-01-08 09:30,2024-01-08 12:00,15,319,Textiles,Ramesh Kumar,High security zone
STP-000630,RT-151,Hinjewadi Tech Zone,18.5912,73.7389,Pickup,Low,Scheduled,,2024-02-10,2024-02-10 11:30,2024-02-10 15:00,10,1853,Textiles,Santosh Reddy,Requires forklift
STP-000631,RT-151,Mulund Cold Storage,19.1726,72.9559,Warehouse,Medium,Scheduled,,2024-03-20,2024-03-20 10:30,2024-03-20 14:30,30,1610,Perishables,Deepak Mehta,Temperature controlled
STP-000632,RT-151,Andheri Distribution Hub,19.1196,72.8464,Customs,High,On Time,,2024-01-17,2024-01-17 12:30,2024-01-17 15:00,60,0,Textiles,Vinod Yadav,Parking available
STP-000633,RT-151,Lucknow Cargo Hub,26.8467,80.9462,Warehouse,High,Scheduled,,2024-03-16,2024-03-16 07:30,2024-03-16 11:00,30,632,Perishables,Deepak Mehta,Gate closes at 17:00
STP-000634,RT-151,Guwahati North Hub,26.1445,91.7362,Warehouse,Low,On Time,,2024-03-05,2024-03-05 11:30,2024-03-05 15:00,30,1343,Electronics,Kavita Joshi,High security zone
STP-000635,RT-151,Hadapsar Export Unit,18.5089,73.9259,Meeting,High,On Time,,2024-03-15,2024-03-15 12:00,2024-03-15 14:30,45,0,Perishables,Ravi Krishnan,Requires forklift
STP-000636,RT-151,Madhavaram Depot,13.1499,80.2318,Warehouse,Medium,On Time,,2024-02-11,2024-02-11 10:00,2024-02-11 12:30,30,310,Perishables,Deepak Mehta,
STP-000637,RT-151,Uran Customs Terminal,18.8921,72.9448,Delivery,High,On Time,,2024-01-28,2024-01-28 09:30,2024-01-28 12:00,15,1087,Auto Parts,Santosh Reddy,
STP-000638,RT-152,Guwahati North Hub,26.1445,91.7362,Delivery,Medium,Delayed,Customer not available,2024-01-21,2024-01-21 14:30,2024-01-21 16:00,15,235,Electronics,Priya Nair,High security zone
STP-000639,RT-152,Connaught Place Hub,28.6315,77.2167,Delivery,High,On Time,,2024-02-17,2024-02-17 12:30,2024-02-17 15:30,15,1630,FMCG,Rajesh Singh,
STP-000640,RT-152,Dankuni Distribution,22.6748,88.2731,Delivery,Low,On Time,,2024-01-24,2024-01-24 11:30,2024-01-24 13:00,15,724,Electronics,Sunita Rao,Call 30 min before arrival
STP-000641,RT-152,HITEC City Warehouse,17.4435,78.3772,Pickup,Medium,Scheduled,,2024-02-18,2024-02-18 14:30,2024-02-18 17:00,10,1043,Perishables,Kavita Joshi,
STP-000642,RT-152,Surat Textile Hub,21.1702,72.8311,Meeting,High,On Time,,2024-03-20,2024-03-20 12:30,2024-03-20 14:30,45,0,Auto Parts,Priya Nair,Call 30 min before arrival
STP-000643,RT-152,Chennai Port Logistics,13.0967,80.29,Rest,Low,Delayed,Driver illness,2024-01-12,2024-01-12 11:00,2024-01-12 15:00,20,0,Documents,Neha Desai,High security zone
STP-000644,RT-152,Ambattur Industrial,13.0978,80.1609,Meeting,High,Scheduled,,2024-03-20,2024-03-20 08:00,2024-03-20 10:00,45,0,Textiles,Amit Tiwari,Call 30 min before arrival
STP-000645,RT-152,Chandigarh Distribution,30.7333,76.7794,Delivery,Low,Scheduled,,2024-02-05,2024-02-05 09:00,2024-02-05 11:00,15,1728,Textiles,Kavita Joshi,Gate closes at 17:00
STP-000646,RT-152,Bhopal Central Depot,23.2599,77.4126,Warehouse,Medium,On Time,,2024-01-06,2024-01-06 13:30,2024-01-06 17:00,30,379,Auto Parts,Ramesh Kumar,Parking available
STP-000647,RT-152,Lucknow Cargo Hub,26.8467,80.9462,Pickup,High,On Time,,2024-01-22,2024-01-22 08:30,2024-01-22 12:00,10,1583,Electronics,Rajesh Singh,High security zone
STP-000648,RT-152,Bommanahalli Pickup,12.9133,77.6398,Rest,Medium,Delayed,Weather delay,2024-02-11,2024-02-11 07:00,2024-02-11 11:00,20,0,Auto Parts,Suresh Patil,Parking available
STP-000649,RT-152,Kalyan Junction,19.2403,73.1305,Delivery,Low,On Time,,2024-01-16,2024-01-16 11:00,2024-01-16 14:00,15,1232,Textiles,Anil Sharma,
STP-000650,RT-152,Uran Customs Terminal,18.8921,72.9448,Pickup,Medium,Delayed,Traffic congestion,2024-01-08,2024-01-08 08:30,2024-01-08 11:30,10,1001,Electronics,Deepak Mehta,Temperature controlled
STP-000651,RT-152,Patancheru Depot,17.5334,78.2636,Customs,High,Delayed,Customer not available,2024-03-12,2024-03-12 08:00,2024-03-12 10:30,60,0,Electronics,Sunita Rao,Temperature controlled
STP-000652,RT-152,Panvel Port Gate,18.9894,73.1175,Warehouse,High,On Time,,2024-03-09,2024-03-09 09:30,2024-03-09 11:30,30,1674,Auto Parts,Sunita Rao,High security zone
STP-000653,RT-152,Patna Cargo Center,25.5941,85.1376,Meeting,High,Cancelled,,2024-02-04,2024-02-04 07:30,2024-02-04 10:30,45,0,Documents,Arjun Verma,Temperature controlled
STP-000654,RT-152,Ludhiana Warehouse,30.901,75.8573,Meeting,Medium,On Time,,2024-03-09,2024-03-09 07:00,2024-03-09 09:30,45,0,Perishables,Suresh Patil,Requires forklift
STP-000655,RT-152,Sriperumbudur Hub,12.9674,79.9482,Warehouse,Low,Delayed,Driver illness,2024-03-19,2024-03-19 13:30,2024-03-19 15:30,30,1459,Auto Parts,Vinod Yadav,Temperature controlled
STP-000656,RT-152,Kanpur Industrial,26.4499,80.3319,Meeting,Medium,Scheduled,,2024-03-17,2024-03-17 10:30,2024-03-17 13:00,45,0,FMCG,Arjun Verma,Call 30 min before arrival
STP-000657,RT-152,Coimbatore Industrial,11.0168,76.9558,Meeting,High,Scheduled,,2024-01-23,2024-01-23 07:30,2024-01-23 11:30,45,0,Textiles,Suresh Patil,Gate closes at 17:00
STP-000658,RT-152,Uppal Distribution,17.4062,78.5604,Pickup,Low,Scheduled,,2024-01-16,2024-01-16 14:30,2024-01-16 18:30,10,743,Auto Parts,Rajesh Singh,Call 30 min before arrival
STP-000659,RT-153,Mulund Cold Storage,19.1726,72.9559,Delivery,Low,On Time,,2024-02-16,2024-02-16 10:00,2024-02-16 13:30,15,1451,Perishables,Santosh Reddy,Temperature controlled
STP-000660,RT-153,Sriperumbudur Hub,12.9674,79.9482,Delivery,Low,Delayed,Customs hold,2024-02-05,2024-02-05 13:30,2024-02-05 15:00,15,1523,Textiles,Arjun Verma,Requires forklift
STP-000661,RT-153,Electronic City Hub,12.8399,77.677,Delivery,High,On Time,,2024-02-03,2024-02-03 08:00,2024-02-03 10:30,15,1398,Electronics,Neha Desai,High security zone
STP-000662,RT-153,Bhopal Central Depot,23.2599,77.4126,Meeting,Low,On Time,,2024-03-23,2024-03-23 07:00,2024-03-23 10:30,45,0,Auto Parts,Vinod Yadav,Gate closes at 17:00
STP-000663,RT-153,Hinjewadi Tech Zone,18.5912,73.7389,Meeting,Medium,On Time,,2024-01-06,2024-01-06 12:00,2024-01-06 16:00,45,0,Auto Parts,Manish Gupta,
STP-000664,RT-153,Ambattur Industrial,13.0978,80.1609,Delivery,Medium,Cancelled,,2024-03-14,2024-03-14 12:00,2024-03-14 14:00,15,877,Electronics,Amit Tiwari,Temperature controlled
STP-000665,RT-153,Dadar Warehouse,19.0178,72.8478,Delivery,Medium,On Time,,2024-03-21,2024-03-21 08:00,2024-03-21 12:00,15,1664,Electronics,Santosh Reddy,Parking available
STP-000666,RT-153,Pimpri Depot,18.6298,73.7997,Warehouse,Medium,On Time,,2024-02-13,2024-02-13 14:00,2024-02-13 16:30,30,494,Electronics,Ravi Krishnan,
STP-000667,RT-153,Agra Distribution,27.1767,78.0081,Warehouse,Medium,On Time,,2024-01-08,2024-01-08 08:00,2024-01-08 10:30,30,1746,Perishables,Suresh Patil,Requires forklift
STP-000668,RT-153,Andheri Distribution Hub,19.1196,72.8464,Delivery,Low,On Time,,2024-03-19,2024-03-19 07:30,2024-03-19 10:00,15,124,Textiles,Ramesh Kumar,High security zone
STP-000669,RT-153,Kanpur Industrial,26.4499,80.3319,Warehouse,Medium,On Time,,2024-03-17,2024-03-17 13:00,2024-03-17 15:30,30,1638,Auto Parts,Amit Tiwari,Gate closes at 17:00
STP-000670,RT-153,Gurgaon Logistics Park,28.4595,77.0266,Delivery,Low,On Time,,2024-03-07,2024-03-07 07:30,2024-03-07 10:00,15,35,Textiles,Neha Desai,Gate closes at 17:00
STP-000671,RT-153,Jaipur Logistics Park,26.9124,75.7873,Meeting,Low,On Time,,2024-03-06,2024-03-06 09:30,2024-03-06 13:30,45,0,Perishables,Santosh Reddy,
STP-000672,RT-153,Ludhiana Warehouse,30.901,75.8573,Delivery,High,On Time,,2024-01-17,2024-01-17 07:30,2024-01-17 09:30,15,1344,Documents,Priya Nair,High security zone
STP-000673,RT-153,Whitefield Warehouse,12.9698,77.75,Meeting,Medium,On Time,,2024-03-01,2024-03-01 09:30,2024-03-01 11:30,45,0,Electronics,Manish Gupta,Requires forklift
STP-000674,RT-153,Indore Logistics Hub,22.7196,75.8577,Delivery,Medium,Delayed,Vehicle breakdown,2024-02-14,2024-02-14 07:00,2024-02-14 10:00,15,1618,Electronics,Priya Nair,Temperature controlled
STP-000675,RT-153,Bhiwandi Mega Depot,19.2979,73.0586,Meeting,Medium,Delayed,Customer not available,2024-03-29,2024-03-29 14:30,2024-03-29 18:30,45,0,Pharmaceuticals,Rajesh Singh,Gate closes at 17:00
STP-000676,RT-153,Ahmedabad GIDC,23.0225,72.5714,Pickup,Low,Delayed,Customer not available,2024-01-29,2024-01-29 07:00,2024-01-29 10:00,10,1287,FMCG,Anil Sharma,
STP-000677,RT-153,Surat Textile Hub,21.1702,72.8311,Warehouse,Low,On Time,,2024-02-18,2024-02-18 12:00,2024-02-18 16:30,30,23,Pharmaceuticals,Ramesh Kumar,Gate closes at 17:00
STP-000678,RT-154,Whitefield Warehouse,12.9698,77.75,Warehouse,Medium,Scheduled,,2024-01-26,2024-01-26 10:00,2024-01-26 12:00,30,1875,Electronics,Ramesh Kumar,Requires forklift
STP-000679,RT-154,Andheri Distribution Hub,19.1196,72.8464,Pickup,Low,On Time,,2024-01-27,2024-01-27 08:30,2024-01-27 11:30,10,1667,Pharmaceuticals,Arjun Verma,Requires forklift
STP-000680,RT-154,Kolkata Dock Logistics,22.5726,88.3639,Customs,Low,Scheduled,,2024-01-09,2024-01-09 13:00,2024-01-09 17:00,60,0,FMCG,Ravi Krishnan,Temperature controlled
STP-000681,RT-154,Mulund Cold Storage,19.1726,72.9559,Delivery,Medium,Scheduled,,2024-03-17,2024-03-17 12:30,2024-03-17 15:00,15,1572,Textiles,Santosh Reddy,Temperature controlled
STP-000682,RT-154,Uran Customs Terminal,18.8921,72.9448,Customs,Medium,Scheduled,,2024-02-01,2024-02-01 09:00,2024-02-01 12:30,60,0,Documents,Manish Gupta,
STP-000683,RT-154,Noida Distribution Center,28.5355,77.391,Delivery,High,On Time,,2024-03-19,2024-03-19 14:00,2024-03-19 18:00,15,1548,Perishables,Ravi Krishnan,Parking available
STP-000684,RT-154,Ambattur Industrial,13.0978,80.1609,Pickup,Medium,On Time,,2024-02-17,2024-02-17 12:30,2024-02-17 16:30,10,1200,Auto Parts,Arjun Verma,Call 30 min before arrival
STP-000685,RT-154,Hinjewadi Tech Zone,18.5912,73.7389,Delivery,Low,On Time,,2024-02-20,2024-02-20 14:00,2024-02-20 16:30,15,782,Textiles,Rajesh Singh,Parking available
STP-000686,RT-154,Surat Textile Hub,21.1702,72.8311,Delivery,High,Delayed,Customer not available,2024-02-26,2024-02-26 08:30,2024-02-26 11:00,15,1059,Textiles,Priya Nair,
STP-000687,RT-154,Dankuni Distribution,22.6748,88.2731,Pickup,Medium,On Time,,2024-02-10,2024-02-10 12:30,2024-02-10 15:30,10,914,FMCG,Vinod Yadav,Gate closes at 17:00
STP-000688,RT-154,Kanpur Industrial,26.4499,80.3319,Pickup,High,On Time,,2024-01-30,2024-01-30 08:00,2024-01-30 11:00,10,88,Textiles,Anil Sharma,Parking available
STP-000689,RT-154,Electronic City Hub,12.8399,77.677,Delivery,Medium,Delayed,Vehicle breakdown,2024-03-28,2024-03-28 11:30,2024-03-28 15:00,15,1761,Documents,Neha Desai,High security zone
STP-000690,RT-154,BKC Corporate HQ,19.0658,72.8692,Delivery,Medium,Delayed,Driver illness,2024-02-21,2024-02-21 12:00,2024-02-21 15:30,15,1958,FMCG,Sunita Rao,
STP-000691,RT-154,Aurangabad Hub,19.8762,75.3433,Delivery,Low,On Time,,2024-01-30,2024-01-30 10:30,2024-01-30 13:30,15,185,Pharmaceuticals,Sunita Rao,Temperature controlled
STP-000692,RT-154,Guwahati North Hub,26.1445,91.7362,Pickup,Low,On Time,,2024-02-26,2024-02-26 13:30,2024-02-26 15:00,10,1192,Documents,Rajesh Singh,High security zone
STP-000693,RT-154,Visakhapatnam Port,17.6868,83.2185,Customs,High,Delayed,Customer not available,2024-01-29,2024-01-29 12:30,2024-01-29 15:30,60,0,Documents,Ravi Krishnan,High security zone
STP-000694,RT-154,Nagpur Cold Chain,21.1458,79.0882,Delivery,High,Cancelled,,2024-01-20,2024-01-20 07:30,2024-01-20 09:30,15,428,Auto Parts,Suresh Patil,
STP-000695,RT-154,Pune Warehouse Central,18.5204,73.8567,Delivery,High,On Time,,2024-02-08,2024-02-08 14:00,2024-02-08 18:00,15,1142,FMCG,Ramesh Kumar,
STP-000696,RT-154,Pimpri Depot,18.6298,73.7997,Delivery,High,Delayed,Traffic congestion,2024-01-27,2024-01-27 13:00,2024-01-27 16:30,15,941,Electronics,Priya Nair,Call 30 min before arrival
STP-000697,RT-154,Connaught Place Hub,28.6315,77.2167,Delivery,Low,On Time,,2024-01-21,2024-01-21 13:00,2024-01-21 16:00,15,989,Perishables,Suresh Patil,
STP-000698,RT-155,Aurangabad Hub,19.8762,75.3433,Delivery,High,Scheduled,,2024-03-18,2024-03-18 08:00,2024-03-18 11:30,15,1810,Auto Parts,Kavita Joshi,
STP-000699,RT-155,Nagpur Cold Chain,21.1458,79.0882,Meeting,Low,On Time,,2024-02-28,2024-02-28 11:30,2024-02-28 15:30,45,0,Documents,Ravi Krishnan,Requires forklift
STP-000700,RT-155,Guwahati North Hub,26.1445,91.7362,Pickup,High,On Time,,2024-02-19,2024-02-19 13:00,2024-02-19 16:00,10,1946,Electronics,Anil Sharma,Requires forklift
STP-000701,RT-155,Hadapsar Export Unit,18.5089,73.9259,Delivery,Medium,On Time,,2024-01-09,2024-01-09 11:00,2024-01-09 15:30,15,1570,Textiles,Suresh Patil,Parking available
STP-000702,RT-155,Panvel Port Gate,18.9894,73.1175,Delivery,High,On Time,,2024-02-27,2024-02-27 12:00,2024-02-27 15:30,15,101,Auto Parts,Ramesh Kumar,Gate closes at 17:00
STP-000703,RT-155,Raipur Warehouse,21.2514,81.6296,Meeting,Medium,On Time,,2024-02-13,2024-02-13 14:30,2024-02-13 17:00,45,0,Electronics,Vinod Yadav,Gate closes at 17:00
STP-000704,RT-155,Bhopal Central Depot,23.2599,77.4126,Warehouse,High,On Time,,2024-02-29,2024-02-29 14:00,2024-02-29 17:00,30,506,Perishables,Kavita Joshi,Requires forklift
STP-000705,RT-155,Faridabad Warehouse,28.4089,77.3178,Pickup,Medium,On Time,,2024-01-03,2024-01-03 09:00,2024-01-03 11:00,10,1104,Perishables,Deepak Mehta,Requires forklift
STP-000706,RT-155,Chennai Port Logistics,13.0967,80.29,Delivery,Low,On Time,,2024-02-26,2024-02-26 11:30,2024-02-26 13:00,15,80,Perishables,Manish Gupta,Temperature controlled
STP-000707,RT-155,Visakhapatnam Port,17.6868,83.2185,Pickup,High,On Time,,2024-03-29,2024-03-29 08:30,2024-03-29 11:30,10,19,Electronics,Ravi Krishnan,
STP-000708,RT-155,Ludhiana Warehouse,30.901,75.8573,Warehouse,Low,On Time,,2024-01-26,2024-01-26 12:00,2024-01-26 14:00,30,39,Pharmaceuticals,Sunita Rao,Temperature controlled
STP-000709,RT-155,Rajkot Warehouse,22.3039,70.8022,Meeting,High,On Time,,2024-01-22,2024-01-22 08:00,2024-01-22 12:00,45,0,Electronics,Sunita Rao,Parking available
STP-000710,RT-155,Madhavaram Depot,13.1499,80.2318,Delivery,Medium,On Time,,2024-02-20,2024-02-20 10:30,2024-02-20 14:00,15,226,Pharmaceuticals,Priya Nair,Requires forklift
STP-000711,RT-155,Kalyan Junction,19.2403,73.1305,Delivery,Medium,On Time,,2024-01-28,2024-01-28 07:30,2024-01-28 10:00,15,1679,Pharmaceuticals,Arjun Verma,Parking available
STP-000712,RT-155,Salt Lake Warehouse,22.5831,88.4177,Delivery,Low,Delayed,Driver illness,2024-03-17,2024-03-17 13:30,2024-03-17 16:00,15,1898,Documents,Santosh Reddy,Requires forklift
STP-000713,RT-155,Howrah Industrial Hub,22.618,88.3292,Delivery,High,On Time,,2024-03-30,2024-03-30 12:30,2024-03-30 16:00,15,1311,Documents,Amit Tiwari,Parking available
STP-000714,RT-155,Nashik Depot,19.9975,73.7898,Rest,Medium,On Time,,2024-01-03,2024-01-03 08:30,2024-01-03 11:30,20,0,Perishables,Anil Sharma,Call 30 min before arrival
STP-000715,RT-155,Dankuni Distribution,22.6748,88.2731,Delivery,Medium,Delayed,Traffic congestion,2024-01-31,2024-01-31 08:30,2024-01-31 11:00,15,291,Pharmaceuticals,Kavita Joshi,High security zone
STP-000716,RT-155,Hinjewadi Tech Zone,18.5912,73.7389,Delivery,Medium,On Time,,2024-03-17,2024-03-17 07:30,2024-03-17 09:30,15,660,Perishables,Ravi Krishnan,Call 30 min before arrival
STP-000717,RT-155,Patancheru Depot,17.5334,78.2636,Pickup,Low,On Time,,2024-01-30,2024-01-30 11:30,2024-01-30 13:30,10,1114,Electronics,Amit Tiwari,Temperature controlled
STP-000718,RT-155,Sriperumbudur Hub,12.9674,79.9482,Warehouse,Medium,On Time,,2024-02-18,2024-02-18 10:30,2024-02-18 14:00,30,22,Electronics,Sunita Rao,
STP-000719,RT-155,Gurgaon Logistics Park,28.4595,77.0266,Delivery,High,Delayed,Driver illness,2024-01-17,2024-01-17 09:00,2024-01-17 11:00,15,1638,FMCG,Anil Sharma,Gate closes at 17:00
STP-000720,RT-155,Chandigarh Distribution,30.7333,76.7794,Pickup,Medium,On Time,,2024-01-26,2024-01-26 09:00,2024-01-26 13:30,10,519,Pharmaceuticals,Vinod Yadav,
STP-000721,RT-156,Lucknow Cargo Hub,26.8467,80.9462,Pickup,Medium,On Time,,2024-03-02,2024-03-02 13:00,2024-03-02 15:30,10,180,Documents,Amit Tiwari,High security zone
STP-000722,RT-156,Agra Distribution,27.1767,78.0081,Meeting,High,On Time,,2024-02-18,2024-02-18 09:30,2024-02-18 12:30,45,0,Auto Parts,Manish Gupta,
STP-000723,RT-156,Kochi Port Terminal,9.9312,76.2673,Delivery,High,On Time,,2024-01-20,2024-01-20 14:00,2024-01-20 16:00,15,1035,Perishables,Neha Desai,Parking available
STP-000724,RT-156,Jaipur Logistics Park,26.9124,75.7873,Pickup,Low,On Time,,2024-02-17,2024-02-17 13:30,2024-02-17 17:30,10,1214,Electronics,Deepak Mehta,Call 30 min before arrival
STP-000725,RT-156,Ludhiana Warehouse,30.901,75.8573,Rest,High,On Time,,2024-02-25,2024-02-25 09:30,2024-02-25 11:30,20,0,Auto Parts,Arjun Verma,Parking available
STP-000726,RT-156,Visakhapatnam Port,17.6868,83.2185,Meeting,Medium,On Time,,2024-02-01,2024-02-01 13:00,2024-02-01 17:30,45,0,Documents,Priya Nair,Call 30 min before arrival
STP-000727,RT-156,Madurai Warehouse,9.9252,78.1198,Meeting,Medium,On Time,,2024-02-28,2024-02-28 11:00,2024-02-28 15:30,45,0,Textiles,Arjun Verma,Requires forklift
STP-000728,RT-156,Coimbatore Industrial,11.0168,76.9558,Delivery,Low,Scheduled,,2024-03-16,2024-03-16 13:00,2024-03-16 16:00,15,349,Documents,Deepak Mehta,High security zone
STP-000729,RT-157,Chandigarh Distribution,30.7333,76.7794,Delivery,Medium,Scheduled,,2024-02-09,2024-02-09 13:00,2024-02-09 17:00,15,13,Electronics,Suresh Patil,
STP-000730,RT-157,Faridabad Warehouse,28.4089,77.3178,Pickup,Medium,Delayed,Vehicle breakdown,2024-01-23,2024-01-23 13:30,2024-01-23 15:00,10,1006,FMCG,Manish Gupta,Gate closes at 17:00
STP-000731,RT-157,Guwahati North Hub,26.1445,91.7362,Pickup,Low,On Time,,2024-01-08,2024-01-08 09:00,2024-01-08 11:00,10,1857,Documents,Deepak Mehta,
STP-000732,RT-157,Bhubaneswar Depot,20.2961,85.8245,Meeting,Medium,On Time,,2024-02-07,2024-02-07 09:00,2024-02-07 11:30,45,0,Electronics,Priya Nair,Call 30 min before arrival
STP-000733,RT-157,Madurai Warehouse,9.9252,78.1198,Meeting,Medium,Delayed,Driver illness,2024-01-08,2024-01-08 08:30,2024-01-08 10:00,45,0,Electronics,Suresh Patil,Temperature controlled
STP-000734,RT-157,Visakhapatnam Port,17.6868,83.2185,Pickup,High,On Time,,2024-03-01,2024-03-01 11:30,2024-03-01 14:30,10,1406,Pharmaceuticals,Priya Nair,Temperature controlled
STP-000735,RT-157,Coimbatore Industrial,11.0168,76.9558,Customs,Medium,Scheduled,,2024-01-08,2024-01-08 13:30,2024-01-08 17:30,60,0,Electronics,Kavita Joshi,
STP-000736,RT-157,Ranchi Distribution,23.3441,85.3096,Warehouse,Low,Cancelled,,2024-03-18,2024-03-18 09:00,2024-03-18 11:30,30,1548,Documents,Anil Sharma,Parking available
STP-000737,RT-157,Kochi Port Terminal,9.9312,76.2673,Pickup,Medium,Cancelled,,2024-02-22,2024-02-22 14:00,2024-02-22 18:00,10,1971,Documents,Priya Nair,Call 30 min before arrival
STP-000738,RT-157,Patna Cargo Center,25.5941,85.1376,Meeting,Low,On Time,,2024-02-26,2024-02-26 12:00,2024-02-26 16:30,45,0,Textiles,Ravi Krishnan,Gate closes at 17:00
STP-000739,RT-158,Indore Logistics Hub,22.7196,75.8577,Customs,Low,Scheduled,,2024-03-04,2024-03-04 07:00,2024-03-04 09:30,60,0,Textiles,Sunita Rao,
STP-000740,RT-158,Bhopal Central Depot,23.2599,77.4126,Delivery,Medium,On Time,,2024-03-25,2024-03-25 08:00,2024-03-25 11:00,15,1552,Perishables,Neha Desai,Gate closes at 17:00
STP-000741,RT-158,Raipur Warehouse,21.2514,81.6296,Delivery,Low,On Time,,2024-02-11,2024-02-11 07:30,2024-02-11 09:30,15,537,Perishables,Kavita Joshi,Gate closes at 17:00
STP-000742,RT-158,Nashik Depot,19.9975,73.7898,Meeting,Low,Scheduled,,2024-03-29,2024-03-29 14:30,2024-03-29 16:00,45,0,Documents,Amit Tiwari,Gate closes at 17:00
STP-000743,RT-158,Aurangabad Hub,19.8762,75.3433,Meeting,Medium,On Time,,2024-03-23,2024-03-23 13:30,2024-03-23 17:00,45,0,Electronics,Vinod Yadav,Gate closes at 17:00
STP-000744,RT-158,Bhubaneswar Depot,20.2961,85.8245,Delivery,Medium,Scheduled,,2024-01-15,2024-01-15 10:30,2024-01-15 14:00,15,1963,Auto Parts,Santosh Reddy,Call 30 min before arrival
STP-000745,RT-158,Ranchi Distribution,23.3441,85.3096,Delivery,Medium,Scheduled,,2024-02-24,2024-02-24 10:30,2024-02-24 13:30,15,1922,Documents,Rajesh Singh,Temperature controlled
STP-000746,RT-158,Patna Cargo Center,25.5941,85.1376,Delivery,High,On Time,,2024-01-19,2024-01-19 14:30,2024-01-19 17:00,15,943,FMCG,Santosh Reddy,High security zone
STP-000747,RT-158,Nagpur Cold Chain,21.1458,79.0882,Delivery,Medium,On Time,,2024-02-10,2024-02-10 07:30,2024-02-10 11:00,15,1746,Perishables,Santosh Reddy,
STP-000748,RT-158,Guwahati North Hub,26.1445,91.7362,Meeting,Medium,On Time,,2024-02-18,2024-02-18 11:00,2024-02-18 15:30,45,0,Perishables,Anil Sharma,Temperature controlled
STP-000749,RT-159,Chandigarh Distribution,30.7333,76.7794,Rest,Low,Delayed,Vehicle breakdown,2024-03-08,2024-03-08 13:30,2024-03-08 15:30,20,0,Perishables,Sunita Rao,
STP-000750,RT-159,Agra Distribution,27.1767,78.0081,Delivery,Medium,Delayed,Customer not available,2024-02-08,2024-02-08 07:30,2024-02-08 11:00,15,1435,Auto Parts,Vinod Yadav,Requires forklift
STP-000751,RT-159,Thane Depot,19.2183,72.9781,Delivery,Low,Delayed,Document missing,2024-03-24,2024-03-24 10:00,2024-03-24 14:30,15,218,Perishables,Ravi Krishnan,Requires forklift
STP-000752,RT-159,Bhopal Central Depot,23.2599,77.4126,Pickup,Low,On Time,,2024-01-13,2024-01-13 09:30,2024-01-13 11:30,10,117,Electronics,Manish Gupta,Parking available
STP-000753,RT-159,Guwahati North Hub,26.1445,91.7362,Meeting,Low,On Time,,2024-01-05,2024-01-05 13:00,2024-01-05 15:00,45,0,Pharmaceuticals,Neha Desai,Requires forklift
STP-000754,RT-159,Coimbatore Industrial,11.0168,76.9558,Meeting,Medium,Delayed,Customer not available,2024-03-24,2024-03-24 08:30,2024-03-24 11:30,45,0,Pharmaceuticals,Ramesh Kumar,Gate closes at 17:00
STP-000755,RT-159,Pune Warehouse Central,18.5204,73.8567,Delivery,High,Delayed,Traffic congestion,2024-03-16,2024-03-16 10:30,2024-03-16 12:30,15,1636,Textiles,Rajesh Singh,
STP-000756,RT-159,Patna Cargo Center,25.5941,85.1376,Pickup,Medium,On Time,,2024-03-14,2024-03-14 13:00,2024-03-14 16:00,10,1471,Documents,Ravi Krishnan,Requires forklift
STP-000757,RT-159,HITEC City Warehouse,17.4435,78.3772,Pickup,Low,On Time,,2024-03-09,2024-03-09 13:30,2024-03-09 17:00,10,1207,Textiles,Neha Desai,Gate closes at 17:00
STP-000758,RT-159,Lucknow Cargo Hub,26.8467,80.9462,Warehouse,Medium,Delayed,Driver illness,2024-03-17,2024-03-17 08:00,2024-03-17 10:00,30,653,Electronics,Ramesh Kumar,Requires forklift
STP-000759,RT-159,Yeshwanthpur Junction,13.0299,77.552,Meeting,Medium,Cancelled,,2024-02-02,2024-02-02 08:00,2024-02-02 12:00,45,0,Textiles,Vinod Yadav,Parking available
STP-000760,RT-159,Faridabad Warehouse,28.4089,77.3178,Rest,High,Delayed,Customer not available,2024-02-08,2024-02-08 07:00,2024-02-08 09:30,20,0,FMCG,Santosh Reddy,
STP-000761,RT-159,Rajkot Warehouse,22.3039,70.8022,Meeting,Medium,Delayed,Traffic congestion,2024-03-09,2024-03-09 12:00,2024-03-09 16:00,45,0,FMCG,Ramesh Kumar,Temperature controlled
STP-000762,RT-159,Kalyan Junction,19.2403,73.1305,Delivery,Low,On Time,,2024-03-18,2024-03-18 10:00,2024-03-18 12:30,15,1503,Textiles,Deepak Mehta,Gate closes at 17:00
STP-000763,RT-159,Andheri Distribution Hub,19.1196,72.8464,Pickup,Medium,Delayed,Customs hold,2024-02-28,2024-02-28 09:00,2024-02-28 12:30,10,303,Textiles,Anil Sharma,Gate closes at 17:00
STP-000764,RT-159,Kolkata Dock Logistics,22.5726,88.3639,Meeting,Medium,Scheduled,,2024-02-17,2024-02-17 10:00,2024-02-17 14:30,45,0,Pharmaceuticals,Ravi Krishnan,
STP-000765,RT-159,Visakhapatnam Port,17.6868,83.2185,Pickup,Low,Delayed,Customer not available,2024-02-04,2024-02-04 10:00,2024-02-04 12:00,10,145,Pharmaceuticals,Arjun Verma,Gate closes at 17:00
STP-000766,RT-159,Ghaziabad Cold Chain,28.6692,77.4538,Pickup,Medium,On Time,,2024-01-29,2024-01-29 11:30,2024-01-29 13:00,10,1994,FMCG,Deepak Mehta,Gate closes at 17:00
STP-000767,RT-159,Chennai Port Logistics,13.0967,80.29,Warehouse,High,Delayed,Driver illness,2024-03-03,2024-03-03 11:00,2024-03-03 15:30,30,587,Textiles,Vinod Yadav,Gate closes at 17:00
STP-000768,RT-159,Jaipur Logistics Park,26.9124,75.7873,Customs,High,Delayed,Weather delay,2024-02-14,2024-02-14 13:30,2024-02-14 15:30,60,0,Electronics,Arjun Verma,Requires forklift
STP-000769,RT-159,Madhavaram Depot,13.1499,80.2318,Meeting,High,Delayed,Customer not available,2024-03-22,2024-03-22 11:30,2024-03-22 13:00,45,0,Perishables,Kavita Joshi,Requires forklift
STP-000770,RT-160,Pimpri Depot,18.6298,73.7997,Delivery,Low,On Time,,2024-03-22,2024-03-22 10:00,2024-03-22 13:30,15,650,Documents,Suresh Patil,Gate closes at 17:00
STP-000771,RT-160,Bhiwandi Mega Depot,19.2979,73.0586,Delivery,Medium,Delayed,Document missing,2024-03-14,2024-03-14 08:00,2024-03-14 10:00,15,1913,Auto Parts,Ravi Krishnan,Call 30 min before arrival
STP-000772,RT-160,Hinjewadi Tech Zone,18.5912,73.7389,Rest,Medium,On Time,,2024-03-04,2024-03-04 09:00,2024-03-04 12:30,20,0,FMCG,Amit Tiwari,Call 30 min before arrival
STP-000773,RT-160,Mulund Cold Storage,19.1726,72.9559,Warehouse,Low,Cancelled,,2024-03-25,2024-03-25 12:00,2024-03-25 14:30,30,1391,Documents,Manish Gupta,Temperature controlled
STP-000774,RT-160,Panvel Port Gate,18.9894,73.1175,Delivery,Medium,On Time,,2024-02-15,2024-02-15 09:00,2024-02-15 13:30,15,359,Pharmaceuticals,Suresh Patil,Parking available
STP-000775,RT-161,Ghaziabad Cold Chain,28.6692,77.4538,Delivery,Medium,Scheduled,,2024-03-21,2024-03-21 10:30,2024-03-21 12:00,15,1912,Perishables,Manish Gupta,Call 30 min before arrival
STP-000776,RT-161,Pimpri Depot,18.6298,73.7997,Customs,Low,On Time,,2024-02-15,2024-02-15 14:00,2024-02-15 16:30,60,0,Pharmaceuticals,Suresh Patil,Call 30 min before arrival
STP-000777,RT-161,Faridabad Warehouse,28.4089,77.3178,Delivery,Low,On Time,,2024-01-02,2024-01-02 13:00,2024-01-02 16:30,15,183,Textiles,Manish Gupta,Requires forklift
STP-000778,RT-161,Hinjewadi Tech Zone,18.5912,73.7389,Pickup,Low,On Time,,2024-03-25,2024-03-25 07:30,2024-03-25 09:00,10,776,Pharmaceuticals,Priya Nair,
STP-000779,RT-161,Hadapsar Export Unit,18.5089,73.9259,Customs,Medium,On Time,,2024-02-26,2024-02-26 11:30,2024-02-26 13:00,60,0,Perishables,Deepak Mehta,Call 30 min before arrival
STP-000780,RT-162,Ghaziabad Cold Chain,28.6692,77.4538,Delivery,Medium,Cancelled,,2024-01-21,2024-01-21 12:00,2024-01-21 14:30,15,554,Electronics,Deepak Mehta,
STP-000781,RT-162,Faridabad Warehouse,28.4089,77.3178,Meeting,Low,On Time,,2024-02-21,2024-02-21 09:30,2024-02-21 12:00,45,0,Electronics,Ravi Krishnan,Call 30 min before arrival
STP-000782,RT-162,Gurgaon Logistics Park,28.4595,77.0266,Delivery,Medium,On Time,,2024-01-31,2024-01-31 07:00,2024-01-31 11:30,15,1232,Perishables,Ramesh Kumar,
STP-000783,RT-162,Yeshwanthpur Junction,13.0299,77.552,Pickup,Medium,On Time,,2024-02-01,2024-02-01 08:00,2024-02-01 11:00,10,1580,Electronics,Sunita Rao,High security zone
STP-000784,RT-162,Noida Distribution Center,28.5355,77.391,Rest,Medium,On Time,,2024-03-01,2024-03-01 13:00,2024-03-01 15:00,20,0,Documents,Santosh Reddy,Requires forklift
STP-000785,RT-163,Ambattur Industrial,13.0978,80.1609,Pickup,Medium,On Time,,2024-02-13,2024-02-13 10:30,2024-02-13 12:30,10,884,Perishables,Ramesh Kumar,High security zone
STP-000786,RT-163,Whitefield Warehouse,12.9698,77.75,Delivery,Medium,Scheduled,,2024-02-23,2024-02-23 12:00,2024-02-23 16:30,15,382,Electronics,Ramesh Kumar,Call 30 min before arrival
STP-000787,RT-163,Bommanahalli Pickup,12.9133,77.6398,Meeting,Medium,On Time,,2024-02-05,2024-02-05 11:00,2024-02-05 14:30,45,0,Auto Parts,Priya Nair,Parking available
STP-000788,RT-163,Yeshwanthpur Junction,13.0299,77.552,Delivery,High,On Time,,2024-03-11,2024-03-11 07:00,2024-03-11 11:30,15,1668,Pharmaceuticals,Neha Desai,Parking available
STP-000789,RT-163,Peenya Industrial Depot,13.0283,77.518,Delivery,Medium,On Time,,2024-01-14,2024-01-14 13:00,2024-01-14 15:00,15,1993,Perishables,Sunita Rao,Temperature controlled
STP-000790,RT-163,Madhavaram Depot,13.1499,80.2318,Delivery,Medium,Delayed,Driver illness,2024-03-10,2024-03-10 08:30,2024-03-10 10:30,15,423,Textiles,Neha Desai,Requires forklift
STP-000791,RT-163,Mulund Cold Storage,19.1726,72.9559,Delivery,High,Delayed,Traffic congestion,2024-02-14,2024-02-14 11:30,2024-02-14 15:30,15,1875,Auto Parts,Suresh Patil,
STP-000792,RT-163,Pimpri Depot,18.6298,73.7997,Pickup,Low,On Time,,2024-03-17,2024-03-17 07:30,2024-03-17 09:00,10,1967,Textiles,Ramesh Kumar,Temperature controlled
STP-000793,RT-163,Electronic City Hub,12.8399,77.677,Warehouse,Medium,On Time,,2024-02-26,2024-02-26 08:30,2024-02-26 10:30,30,566,FMCG,Rajesh Singh,Call 30 min before arrival
STP-000794,RT-163,Chennai Port Logistics,13.0967,80.29,Delivery,Medium,Scheduled,,2024-02-28,2024-02-28 07:30,2024-02-28 11:30,15,616,Perishables,Vinod Yadav,Gate closes at 17:00
STP-000795,RT-163,Sriperumbudur Hub,12.9674,79.9482,Delivery,High,Scheduled,,2024-01-06,2024-01-06 10:00,2024-01-06 13:30,15,563,Documents,Ravi Krishnan,Call 30 min before arrival
STP-000796,RT-163,Panvel Port Gate,18.9894,73.1175,Meeting,Medium,Delayed,Weather delay,2024-01-15,2024-01-15 10:00,2024-01-15 14:30,45,0,Pharmaceuticals,Suresh Patil,High security zone
STP-000797,RT-164,Lucknow Cargo Hub,26.8467,80.9462,Delivery,Low,Scheduled,,2024-03-29,2024-03-29 08:30,2024-03-29 12:30,15,1309,Textiles,Manish Gupta,Temperature controlled
STP-000798,RT-164,Panvel Port Gate,18.9894,73.1175,Warehouse,Medium,On Time,,2024-03-15,2024-03-15 11:30,2024-03-15 13:00,30,1504,Perishables,Deepak Mehta,Parking available
STP-000799,RT-164,Bommanahalli Pickup,12.9133,77.6398,Delivery,Medium,On Time,,2024-02-28,2024-02-28 14:00,2024-02-28 16:00,15,1014,Perishables,Rajesh Singh,High security zone
STP-000800,RT-164,Nagpur Cold Chain,21.1458,79.0882,Delivery,High,On Time,,2024-03-28,2024-03-28 09:00,2024-03-28 12:00,15,883,FMCG,Kavita Joshi,
STP-000801,RT-164,Ahmedabad GIDC,23.0225,72.5714,Delivery,Medium,On Time,,2024-01-13,2024-01-13 07:30,2024-01-13 11:30,15,1702,Electronics,Ravi Krishnan,Call 30 min before arrival
STP-000802,RT-164,Noida Distribution Center,28.5355,77.391,Delivery,Low,Cancelled,,2024-03-21,2024-03-21 11:00,2024-03-21 13:00,15,227,Textiles,Neha Desai,Parking available
STP-000803,RT-164,Delhi Cargo Terminal,28.5562,77.1,Customs,High,On Time,,2024-03-13,2024-03-13 09:30,2024-03-13 12:00,60,0,Auto Parts,Rajesh Singh,Temperature controlled
STP-000804,RT-164,Thane Depot,19.2183,72.9781,Delivery,Medium,On Time,,2024-01-06,2024-01-06 08:00,2024-01-06 10:30,15,1825,Documents,Deepak Mehta,Requires forklift
STP-000805,RT-164,Surat Textile Hub,21.1702,72.8311,Delivery,Medium,Delayed,Vehicle breakdown,2024-02-19,2024-02-19 10:00,2024-02-19 13:30,15,1897,Perishables,Deepak Mehta,Gate closes at 17:00
STP-000806,RT-164,Visakhapatnam Port,17.6868,83.2185,Pickup,Low,Delayed,Traffic congestion,2024-02-06,2024-02-06 10:30,2024-02-06 12:00,10,748,Electronics,Amit Tiwari,Call 30 min before arrival
STP-000807,RT-164,Dadar Warehouse,19.0178,72.8478,Meeting,High,Scheduled,,2024-01-24,2024-01-24 12:30,2024-01-24 16:00,45,0,Perishables,Vinod Yadav,High security zone
STP-000808,RT-164,Whitefield Warehouse,12.9698,77.75,Delivery,High,Scheduled,,2024-02-17,2024-02-17 14:30,2024-02-17 18:00,15,1774,FMCG,Ravi Krishnan,Requires forklift
STP-000809,RT-164,Pimpri Depot,18.6298,73.7997,Delivery,Medium,On Time,,2024-01-15,2024-01-15 14:30,2024-01-15 16:30,15,671,FMCG,Rajesh Singh,
STP-000810,RT-164,Nashik Depot,19.9975,73.7898,Pickup,Medium,Scheduled,,2024-02-22,2024-02-22 14:30,2024-02-22 18:00,10,1349,FMCG,Deepak Mehta,
STP-000811,RT-164,Gurgaon Logistics Park,28.4595,77.0266,Pickup,Medium,On Time,,2024-03-09,2024-03-09 14:00,2024-03-09 18:30,10,1474,Auto Parts,Manish Gupta,Temperature controlled
STP-000812,RT-165,Chandigarh Distribution,30.7333,76.7794,Rest,Low,On Time,,2024-01-29,2024-01-29 10:00,2024-01-29 12:00,20,0,Perishables,Neha Desai,Requires forklift
STP-000813,RT-165,Bhiwandi Mega Depot,19.2979,73.0586,Pickup,High,On Time,,2024-01-07,2024-01-07 13:00,2024-01-07 16:00,10,1226,Documents,Rajesh Singh,Call 30 min before arrival
STP-000814,RT-165,Lonavala Transit Stop,18.7515,73.4061,Delivery,High,Scheduled,,2024-01-02,2024-01-02 10:30,2024-01-02 12:00,15,972,Perishables,Rajesh Singh,High security zone
STP-000815,RT-165,Electronic City Hub,12.8399,77.677,Pickup,Low,On Time,,2024-03-29,2024-03-29 14:00,2024-03-29 18:30,10,132,Perishables,Ramesh Kumar,Requires forklift
STP-000816,RT-165,Dadar Warehouse,19.0178,72.8478,Pickup,High,Delayed,Customer not available,2024-02-28,2024-02-28 13:30,2024-02-28 17:30,10,1917,FMCG,Vinod Yadav,Gate closes at 17:00
STP-000817,RT-165,Hadapsar Export Unit,18.5089,73.9259,Pickup,Low,On Time,,2024-01-28,2024-01-28 09:30,2024-01-28 13:00,10,386,Documents,Neha Desai,Gate closes at 17:00
STP-000818,RT-165,Patna Cargo Center,25.5941,85.1376,Warehouse,Medium,On Time,,2024-03-23,2024-03-23 12:30,2024-03-23 16:30,30,1655,Pharmaceuticals,Arjun Verma,
STP-000819,RT-165,Andheri Distribution Hub,19.1196,72.8464,Delivery,High,On Time,,2024-03-18,2024-03-18 08:30,2024-03-18 11:00,15,343,Textiles,Suresh Patil,Gate closes at 17:00
STP-000820,RT-165,Bhopal Central Depot,23.2599,77.4126,Delivery,High,On Time,,2024-03-11,2024-03-11 11:00,2024-03-11 13:00,15,184,Textiles,Santosh Reddy,Call 30 min before arrival
STP-000821,RT-165,Kolkata Dock Logistics,22.5726,88.3639,Meeting,Low,On Time,,2024-02-10,2024-02-10 07:00,2024-02-10 09:30,45,0,Pharmaceuticals,Ravi Krishnan,High security zone
STP-000822,RT-165,Madhavaram Depot,13.1499,80.2318,Rest,Medium,On Time,,2024-02-15,2024-02-15 12:00,2024-02-15 15:00,20,0,Perishables,Manish Gupta,Gate closes at 17:00
STP-000823,RT-165,Panvel Port Gate,18.9894,73.1175,Pickup,Low,On Time,,2024-02-18,2024-02-18 07:30,2024-02-18 11:00,10,320,Perishables,Kavita Joshi,Gate closes at 17:00
STP-000824,RT-165,Mulund Cold Storage,19.1726,72.9559,Customs,High,Cancelled,,2024-03-28,2024-03-28 10:00,2024-03-28 12:00,60,0,Textiles,Manish Gupta,Parking available
STP-000825,RT-165,Thane Depot,19.2183,72.9781,Pickup,High,Scheduled,,2024-03-20,2024-03-20 11:30,2024-03-20 14:00,10,1595,Perishables,Deepak Mehta,Temperature controlled
STP-000826,RT-165,Whitefield Warehouse,12.9698,77.75,Delivery,Medium,Scheduled,,2024-03-13,2024-03-13 08:30,2024-03-13 10:00,15,302,Documents,Sunita Rao,High security zone
STP-000827,RT-165,Ranchi Distribution,23.3441,85.3096,Pickup,Low,On Time,,2024-01-13,2024-01-13 08:30,2024-01-13 11:30,10,615,FMCG,Suresh Patil,High security zone
STP-000828,RT-165,Madurai Warehouse,9.9252,78.1198,Meeting,Medium,Cancelled,,2024-02-28,2024-02-28 08:30,2024-02-28 10:30,45,0,Documents,Amit Tiwari,
STP-000829,RT-165,Noida Distribution Center,28.5355,77.391,Meeting,High,Scheduled,,2024-03-03,2024-03-03 08:00,2024-03-03 12:30,45,0,Auto Parts,Deepak Mehta,Requires forklift
STP-000830,RT-165,Sriperumbudur Hub,12.9674,79.9482,Pickup,Medium,On Time,,2024-01-11,2024-01-11 12:30,2024-01-11 15:30,10,1803,Perishables,Ramesh Kumar,Call 30 min before arrival
STP-000831,RT-165,Uran Customs Terminal,18.8921,72.9448,Warehouse,Medium,On Time,,2024-01-14,2024-01-14 07:30,2024-01-14 09:30,30,827,Documents,Suresh Patil,Temperature controlled
STP-000832,RT-165,Bhubaneswar Depot,20.2961,85.8245,Pickup,Medium,On Time,,2024-02-29,2024-02-29 08:30,2024-02-29 11:30,10,379,Perishables,Suresh Patil,
STP-000833,RT-166,Surat Textile Hub,21.1702,72.8311,Delivery,High,On Time,,2024-02-16,2024-02-16 13:30,2024-02-16 15:30,15,443,Documents,Ramesh Kumar,
STP-000834,RT-166,Navi Mumbai Logistics,19.033,73.0297,Delivery,Medium,On Time,,2024-01-09,2024-01-09 08:30,2024-01-09 10:30,15,1799,Perishables,Kavita Joshi,
STP-000835,RT-166,Chennai Port Logistics,13.0967,80.29,Pickup,Medium,On Time,,2024-01-07,2024-01-07 11:00,2024-01-07 13:30,10,1552,Pharmaceuticals,Rajesh Singh,Temperature controlled
STP-000836,RT-166,Rajkot Warehouse,22.3039,70.8022,Delivery,Medium,On Time,,2024-03-29,2024-03-29 14:00,2024-03-29 18:30,15,1429,Textiles,Deepak Mehta,Call 30 min before arrival
STP-000837,RT-166,Salt Lake Warehouse,22.5831,88.4177,Meeting,Low,Delayed,Driver illness,2024-03-26,2024-03-26 10:00,2024-03-26 12:30,45,0,Perishables,Neha Desai,Parking available
STP-000838,RT-166,Hinjewadi Tech Zone,18.5912,73.7389,Delivery,Low,On Time,,2024-02-10,2024-02-10 09:00,2024-02-10 12:30,15,1489,Electronics,Kavita Joshi,Requires forklift
STP-000839,RT-166,Howrah Industrial Hub,22.618,88.3292,Meeting,Medium,Delayed,Driver illness,2024-01-28,2024-01-28 08:00,2024-01-28 10:30,45,0,FMCG,Santosh Reddy,
STP-000840,RT-166,Dankuni Distribution,22.6748,88.2731,Delivery,Medium,Scheduled,,2024-03-14,2024-03-14 10:00,2024-03-14 14:30,15,43,Pharmaceuticals,Amit Tiwari,High security zone
STP-000841,RT-166,Yeshwanthpur Junction,13.0299,77.552,Pickup,Low,On Time,,2024-02-28,2024-02-28 14:30,2024-02-28 18:30,10,1706,Textiles,Deepak Mehta,Parking available
STP-000842,RT-166,Kolkata Dock Logistics,22.5726,88.3639,Delivery,High,On Time,,2024-01-23,2024-01-23 13:00,2024-01-23 16:30,15,1740,Perishables,Neha Desai,
STP-000843,RT-166,Nagpur Cold Chain,21.1458,79.0882,Meeting,Low,Delayed,Customer not available,2024-01-14,2024-01-14 08:00,2024-01-14 10:00,45,0,Electronics,Kavita Joshi,Gate closes at 17:00
STP-000844,RT-166,Ghaziabad Cold Chain,28.6692,77.4538,Meeting,Medium,On Time,,2024-02-07,2024-02-07 07:30,2024-02-07 11:00,45,0,Auto Parts,Manish Gupta,
STP-000845,RT-166,Ahmedabad GIDC,23.0225,72.5714,Delivery,Low,On Time,,2024-02-29,2024-02-29 08:30,2024-02-29 11:30,15,777,Documents,Anil Sharma,High security zone
STP-000846,RT-166,Vadodara Depot,22.3072,73.1812,Delivery,Medium,Scheduled,,2024-03-27,2024-03-27 11:00,2024-03-27 14:00,15,859,Electronics,Ramesh Kumar,Call 30 min before arrival
STP-000847,RT-167,Agra Distribution,27.1767,78.0081,Warehouse,Medium,Scheduled,,2024-02-19,2024-02-19 09:00,2024-02-19 13:30,30,1069,FMCG,Deepak Mehta,Temperature controlled
STP-000848,RT-167,Raipur Warehouse,21.2514,81.6296,Delivery,Low,Scheduled,,2024-03-14,2024-03-14 08:30,2024-03-14 12:30,15,335,Pharmaceuticals,Anil Sharma,Gate closes at 17:00
STP-000849,RT-167,Kanpur Industrial,26.4499,80.3319,Delivery,Medium,On Time,,2024-03-20,2024-03-20 09:00,2024-03-20 11:30,15,1513,FMCG,Kavita Joshi,Parking available
STP-000850,RT-167,Chandigarh Distribution,30.7333,76.7794,Delivery,Medium,Scheduled,,2024-01-25,2024-01-25 10:00,2024-01-25 13:30,15,1360,Electronics,Vinod Yadav,Gate closes at 17:00
STP-000851,RT-167,Uran Customs Terminal,18.8921,72.9448,Customs,Medium,On Time,,2024-02-28,2024-02-28 08:00,2024-02-28 10:00,60,0,Pharmaceuticals,Amit Tiwari,Requires forklift
STP-000852,RT-167,Vadodara Depot,22.3072,73.1812,Delivery,Medium,Scheduled,,2024-02-20,2024-02-20 12:00,2024-02-20 14:30,15,857,Electronics,Kavita Joshi,Gate closes at 17:00
STP-000853,RT-167,Ludhiana Warehouse,30.901,75.8573,Delivery,Medium,On Time,,2024-02-27,2024-02-27 12:00,2024-02-27 16:00,15,1860,FMCG,Arjun Verma,Call 30 min before arrival
STP-000854,RT-167,Surat Textile Hub,21.1702,72.8311,Delivery,Medium,On Time,,2024-03-19,2024-03-19 12:00,2024-03-19 15:00,15,531,Electronics,Anil Sharma,Call 30 min before arrival
STP-000855,RT-167,Jaipur Logistics Park,26.9124,75.7873,Pickup,Medium,On Time,,2024-02-16,2024-02-16 09:00,2024-02-16 11:00,10,293,FMCG,Suresh Patil,Requires forklift
STP-000856,RT-167,Rajkot Warehouse,22.3039,70.8022,Delivery,Medium,Delayed,Customer not available,2024-03-11,2024-03-11 08:30,2024-03-11 11:30,15,903,Textiles,Deepak Mehta,Temperature controlled
STP-000857,RT-167,Lucknow Cargo Hub,26.8467,80.9462,Delivery,High,Scheduled,,2024-01-14,2024-01-14 11:30,2024-01-14 14:00,15,1963,Perishables,Kavita Joshi,
STP-000858,RT-167,Nashik Depot,19.9975,73.7898,Customs,Medium,On Time,,2024-03-20,2024-03-20 11:00,2024-03-20 14:30,60,0,Textiles,Priya Nair,Parking available
STP-000859,RT-167,Electronic City Hub,12.8399,77.677,Customs,Low,On Time,,2024-01-05,2024-01-05 14:30,2024-01-05 16:30,60,0,Documents,Amit Tiwari,Parking available
STP-000860,RT-167,Ahmedabad GIDC,23.0225,72.5714,Pickup,High,On Time,,2024-01-24,2024-01-24 12:30,2024-01-24 15:00,10,1355,Pharmaceuticals,Priya Nair,Requires forklift
STP-000861,RT-168,Coimbatore Industrial,11.0168,76.9558,Delivery,Medium,Delayed,Customer not available,2024-03-18,2024-03-18 11:00,2024-03-18 15:30,15,660,Documents,Priya Nair,Temperature controlled
STP-000862,RT-168,Delhi Cargo Terminal,28.5562,77.1,Delivery,Low,On Time,,2024-02-05,2024-02-05 14:30,2024-02-05 16:00,15,360,Textiles,Priya Nair,
STP-000863,RT-168,Mulund Cold Storage,19.1726,72.9559,Delivery,High,On Time,,2024-03-14,2024-03-14 07:00,2024-03-14 11:30,15,1733,Auto Parts,Ramesh Kumar,Call 30 min before arrival
STP-000864,RT-168,Dadar Warehouse,19.0178,72.8478,Delivery,High,On Time,,2024-02-23,2024-02-23 14:30,2024-02-23 16:30,15,718,Auto Parts,Suresh Patil,Parking available
STP-000865,RT-168,Aurangabad Hub,19.8762,75.3433,Pickup,High,Scheduled,,2024-02-28,2024-02-28 11:30,2024-02-28 15:00,10,1930,Textiles,Suresh Patil,Call 30 min before arrival
STP-000866,RT-168,Chandigarh Distribution,30.7333,76.7794,Delivery,Low,On Time,,2024-02-11,2024-02-11 09:30,2024-02-11 11:00,15,401,Perishables,Amit Tiwari,Parking available
STP-000867,RT-168,Bhopal Central Depot,23.2599,77.4126,Warehouse,Medium,On Time,,2024-01-07,2024-01-07 07:30,2024-01-07 11:00,30,1949,Pharmaceuticals,Suresh Patil,High security zone
STP-000868,RT-168,Ludhiana Warehouse,30.901,75.8573,Delivery,Medium,Delayed,Traffic congestion,2024-03-30,2024-03-30 13:00,2024-03-30 16:00,15,268,Pharmaceuticals,Sunita Rao,Requires forklift
STP-000869,RT-168,Ghaziabad Cold Chain,28.6692,77.4538,Warehouse,Low,Delayed,Customs hold,2024-02-27,2024-02-27 13:00,2024-02-27 17:00,30,1013,Pharmaceuticals,Priya Nair,
STP-000870,RT-168,Hadapsar Export Unit,18.5089,73.9259,Delivery,Medium,Delayed,Customs hold,2024-01-11,2024-01-11 11:30,2024-01-11 15:00,15,1762,FMCG,Neha Desai,Gate closes at 17:00
STP-000871,RT-168,Sriperumbudur Hub,12.9674,79.9482,Delivery,Medium,Scheduled,,2024-03-26,2024-03-26 10:00,2024-03-26 12:30,15,394,Auto Parts,Suresh Patil,Parking available
STP-000872,RT-168,Howrah Industrial Hub,22.618,88.3292,Delivery,Medium,Scheduled,,2024-02-28,2024-02-28 12:00,2024-02-28 15:00,15,458,Pharmaceuticals,Deepak Mehta,
STP-000873,RT-168,Kochi Port Terminal,9.9312,76.2673,Customs,Medium,On Time,,2024-01-09,2024-01-09 13:30,2024-01-09 15:30,60,0,Pharmaceuticals,Sunita Rao,Gate closes at 17:00
STP-000874,RT-168,Indore Logistics Hub,22.7196,75.8577,Delivery,Low,On Time,,2024-01-03,2024-01-03 08:30,2024-01-03 10:00,15,985,Perishables,Manish Gupta,
STP-000875,RT-168,Pimpri Depot,18.6298,73.7997,Pickup,High,On Time,,2024-02-25,2024-02-25 08:00,2024-02-25 11:00,10,892,Textiles,Priya Nair,Call 30 min before arrival
STP-000876,RT-168,Kolkata Dock Logistics,22.5726,88.3639,Pickup,Medium,On Time,,2024-02-18,2024-02-18 07:30,2024-02-18 11:00,10,834,FMCG,Santosh Reddy,High security zone
STP-000877,RT-168,Navi Mumbai Logistics,19.033,73.0297,Pickup,Medium,Cancelled,,2024-03-28,2024-03-28 13:00,2024-03-28 15:00,10,459,Electronics,Ramesh Kumar,Call 30 min before arrival
STP-000878,RT-168,Peenya Industrial Depot,13.0283,77.518,Meeting,Medium,On Time,,2024-01-29,2024-01-29 08:30,2024-01-29 11:30,45,0,FMCG,Neha Desai,High security zone
STP-000879,RT-168,Noida Distribution Center,28.5355,77.391,Pickup,High,Delayed,Traffic congestion,2024-03-22,2024-03-22 10:30,2024-03-22 13:30,10,389,Textiles,Amit Tiwari,
STP-000880,RT-168,Salt Lake Warehouse,22.5831,88.4177,Warehouse,Low,On Time,,2024-02-10,2024-02-10 10:00,2024-02-10 12:00,30,1852,Auto Parts,Rajesh Singh,Call 30 min before arrival
STP-000881,RT-169,Ranchi Distribution,23.3441,85.3096,Rest,Low,Delayed,Customer not available,2024-01-02,2024-01-02 09:30,2024-01-02 13:30,20,0,Documents,Anil Sharma,
STP-000882,RT-169,Visakhapatnam Port,17.6868,83.2185,Delivery,Low,Scheduled,,2024-03-08,2024-03-08 11:00,2024-03-08 13:00,15,214,Pharmaceuticals,Ravi Krishnan,Parking available
STP-000883,RT-169,Madurai Warehouse,9.9252,78.1198,Pickup,Low,On Time,,2024-03-03,2024-03-03 11:30,2024-03-03 15:30,10,1705,Pharmaceuticals,Vinod Yadav,Parking available
STP-000884,RT-169,Coimbatore Industrial,11.0168,76.9558,Customs,Low,Cancelled,,2024-02-04,2024-02-04 14:00,2024-02-04 16:00,60,0,Documents,Anil Sharma,Requires forklift
STP-000885,RT-169,Kochi Port Terminal,9.9312,76.2673,Pickup,High,Scheduled,,2024-01-27,2024-01-27 13:00,2024-01-27 16:00,10,783,Perishables,Suresh Patil,High security zone
STP-000886,RT-170,Ranchi Distribution,23.3441,85.3096,Pickup,Low,On Time,,2024-01-06,2024-01-06 11:30,2024-01-06 13:00,10,941,Textiles,Ravi Krishnan,Parking available
STP-000887,RT-170,Surat Textile Hub,21.1702,72.8311,Delivery,Low,On Time,,2024-01-19,2024-01-19 14:30,2024-01-19 18:00,15,603,Textiles,Manish Gupta,Requires forklift
STP-000888,RT-170,Jaipur Logistics Park,26.9124,75.7873,Delivery,Medium,On Time,,2024-02-28,2024-02-28 11:00,2024-02-28 13:00,15,1224,Electronics,Ramesh Kumar,
STP-000889,RT-170,Shamshabad Cargo,17.2403,78.4294,Delivery,Medium,Scheduled,,2024-02-02,2024-02-02 07:00,2024-02-02 09:30,15,1618,Documents,Manish Gupta,Requires forklift
STP-000890,RT-170,Nagpur Cold Chain,21.1458,79.0882,Rest,Low,On Time,,2024-01-26,2024-01-26 09:30,2024-01-26 13:00,20,0,Electronics,Kavita Joshi,Parking available
STP-000891,RT-170,Ambattur Industrial,13.0978,80.1609,Delivery,Medium,Scheduled,,2024-02-21,2024-02-21 13:00,2024-02-21 16:30,15,1232,Pharmaceuticals,Rajesh Singh,
STP-000892,RT-170,Nashik Depot,19.9975,73.7898,Meeting,Medium,On Time,,2024-01-26,2024-01-26 09:30,2024-01-26 13:00,45,0,FMCG,Vinod Yadav,High security zone
STP-000893,RT-170,Uppal Distribution,17.4062,78.5604,Delivery,Medium,On Time,,2024-01-24,2024-01-24 14:30,2024-01-24 18:30,15,1088,Auto Parts,Neha Desai,Parking available
STP-000894,RT-170,Pune Warehouse Central,18.5204,73.8567,Pickup,Medium,On Time,,2024-02-15,2024-02-15 12:30,2024-02-15 15:30,10,850,Auto Parts,Ramesh Kumar,Call 30 min before arrival
STP-000895,RT-170,Connaught Place Hub,28.6315,77.2167,Rest,Medium,On Time,,2024-02-08,2024-02-08 09:00,2024-02-08 13:30,20,0,Textiles,Amit Tiwari,High security zone
STP-000896,RT-170,Raipur Warehouse,21.2514,81.6296,Delivery,Low,Scheduled,,2024-03-26,2024-03-26 09:00,2024-03-26 12:30,15,1801,Textiles,Kavita Joshi,Call 30 min before arrival
STP-000897,RT-170,Whitefield Warehouse,12.9698,77.75,Delivery,Medium,Delayed,Customs hold,2024-03-17,2024-03-17 08:00,2024-03-17 11:30,15,688,Documents,Ramesh Kumar,Gate closes at 17:00
STP-000898,RT-170,Ghaziabad Cold Chain,28.6692,77.4538,Warehouse,Medium,On Time,,2024-01-27,2024-01-27 07:00,2024-01-27 11:30,30,1843,Perishables,Arjun Verma,Requires forklift
STP-000899,RT-170,Yeshwanthpur Junction,13.0299,77.552,Delivery,Medium,On Time,,2024-03-20,2024-03-20 07:00,2024-03-20 10:00,15,323,Textiles,Amit Tiwari,Gate closes at 17:00
STP-000900,RT-170,Dankuni Distribution,22.6748,88.2731,Pickup,Medium,On Time,,2024-01-04,2024-01-04 08:30,2024-01-04 11:30,10,259,Pharmaceuticals,Deepak Mehta,
STP-000901,RT-171,Bhiwandi Mega Depot,19.2979,73.0586,Delivery,High,On Time,,2024-03-06,2024-03-06 10:00,2024-03-06 12:30,15,602,Perishables,Suresh Patil,
STP-000902,RT-171,Mulund Cold Storage,19.1726,72.9559,Pickup,Medium,Scheduled,,2024-01-14,2024-01-14 13:30,2024-01-14 17:30,10,313,Electronics,Vinod Yadav,
STP-000903,RT-171,Bhopal Central Depot,23.2599,77.4126,Delivery,Medium,Scheduled,,2024-03-23,2024-03-23 11:30,2024-03-23 13:00,15,736,FMCG,Kavita Joshi,
STP-000904,RT-171,Raipur Warehouse,21.2514,81.6296,Delivery,Low,Scheduled,,2024-03-05,2024-03-05 12:00,2024-03-05 16:30,15,1085,Auto Parts,Manish Gupta,Gate closes at 17:00
STP-000905,RT-171,Panvel Port Gate,18.9894,73.1175,Delivery,High,Scheduled,,2024-01-18,2024-01-18 12:30,2024-01-18 15:30,15,149,Documents,Arjun Verma,
STP-000906,RT-171,Navi Mumbai Logistics,19.033,73.0297,Pickup,Medium,Delayed,Document missing,2024-03-05,2024-03-05 09:30,2024-03-05 13:00,10,1966,Textiles,Priya Nair,
STP-000907,RT-171,Uran Customs Terminal,18.8921,72.9448,Delivery,High,Scheduled,,2024-01-13,2024-01-13 09:00,2024-01-13 11:30,15,985,Pharmaceuticals,Ravi Krishnan,Temperature controlled
STP-000908,RT-171,Aurangabad Hub,19.8762,75.3433,Rest,Low,Scheduled,,2024-01-23,2024-01-23 10:30,2024-01-23 12:30,20,0,Electronics,Santosh Reddy,High security zone
STP-000909,RT-171,Andheri Distribution Hub,19.1196,72.8464,Delivery,Low,On Time,,2024-02-17,2024-02-17 08:00,2024-02-17 11:00,15,1440,Auto Parts,Deepak Mehta,Requires forklift
STP-000910,RT-171,Kurla Sorting Center,19.0728,72.8826,Rest,Medium,Delayed,Vehicle breakdown,2024-02-02,2024-02-02 10:30,2024-02-02 12:30,20,0,FMCG,Neha Desai,Requires forklift
STP-000911,RT-171,Indore Logistics Hub,22.7196,75.8577,Pickup,Medium,On Time,,2024-03-15,2024-03-15 10:00,2024-03-15 12:00,10,1668,FMCG,Amit Tiwari,Call 30 min before arrival
STP-000912,RT-171,Nashik Depot,19.9975,73.7898,Pickup,Medium,Scheduled,,2024-01-24,2024-01-24 08:30,2024-01-24 11:00,10,1178,Documents,Kavita Joshi,Parking available
STP-000913,RT-172,Pune Warehouse Central,18.5204,73.8567,Delivery,Medium,Delayed,Weather delay,2024-03-04,2024-03-04 08:00,2024-03-04 10:00,15,56,FMCG,Sunita Rao,High security zone
STP-000914,RT-172,Uran Customs Terminal,18.8921,72.9448,Customs,Medium,On Time,,2024-01-21,2024-01-21 12:30,2024-01-21 14:00,60,0,FMCG,Sunita Rao,High security zone
STP-000915,RT-172,Panvel Port Gate,18.9894,73.1175,Pickup,High,On Time,,2024-03-01,2024-03-01 08:30,2024-03-01 12:00,10,873,Pharmaceuticals,Anil Sharma,Parking available
STP-000916,RT-172,BKC Corporate HQ,19.0658,72.8692,Customs,High,On Time,,2024-02-12,2024-02-12 10:00,2024-02-12 14:00,60,0,Documents,Santosh Reddy,Call 30 min before arrival
STP-000917,RT-172,Andheri Distribution Hub,19.1196,72.8464,Delivery,High,Scheduled,,2024-03-19,2024-03-19 13:00,2024-03-19 17:30,15,564,Perishables,Ramesh Kumar,Gate closes at 17:00
STP-000918,RT-172,Mulund Cold Storage,19.1726,72.9559,Delivery,Medium,On Time,,2024-03-02,2024-03-02 12:30,2024-03-02 15:00,15,123,Electronics,Ravi Krishnan,Temperature controlled
STP-000919,RT-172,Kurla Sorting Center,19.0728,72.8826,Pickup,Low,Scheduled,,2024-03-02,2024-03-02 07:00,2024-03-02 11:30,10,1434,FMCG,Deepak Mehta,
STP-000920,RT-172,Pimpri Depot,18.6298,73.7997,Pickup,High,On Time,,2024-02-17,2024-02-17 08:30,2024-02-17 12:00,10,1890,Electronics,Anil Sharma,Temperature controlled
STP-000921,RT-172,Lonavala Transit Stop,18.7515,73.4061,Delivery,High,Scheduled,,2024-03-09,2024-03-09 13:00,2024-03-09 17:00,15,521,Documents,Ramesh Kumar,Gate closes at 17:00
STP-000922,RT-172,Navi Mumbai Logistics,19.033,73.0297,Delivery,Medium,Cancelled,,2024-02-10,2024-02-10 11:30,2024-02-10 13:00,15,275,Textiles,Deepak Mehta,
STP-000923,RT-172,Dadar Warehouse,19.0178,72.8478,Meeting,Medium,Delayed,Driver illness,2024-03-10,2024-03-10 08:00,2024-03-10 11:30,45,0,Pharmaceuticals,Amit Tiwari,Temperature controlled
STP-000924,RT-173,Lonavala Transit Stop,18.7515,73.4061,Warehouse,Medium,On Time,,2024-01-27,2024-01-27 11:00,2024-01-27 13:00,30,1142,FMCG,Suresh Patil,Parking available
STP-000925,RT-173,Connaught Place Hub,28.6315,77.2167,Warehouse,Low,Cancelled,,2024-03-30,2024-03-30 07:30,2024-03-30 09:30,30,53,Auto Parts,Sunita Rao,Call 30 min before arrival
STP-000926,RT-173,Faridabad Warehouse,28.4089,77.3178,Delivery,Medium,On Time,,2024-01-08,2024-01-08 11:30,2024-01-08 13:30,15,1776,Auto Parts,Deepak Mehta,
STP-000927,RT-173,Ranchi Distribution,23.3441,85.3096,Delivery,Medium,On Time,,2024-02-25,2024-02-25 09:00,2024-02-25 13:30,15,1572,Pharmaceuticals,Amit Tiwari,Call 30 min before arrival
STP-000928,RT-173,Pimpri Depot,18.6298,73.7997,Customs,Low,On Time,,2024-03-16,2024-03-16 12:00,2024-03-16 15:00,60,0,Documents,Santosh Reddy,
STP-000929,RT-173,Delhi Cargo Terminal,28.5562,77.1,Customs,Low,Scheduled,,2024-03-11,2024-03-11 07:30,2024-03-11 09:30,60,0,Textiles,Kavita Joshi,
STP-000930,RT-173,Hadapsar Export Unit,18.5089,73.9259,Meeting,Medium,On Time,,2024-02-18,2024-02-18 11:30,2024-02-18 13:00,45,0,Electronics,Vinod Yadav,High security zone
STP-000931,RT-173,Ahmedabad GIDC,23.0225,72.5714,Delivery,Medium,Delayed,Weather delay,2024-03-14,2024-03-14 11:30,2024-03-14 14:00,15,560,Perishables,Vinod Yadav,Call 30 min before arrival
STP-000932,RT-173,Noida Distribution Center,28.5355,77.391,Delivery,Medium,On Time,,2024-01-23,2024-01-23 12:30,2024-01-23 15:30,15,28,Auto Parts,Ramesh Kumar,Parking available
STP-000933,RT-173,Pune Warehouse Central,18.5204,73.8567,Pickup,Low,Scheduled,,2024-01-08,2024-01-08 10:00,2024-01-08 13:30,10,1139,Pharmaceuticals,Suresh Patil,
STP-000934,RT-173,Ghaziabad Cold Chain,28.6692,77.4538,Delivery,Low,Delayed,Vehicle breakdown,2024-03-04,2024-03-04 11:00,2024-03-04 14:00,15,1794,Textiles,Arjun Verma,Call 30 min before arrival
STP-000935,RT-173,Hinjewadi Tech Zone,18.5912,73.7389,Delivery,Medium,On Time,,2024-03-05,2024-03-05 09:30,2024-03-05 13:30,15,1479,FMCG,Ramesh Kumar,High security zone
STP-000936,RT-173,Gurgaon Logistics Park,28.4595,77.0266,Rest,High,On Time,,2024-01-06,2024-01-06 12:00,2024-01-06 16:30,20,0,Textiles,Kavita Joshi,Gate closes at 17:00
STP-000937,RT-174,Faridabad Warehouse,28.4089,77.3178,Rest,Low,On Time,,2024-02-07,2024-02-07 12:00,2024-02-07 15:00,20,0,Pharmaceuticals,Amit Tiwari,Requires forklift
STP-000938,RT-174,Ghaziabad Cold Chain,28.6692,77.4538,Customs,High,On Time,,2024-03-06,2024-03-06 10:30,2024-03-06 13:00,60,0,Textiles,Ramesh Kumar,Requires forklift
STP-000939,RT-174,Yeshwanthpur Junction,13.0299,77.552,Pickup,Low,Scheduled,,2024-01-29,2024-01-29 08:30,2024-01-29 10:00,10,1090,Documents,Ramesh Kumar,
STP-000940,RT-174,Navi Mumbai Logistics,19.033,73.0297,Meeting,Medium,On Time,,2024-01-25,2024-01-25 12:30,2024-01-25 15:00,45,0,Documents,Ravi Krishnan,Parking available
STP-000941,RT-174,Whitefield Warehouse,12.9698,77.75,Delivery,Medium,On Time,,2024-01-31,2024-01-31 08:30,2024-01-31 12:30,15,730,Textiles,Manish Gupta,Gate closes at 17:00
STP-000942,RT-174,Gurgaon Logistics Park,28.4595,77.0266,Customs,Medium,Scheduled,,2024-02-23,2024-02-23 10:00,2024-02-23 13:00,60,0,FMCG,Ravi Krishnan,
STP-000943,RT-174,Jaipur Logistics Park,26.9124,75.7873,Meeting,Medium,On Time,,2024-02-13,2024-02-13 11:30,2024-02-13 14:00,45,0,Auto Parts,Manish Gupta,Requires forklift
STP-000944,RT-174,Noida Distribution Center,28.5355,77.391,Meeting,Medium,On Time,,2024-02-28,2024-02-28 10:00,2024-02-28 12:00,45,0,Pharmaceuticals,Ravi Krishnan,
STP-000945,RT-174,Peenya Industrial Depot,13.0283,77.518,Warehouse,High,On Time,,2024-01-04,2024-01-04 07:00,2024-01-04 10:00,30,1785,Textiles,Amit Tiwari,
STP-000946,RT-174,Connaught Place Hub,28.6315,77.2167,Customs,Medium,On Time,,2024-03-12,2024-03-12 13:00,2024-03-12 17:30,60,0,Documents,Amit Tiwari,Parking available
STP-000947,RT-174,Electronic City Hub,12.8399,77.677,Meeting,Medium,Delayed,Customs hold,2024-02-15,2024-02-15 07:30,2024-02-15 09:30,45,0,Documents,Deepak Mehta,High security zone
STP-000948,RT-174,Lonavala Transit Stop,18.7515,73.4061,Warehouse,Low,Scheduled,,2024-03-16,2024-03-16 09:00,2024-03-16 13:00,30,1225,Textiles,Priya Nair,
STP-000949,RT-174,Bommanahalli Pickup,12.9133,77.6398,Pickup,Medium,On Time,,2024-01-30,2024-01-30 11:30,2024-01-30 13:30,10,1165,Textiles,Amit Tiwari,
STP-000950,RT-174,Delhi Cargo Terminal,28.5562,77.1,Delivery,Medium,On Time,,2024-01-06,2024-01-06 09:00,2024-01-06 11:30,15,1187,Textiles,Priya Nair,Gate closes at 17:00
STP-000951,RT-175,Peenya Industrial Depot,13.0283,77.518,Customs,Medium,Delayed,Traffic congestion,2024-01-27,2024-01-27 09:00,2024-01-27 11:00,60,0,Textiles,Manish Gupta,Temperature controlled
STP-000952,RT-175,Electronic City Hub,12.8399,77.677,Delivery,Low,Delayed,Document missing,2024-01-27,2024-01-27 07:30,2024-01-27 10:30,15,268,Documents,Kavita Joshi,High security zone
STP-000953,RT-175,Bommanahalli Pickup,12.9133,77.6398,Customs,Low,On Time,,2024-02-25,2024-02-25 08:30,2024-02-25 11:30,60,0,FMCG,Vinod Yadav,Gate closes at 17:00
STP-000954,RT-175,Madhavaram Depot,13.1499,80.2318,Rest,Low,On Time,,2024-01-10,2024-01-10 10:30,2024-01-10 14:00,20,0,Pharmaceuticals,Kavita Joshi,Gate closes at 17:00
STP-000955,RT-175,Yeshwanthpur Junction,13.0299,77.552,Warehouse,Medium,Scheduled,,2024-01-13,2024-01-13 07:30,2024-01-13 10:00,30,1363,Documents,Amit Tiwari,Call 30 min before arrival
STP-000956,RT-175,Ambattur Industrial,13.0978,80.1609,Customs,Medium,Delayed,Weather delay,2024-03-16,2024-03-16 10:30,2024-03-16 12:00,60,0,Auto Parts,Rajesh Singh,
STP-000957,RT-175,HITEC City Warehouse,17.4435,78.3772,Warehouse,Low,On Time,,2024-01-26,2024-01-26 11:00,2024-01-26 13:00,30,147,Auto Parts,Manish Gupta,Temperature controlled
STP-000958,RT-175,Sriperumbudur Hub,12.9674,79.9482,Warehouse,High,On Time,,2024-02-18,2024-02-18 11:00,2024-02-18 15:30,30,1355,FMCG,Amit Tiwari,High security zone
STP-000959,RT-175,Chennai Port Logistics,13.0967,80.29,Warehouse,Low,On Time,,2024-03-21,2024-03-21 14:30,2024-03-21 17:30,30,615,Electronics,Anil Sharma,Gate closes at 17:00
STP-000960,RT-175,Noida Distribution Center,28.5355,77.391,Rest,Low,Delayed,Traffic congestion,2024-02-27,2024-02-27 11:30,2024-02-27 14:00,20,0,FMCG,Kavita Joshi,Parking available
STP-000961,RT-175,Whitefield Warehouse,12.9698,77.75,Meeting,Medium,Delayed,Customs hold,2024-01-17,2024-01-17 13:30,2024-01-17 17:30,45,0,FMCG,Ramesh Kumar,High security zone
STP-000962,RT-176,Ambattur Industrial,13.0978,80.1609,Meeting,Medium,On Time,,2024-02-21,2024-02-21 14:30,2024-02-21 17:00,45,0,Perishables,Anil Sharma,Parking available
STP-000963,RT-176,HITEC City Warehouse,17.4435,78.3772,Meeting,High,Scheduled,,2024-01-29,2024-01-29 14:00,2024-01-29 17:00,45,0,Electronics,Santosh Reddy,Parking available
STP-000964,RT-176,Uppal Distribution,17.4062,78.5604,Delivery,Medium,Scheduled,,2024-01-12,2024-01-12 07:30,2024-01-12 10:30,15,1142,Electronics,Arjun Verma,Call 30 min before arrival
STP-000965,RT-176,Chennai Port Logistics,13.0967,80.29,Pickup,Medium,On Time,,2024-03-09,2024-03-09 10:30,2024-03-09 12:00,10,340,Pharmaceuticals,Priya Nair,
STP-000966,RT-176,Patancheru Depot,17.5334,78.2636,Delivery,Low,Scheduled,,2024-01-03,2024-01-03 07:00,2024-01-03 09:30,15,96,FMCG,Vinod Yadav,High security zone
STP-000967,RT-176,Shamshabad Cargo,17.2403,78.4294,Delivery,Medium,Delayed,Vehicle breakdown,2024-02-04,2024-02-04 10:00,2024-02-04 12:30,15,1685,Perishables,Amit Tiwari,High security zone
STP-000968,RT-176,Sriperumbudur Hub,12.9674,79.9482,Customs,High,Delayed,Driver illness,2024-01-02,2024-01-02 13:00,2024-01-02 15:00,60,0,Auto Parts,Anil Sharma,High security zone
STP-000969,RT-176,Madhavaram Depot,13.1499,80.2318,Warehouse,Medium,On Time,,2024-02-05,2024-02-05 07:30,2024-02-05 10:00,30,1995,Perishables,Santosh Reddy,
STP-000970,RT-177,Peenya Industrial Depot,13.0283,77.518,Rest,Medium,Delayed,Weather delay,2024-02-17,2024-02-17 10:30,2024-02-17 13:00,20,0,FMCG,Ravi Krishnan,Gate closes at 17:00
STP-000971,RT-177,Noida Distribution Center,28.5355,77.391,Delivery,High,On Time,,2024-02-01,2024-02-01 14:00,2024-02-01 18:00,15,1726,Auto Parts,Manish Gupta,Temperature controlled
STP-000972,RT-177,Chennai Port Logistics,13.0967,80.29,Delivery,Medium,On Time,,2024-02-13,2024-02-13 13:00,2024-02-13 16:00,15,1167,Textiles,Deepak Mehta,Call 30 min before arrival
STP-000973,RT-177,Bhiwandi Mega Depot,19.2979,73.0586,Delivery,Medium,On Time,,2024-03-04,2024-03-04 14:30,2024-03-04 18:00,15,1461,Auto Parts,Manish Gupta,Gate closes at 17:00
STP-000974,RT-177,Pimpri Depot,18.6298,73.7997,Customs,Medium,On Time,,2024-01-17,2024-01-17 08:00,2024-01-17 11:00,60,0,Electronics,Rajesh Singh,Temperature controlled
STP-000975,RT-177,Bommanahalli Pickup,12.9133,77.6398,Pickup,Low,On Time,,2024-03-04,2024-03-04 07:00,2024-03-04 10:30,10,1800,Textiles,Deepak Mehta,
STP-000976,RT-177,Kolkata Dock Logistics,22.5726,88.3639,Delivery,High,Delayed,Weather delay,2024-03-27,2024-03-27 11:30,2024-03-27 15:30,15,1164,Perishables,Rajesh Singh,Requires forklift
STP-000977,RT-177,Gurgaon Logistics Park,28.4595,77.0266,Delivery,Medium,On Time,,2024-03-18,2024-03-18 12:30,2024-03-18 16:30,15,1927,Pharmaceuticals,Amit Tiwari,Requires forklift
STP-000978,RT-177,Madhavaram Depot,13.1499,80.2318,Delivery,Low,On Time,,2024-02-10,2024-02-10 14:30,2024-02-10 16:00,15,147,Electronics,Vinod Yadav,Temperature controlled
STP-000979,RT-177,Aurangabad Hub,19.8762,75.3433,Delivery,High,Delayed,Traffic congestion,2024-01-13,2024-01-13 14:00,2024-01-13 17:30,15,727,Perishables,Manish Gupta,Temperature controlled
STP-000980,RT-177,Chandigarh Distribution,30.7333,76.7794,Delivery,High,On Time,,2024-02-06,2024-02-06 10:30,2024-02-06 13:30,15,1580,Auto Parts,Amit Tiwari,High security zone
STP-000981,RT-177,Shamshabad Cargo,17.2403,78.4294,Meeting,Medium,Delayed,Weather delay,2024-03-16,2024-03-16 10:00,2024-03-16 12:00,45,0,FMCG,Vinod Yadav,Gate closes at 17:00
STP-000982,RT-177,Patancheru Depot,17.5334,78.2636,Delivery,Medium,On Time,,2024-03-14,2024-03-14 13:30,2024-03-14 16:30,15,15,Documents,Anil Sharma,Temperature controlled
STP-000983,RT-177,Lonavala Transit Stop,18.7515,73.4061,Delivery,Low,On Time,,2024-01-22,2024-01-22 09:30,2024-01-22 11:00,15,1844,Electronics,Rajesh Singh,
STP-000984,RT-177,Nashik Depot,19.9975,73.7898,Pickup,Medium,On Time,,2024-01-16,2024-01-16 11:00,2024-01-16 15:30,10,799,Perishables,Kavita Joshi,Parking available
STP-000985,RT-177,Andheri Distribution Hub,19.1196,72.8464,Delivery,Medium,Delayed,Driver illness,2024-01-28,2024-01-28 08:00,2024-01-28 12:30,15,905,Textiles,Kavita Joshi,
STP-000986,RT-177,HITEC City Warehouse,17.4435,78.3772,Meeting,Medium,On Time,,2024-02-25,2024-02-25 08:30,2024-02-25 12:00,45,0,Pharmaceuticals,Sunita Rao,
STP-000987,RT-177,Yeshwanthpur Junction,13.0299,77.552,Warehouse,Medium,On Time,,2024-03-19,2024-03-19 13:00,2024-03-19 15:30,30,1921,Perishables,Ramesh Kumar,Temperature controlled
STP-000988,RT-177,Electronic City Hub,12.8399,77.677,Pickup,Medium,Scheduled,,2024-02-09,2024-02-09 07:30,2024-02-09 11:00,10,1885,Pharmaceuticals,Manish Gupta,Call 30 min before arrival
STP-000989,RT-177,Madurai Warehouse,9.9252,78.1198,Meeting,High,Cancelled,,2024-03-02,2024-03-02 11:30,2024-03-02 15:00,45,0,Perishables,Vinod Yadav,High security zone
STP-000990,RT-177,Kurla Sorting Center,19.0728,72.8826,Meeting,Low,On Time,,2024-03-01,2024-03-01 07:30,2024-03-01 11:30,45,0,Perishables,Sunita Rao,Gate closes at 17:00
STP-000991,RT-177,Ambattur Industrial,13.0978,80.1609,Delivery,High,On Time,,2024-01-23,2024-01-23 09:00,2024-01-23 13:00,15,1742,Electronics,Ramesh Kumar,
STP-000992,RT-177,Indore Logistics Hub,22.7196,75.8577,Meeting,High,On Time,,2024-02-05,2024-02-05 08:00,2024-02-05 12:00,45,0,Perishables,Sunita Rao,Parking available
STP-000993,RT-177,Howrah Industrial Hub,22.618,88.3292,Customs,High,Scheduled,,2024-01-02,2024-01-02 12:30,2024-01-02 16:30,60,0,Perishables,Ramesh Kumar,Gate closes at 17:00
STP-000994,RT-178,Hinjewadi Tech Zone,18.5912,73.7389,Delivery,Low,On Time,,2024-02-05,2024-02-05 07:30,2024-02-05 10:00,15,1173,Documents,Neha Desai,Gate closes at 17:00
STP-000995,RT-178,Visakhapatnam Port,17.6868,83.2185,Meeting,Medium,On Time,,2024-01-24,2024-01-24 08:00,2024-01-24 10:00,45,0,Perishables,Ramesh Kumar,Requires forklift
STP-000996,RT-178,Kanpur Industrial,26.4499,80.3319,Warehouse,Medium,Scheduled,,2024-01-11,2024-01-11 12:00,2024-01-11 15:30,30,1325,Documents,Anil Sharma,Requires forklift
STP-000997,RT-178,Patancheru Depot,17.5334,78.2636,Delivery,Medium,On Time,,2024-02-05,2024-02-05 11:00,2024-02-05 13:30,15,1720,FMCG,Vinod Yadav,Temperature controlled
STP-000998,RT-178,Uran Customs Terminal,18.8921,72.9448,Delivery,Medium,Delayed,Weather delay,2024-01-12,2024-01-12 14:30,2024-01-12 17:30,15,1591,Perishables,Manish Gupta,
STP-000999,RT-178,Lucknow Cargo Hub,26.8467,80.9462,Warehouse,Medium,On Time,,2024-03-15,2024-03-15 09:30,2024-03-15 11:00,30,441,Perishables,Deepak Mehta,Parking available
STP-001000,RT-178,Gurgaon Logistics Park,28.4595,77.0266,Meeting,Medium,On Time,,2024-02-13,2024-02-13 11:30,2024-02-13 13:00,45,0,FMCG,Vinod Yadav,Temperature controlled
STP-001001,RT-178,Bhiwandi Mega Depot,19.2979,73.0586,Pickup,High,On Time,,2024-03-25,2024-03-25 08:00,2024-03-25 12:30,10,1211,Pharmaceuticals,Priya Nair,
STP-001002,RT-178,Pune Warehouse Central,18.5204,73.8567,Meeting,Low,On Time,,2024-01-14,2024-01-14 12:30,2024-01-14 16:00,45,0,Auto Parts,Priya Nair,Parking available
STP-001003,RT-178,Ambattur Industrial,13.0978,80.1609,Meeting,High,Scheduled,,2024-01-21,2024-01-21 12:30,2024-01-21 15:00,45,0,Auto Parts,Ravi Krishnan,
STP-001004,RT-178,BKC Corporate HQ,19.0658,72.8692,Meeting,Medium,Delayed,Customer not available,2024-02-01,2024-02-01 13:30,2024-02-01 16:30,45,0,Perishables,Deepak Mehta,High security zone
STP-001005,RT-178,Ranchi Distribution,23.3441,85.3096,Delivery,Low,Scheduled,,2024-01-14,2024-01-14 10:30,2024-01-14 14:30,15,1963,Textiles,Deepak Mehta,Call 30 min before arrival
STP-001006,RT-178,Salt Lake Warehouse,22.5831,88.4177,Delivery,High,On Time,,2024-03-30,2024-03-30 11:00,2024-03-30 15:00,15,692,Documents,Ramesh Kumar,Gate closes at 17:00
STP-001007,RT-178,Nashik Depot,19.9975,73.7898,Delivery,Low,On Time,,2024-02-20,2024-02-20 12:00,2024-02-20 15:30,15,312,FMCG,Amit Tiwari,Requires forklift
STP-001008,RT-178,Chandigarh Distribution,30.7333,76.7794,Delivery,High,On Time,,2024-02-25,2024-02-25 10:00,2024-02-25 12:00,15,1147,Documents,Ravi Krishnan,Parking available
STP-001009,RT-178,Bhopal Central Depot,23.2599,77.4126,Delivery,High,Scheduled,,2024-03-11,2024-03-11 08:30,2024-03-11 11:00,15,1378,Auto Parts,Sunita Rao,
STP-001010,RT-178,Bommanahalli Pickup,12.9133,77.6398,Warehouse,Low,On Time,,2024-01-17,2024-01-17 08:30,2024-01-17 11:00,30,679,Pharmaceuticals,Sunita Rao,
STP-001011,RT-179,Kanpur Industrial,26.4499,80.3319,Meeting,Low,On Time,,2024-03-18,2024-03-18 07:00,2024-03-18 09:00,45,0,Pharmaceuticals,Manish Gupta,Call 30 min before arrival
STP-001012,RT-179,Ludhiana Warehouse,30.901,75.8573,Meeting,Low,On Time,,2024-01-30,2024-01-30 08:00,2024-01-30 12:30,45,0,FMCG,Vinod Yadav,
STP-001013,RT-179,Surat Textile Hub,21.1702,72.8311,Delivery,Medium,On Time,,2024-01-20,2024-01-20 09:30,2024-01-20 12:30,15,1691,Auto Parts,Ramesh Kumar,High security zone
STP-001014,RT-179,Vadodara Depot,22.3072,73.1812,Rest,Medium,Scheduled,,2024-03-28,2024-03-28 09:00,2024-03-28 12:30,20,0,Pharmaceuticals,Arjun Verma,Gate closes at 17:00
STP-001015,RT-179,Rajkot Warehouse,22.3039,70.8022,Meeting,Medium,Delayed,Traffic congestion,2024-02-10,2024-02-10 07:00,2024-02-10 09:30,45,0,Auto Parts,Arjun Verma,
STP-001016,RT-180,Coimbatore Industrial,11.0168,76.9558,Pickup,Low,Cancelled,,2024-02-16,2024-02-16 12:00,2024-02-16 16:00,10,1098,Documents,Deepak Mehta,Gate closes at 17:00
STP-001017,RT-180,Jaipur Logistics Park,26.9124,75.7873,Delivery,Medium,On Time,,2024-03-06,2024-03-06 11:30,2024-03-06 13:30,15,586,Electronics,Suresh Patil,
STP-001018,RT-180,Agra Distribution,27.1767,78.0081,Pickup,High,Scheduled,,2024-02-24,2024-02-24 12:30,2024-02-24 15:30,10,58,Textiles,Vinod Yadav,Requires forklift
STP-001019,RT-180,Lucknow Cargo Hub,26.8467,80.9462,Delivery,Medium,On Time,,2024-02-08,2024-02-08 14:00,2024-02-08 17:00,15,84,Textiles,Neha Desai,
STP-001020,RT-180,Ludhiana Warehouse,30.901,75.8573,Delivery,High,Scheduled,,2024-01-19,2024-01-19 08:30,2024-01-19 10:30,15,717,Auto Parts,Neha Desai,Temperature controlled
STP-001021,RT-180,Madurai Warehouse,9.9252,78.1198,Customs,Low,On Time,,2024-01-10,2024-01-10 14:30,2024-01-10 16:30,60,0,Textiles,Neha Desai,Gate closes at 17:00
STP-001022,RT-180,Visakhapatnam Port,17.6868,83.2185,Pickup,Low,On Time,,2024-03-22,2024-03-22 08:30,2024-03-22 11:30,10,386,Perishables,Vinod Yadav,Gate closes at 17:00
STP-001023,RT-181,Guwahati North Hub,26.1445,91.7362,Rest,Medium,On Time,,2024-01-07,2024-01-07 10:30,2024-01-07 14:30,20,0,Auto Parts,Vinod Yadav,Requires forklift
STP-001024,RT-181,Coimbatore Industrial,11.0168,76.9558,Delivery,Medium,On Time,,2024-03-27,2024-03-27 13:30,2024-03-27 15:30,15,434,Electronics,Ravi Krishnan,
STP-001025,RT-181,Kochi Port Terminal,9.9312,76.2673,Meeting,Medium,On Time,,2024-03-22,2024-03-22 14:30,2024-03-22 18:00,45,0,Electronics,Neha Desai,Parking available
STP-001026,RT-181,Bhubaneswar Depot,20.2961,85.8245,Delivery,Medium,On Time,,2024-02-23,2024-02-23 14:30,2024-02-23 18:30,15,1152,Electronics,Priya Nair,Parking available
STP-001027,RT-181,Madurai Warehouse,9.9252,78.1198,Delivery,Low,Delayed,Weather delay,2024-03-04,2024-03-04 09:00,2024-03-04 12:00,15,835,Electronics,Arjun Verma,Gate closes at 17:00
STP-001028,RT-182,Raipur Warehouse,21.2514,81.6296,Warehouse,Medium,On Time,,2024-02-10,2024-02-10 11:30,2024-02-10 14:30,30,1289,Textiles,Rajesh Singh,Parking available
STP-001029,RT-182,Aurangabad Hub,19.8762,75.3433,Meeting,Medium,On Time,,2024-03-12,2024-03-12 07:30,2024-03-12 10:00,45,0,Textiles,Rajesh Singh,
STP-001030,RT-182,Indore Logistics Hub,22.7196,75.8577,Meeting,Low,Delayed,Vehicle breakdown,2024-01-28,2024-01-28 08:00,2024-01-28 11:00,45,0,Documents,Rajesh Singh,
STP-001031,RT-182,Bhubaneswar Depot,20.2961,85.8245,Meeting,Medium,Scheduled,,2024-03-17,2024-03-17 10:30,2024-03-17 13:30,45,0,Perishables,Suresh Patil,Parking available
STP-001032,RT-182,Patna Cargo Center,25.5941,85.1376,Pickup,Medium,Scheduled,,2024-03-04,2024-03-04 10:30,2024-03-04 13:30,10,930,FMCG,Amit Tiwari,Requires forklift
STP-001033,RT-183,Indore Logistics Hub,22.7196,75.8577,Warehouse,Medium,On Time,,2024-03-15,2024-03-15 08:30,2024-03-15 11:30,30,1313,Electronics,Santosh Reddy,Temperature controlled
STP-001034,RT-183,Uran Customs Terminal,18.8921,72.9448,Delivery,Medium,On Time,,2024-03-14,2024-03-14 08:30,2024-03-14 12:00,15,521,FMCG,Santosh Reddy,
STP-001035,RT-183,Dadar Warehouse,19.0178,72.8478,Meeting,Low,Scheduled,,2024-03-17,2024-03-17 07:30,2024-03-17 11:00,45,0,FMCG,Kavita Joshi,Parking available
STP-001036,RT-183,Panvel Port Gate,18.9894,73.1175,Warehouse,Medium,On Time,,2024-01-26,2024-01-26 14:30,2024-01-26 18:00,30,1841,Electronics,Anil Sharma,
STP-001037,RT-183,Bhiwandi Mega Depot,19.2979,73.0586,Pickup,Medium,Scheduled,,2024-01-23,2024-01-23 14:30,2024-01-23 16:00,10,1725,Pharmaceuticals,Sunita Rao,Requires forklift
STP-001038,RT-184,Mulund Cold Storage,19.1726,72.9559,Warehouse,Low,On Time,,2024-03-18,2024-03-18 08:00,2024-03-18 12:30,30,1496,Electronics,Vinod Yadav,
STP-001039,RT-184,Lonavala Transit Stop,18.7515,73.4061,Warehouse,Low,Scheduled,,2024-02-21,2024-02-21 07:30,2024-02-21 10:30,30,222,FMCG,Sunita Rao,High security zone
STP-001040,RT-184,Pune Warehouse Central,18.5204,73.8567,Warehouse,Medium,Delayed,Vehicle breakdown,2024-01-22,2024-01-22 08:30,2024-01-22 12:30,30,1879,FMCG,Ravi Krishnan,
STP-001041,RT-184,Andheri Distribution Hub,19.1196,72.8464,Delivery,High,On Time,,2024-03-03,2024-03-03 08:00,2024-03-03 11:30,15,1421,Auto Parts,Priya Nair,
STP-001042,RT-184,Dadar Warehouse,19.0178,72.8478,Meeting,Medium,On Time,,2024-01-19,2024-01-19 07:30,2024-01-19 09:00,45,0,Pharmaceuticals,Santosh Reddy,Parking available
STP-001043,RT-184,Hadapsar Export Unit,18.5089,73.9259,Warehouse,Medium,Delayed,Customs hold,2024-03-22,2024-03-22 09:30,2024-03-22 13:30,30,613,FMCG,Neha Desai,Requires forklift
STP-001044,RT-184,Kurla Sorting Center,19.0728,72.8826,Delivery,Medium,Scheduled,,2024-03-22,2024-03-22 13:00,2024-03-22 16:00,15,1204,Pharmaceuticals,Rajesh Singh,Call 30 min before arrival
STP-001045,RT-184,Panvel Port Gate,18.9894,73.1175,Delivery,Low,Delayed,Document missing,2024-03-20,2024-03-20 13:00,2024-03-20 16:30,15,1756,Textiles,Priya Nair,Parking available
STP-001046,RT-184,Pimpri Depot,18.6298,73.7997,Pickup,Low,Scheduled,,2024-03-02,2024-03-02 09:00,2024-03-02 13:30,10,39,Perishables,Suresh Patil,Parking available
STP-001047,RT-184,Uran Customs Terminal,18.8921,72.9448,Delivery,Medium,On Time,,2024-03-18,2024-03-18 09:00,2024-03-18 12:00,15,950,Textiles,Amit Tiwari,Call 30 min before arrival
STP-001048,RT-184,Thane Depot,19.2183,72.9781,Warehouse,Low,On Time,,2024-01-26,2024-01-26 10:30,2024-01-26 14:00,30,212,Pharmaceuticals,Manish Gupta,Gate closes at 17:00
STP-001049,RT-184,Kalyan Junction,19.2403,73.1305,Delivery,Low,On Time,,2024-02-27,2024-02-27 08:00,2024-02-27 10:00,15,1524,FMCG,Neha Desai,Temperature controlled
STP-001050,RT-185,Yeshwanthpur Junction,13.0299,77.552,Pickup,High,On Time,,2024-03-15,2024-03-15 10:30,2024-03-15 12:30,10,1815,Documents,Ramesh Kumar,Parking available
STP-001051,RT-185,Noida Distribution Center,28.5355,77.391,Warehouse,High,On Time,,2024-02-26,2024-02-26 14:00,2024-02-26 16:30,30,1120,Textiles,Anil Sharma,
STP-001052,RT-185,Hadapsar Export Unit,18.5089,73.9259,Delivery,High,Cancelled,,2024-02-26,2024-02-26 13:00,2024-02-26 15:30,15,525,Documents,Deepak Mehta,High security zone
STP-001053,RT-185,Pune Warehouse Central,18.5204,73.8567,Pickup,High,Scheduled,,2024-02-06,2024-02-06 14:30,2024-02-06 18:30,10,519,Pharmaceuticals,Vinod Yadav,High security zone
STP-001054,RT-185,Lonavala Transit Stop,18.7515,73.4061,Meeting,High,On Time,,2024-01-01,2024-01-01 09:30,2024-01-01 12:30,45,0,FMCG,Suresh Patil,
STP-001055,RT-185,Ghaziabad Cold Chain,28.6692,77.4538,Meeting,High,Scheduled,,2024-03-22,2024-03-22 14:00,2024-03-22 17:00,45,0,Documents,Anil Sharma,Temperature controlled
STP-001056,RT-185,Delhi Cargo Terminal,28.5562,77.1,Delivery,Medium,Delayed,Vehicle breakdown,2024-03-28,2024-03-28 14:30,2024-03-28 16:00,15,673,FMCG,Anil Sharma,
STP-001057,RT-185,Faridabad Warehouse,28.4089,77.3178,Warehouse,Low,Scheduled,,2024-03-07,2024-03-07 09:30,2024-03-07 12:30,30,561,FMCG,Amit Tiwari,High security zone
STP-001058,RT-185,Hinjewadi Tech Zone,18.5912,73.7389,Pickup,Low,Delayed,Driver illness,2024-01-19,2024-01-19 11:30,2024-01-19 14:30,10,1536,Pharmaceuticals,Kavita Joshi,High security zone
STP-001059,RT-185,Connaught Place Hub,28.6315,77.2167,Pickup,Medium,On Time,,2024-02-21,2024-02-21 13:00,2024-02-21 15:30,10,1659,FMCG,Kavita Joshi,High security zone
STP-001060,RT-185,Gurgaon Logistics Park,28.4595,77.0266,Delivery,Low,On Time,,2024-02-02,2024-02-02 10:30,2024-02-02 14:30,15,885,Documents,Deepak Mehta,Parking available
STP-001061,RT-185,Pimpri Depot,18.6298,73.7997,Meeting,Low,On Time,,2024-03-05,2024-03-05 10:30,2024-03-05 14:30,45,0,FMCG,Rajesh Singh,Parking available
STP-001062,RT-186,Lucknow Cargo Hub,26.8467,80.9462,Delivery,Medium,On Time,,2024-03-01,2024-03-01 11:00,2024-03-01 13:00,15,1597,Perishables,Deepak Mehta,Requires forklift
STP-001063,RT-186,Madhavaram Depot,13.1499,80.2318,Customs,Medium,On Time,,2024-01-12,2024-01-12 10:30,2024-01-12 14:00,60,0,Textiles,Ravi Krishnan,High security zone
STP-001064,RT-186,Raipur Warehouse,21.2514,81.6296,Meeting,Low,Scheduled,,2024-01-09,2024-01-09 07:30,2024-01-09 09:30,45,0,Auto Parts,Neha Desai,Temperature controlled
STP-001065,RT-186,Nashik Depot,19.9975,73.7898,Delivery,Medium,On Time,,2024-02-12,2024-02-12 14:00,2024-02-12 17:30,15,1541,Electronics,Rajesh Singh,Gate closes at 17:00
STP-001066,RT-186,Dankuni Distribution,22.6748,88.2731,Meeting,Medium,On Time,,2024-03-08,2024-03-08 14:00,2024-03-08 16:30,45,0,Auto Parts,Ramesh Kumar,Parking available
STP-001067,RT-186,Aurangabad Hub,19.8762,75.3433,Warehouse,Medium,Cancelled,,2024-01-09,2024-01-09 12:00,2024-01-09 16:00,30,1608,Electronics,Manish Gupta,Requires forklift
STP-001068,RT-186,BKC Corporate HQ,19.0658,72.8692,Warehouse,Low,Scheduled,,2024-02-29,2024-02-29 08:00,2024-02-29 12:00,30,892,Documents,Vinod Yadav,
STP-001069,RT-186,Coimbatore Industrial,11.0168,76.9558,Pickup,Low,Delayed,Weather delay,2024-02-12,2024-02-12 09:00,2024-02-12 13:00,10,939,Textiles,Ravi Krishnan,
STP-001070,RT-186,Rajkot Warehouse,22.3039,70.8022,Customs,Medium,On Time,,2024-03-20,2024-03-20 11:30,2024-03-20 13:00,60,0,Pharmaceuticals,Deepak Mehta,Requires forklift
STP-001071,RT-186,Peenya Industrial Depot,13.0283,77.518,Delivery,Medium,Scheduled,,2024-02-28,2024-02-28 12:00,2024-02-28 16:30,15,1474,Documents,Santosh Reddy,Requires forklift
STP-001072,RT-186,Chandigarh Distribution,30.7333,76.7794,Delivery,High,Scheduled,,2024-01-13,2024-01-13 11:00,2024-01-13 13:00,15,1116,Pharmaceuticals,Suresh Patil,Parking available
STP-001073,RT-186,Ludhiana Warehouse,30.901,75.8573,Customs,Low,Cancelled,,2024-02-08,2024-02-08 10:00,2024-02-08 12:30,60,0,FMCG,Amit Tiwari,Temperature controlled
STP-001074,RT-186,HITEC City Warehouse,17.4435,78.3772,Warehouse,High,Scheduled,,2024-02-18,2024-02-18 14:00,2024-02-18 16:30,30,1759,Perishables,Anil Sharma,
STP-001075,RT-186,Lonavala Transit Stop,18.7515,73.4061,Delivery,Medium,Cancelled,,2024-02-18,2024-02-18 10:00,2024-02-18 12:00,15,1047,Textiles,Neha Desai,Gate closes at 17:00
STP-001076,RT-186,Gurgaon Logistics Park,28.4595,77.0266,Delivery,Medium,On Time,,2024-03-18,2024-03-18 14:30,2024-03-18 18:30,15,440,Electronics,Ravi Krishnan,Parking available
STP-001077,RT-186,Salt Lake Warehouse,22.5831,88.4177,Pickup,Medium,On Time,,2024-01-01,2024-01-01 14:30,2024-01-01 16:30,10,1766,Electronics,Priya Nair,Parking available
STP-001078,RT-186,Indore Logistics Hub,22.7196,75.8577,Customs,Low,Delayed,Driver illness,2024-02-08,2024-02-08 13:00,2024-02-08 17:00,60,0,Auto Parts,Amit Tiwari,
STP-001079,RT-186,Bhubaneswar Depot,20.2961,85.8245,Delivery,Low,Delayed,Vehicle breakdown,2024-01-19,2024-01-19 12:00,2024-01-19 14:00,15,1072,FMCG,Rajesh Singh,
STP-001080,RT-186,Thane Depot,19.2183,72.9781,Warehouse,High,Delayed,Driver illness,2024-03-25,2024-03-25 10:30,2024-03-25 14:30,30,332,Auto Parts,Rajesh Singh,Requires forklift
STP-001081,RT-186,Kurla Sorting Center,19.0728,72.8826,Customs,Low,On Time,,2024-01-15,2024-01-15 09:00,2024-01-15 12:00,60,0,Pharmaceuticals,Deepak Mehta,Parking available
STP-001082,RT-186,Visakhapatnam Port,17.6868,83.2185,Customs,Medium,Scheduled,,2024-01-04,2024-01-04 12:30,2024-01-04 14:00,60,0,Electronics,Neha Desai,Requires forklift
STP-001083,RT-186,Surat Textile Hub,21.1702,72.8311,Customs,High,On Time,,2024-03-08,2024-03-08 13:00,2024-03-08 17:00,60,0,Pharmaceuticals,Amit Tiwari,Temperature controlled
STP-001084,RT-186,Ghaziabad Cold Chain,28.6692,77.4538,Delivery,Low,On Time,,2024-02-29,2024-02-29 08:30,2024-02-29 11:30,15,1245,Documents,Arjun Verma,Call 30 min before arrival
STP-001085,RT-187,Bommanahalli Pickup,12.9133,77.6398,Delivery,Medium,On Time,,2024-03-04,2024-03-04 08:00,2024-03-04 11:00,15,275,Documents,Rajesh Singh,Temperature controlled
STP-001086,RT-187,Sriperumbudur Hub,12.9674,79.9482,Meeting,Low,On Time,,2024-03-19,2024-03-19 13:00,2024-03-19 16:00,45,0,FMCG,Neha Desai,High security zone
STP-001087,RT-187,Yeshwanthpur Junction,13.0299,77.552,Delivery,Low,Delayed,Document missing,2024-02-11,2024-02-11 11:30,2024-02-11 13:30,15,1518,Documents,Ramesh Kumar,
STP-001088,RT-187,Peenya Industrial Depot,13.0283,77.518,Meeting,Low,On Time,,2024-01-19,2024-01-19 09:00,2024-01-19 11:00,45,0,Pharmaceuticals,Ramesh Kumar,
STP-001089,RT-187,Electronic City Hub,12.8399,77.677,Pickup,Medium,On Time,,2024-01-28,2024-01-28 13:30,2024-01-28 16:30,10,251,Perishables,Vinod Yadav,Parking available
STP-001090,RT-188,Ghaziabad Cold Chain,28.6692,77.4538,Delivery,Medium,Scheduled,,2024-03-11,2024-03-11 08:30,2024-03-11 10:00,15,638,Auto Parts,Deepak Mehta,Gate closes at 17:00
STP-001091,RT-188,HITEC City Warehouse,17.4435,78.3772,Rest,Low,Scheduled,,2024-03-06,2024-03-06 09:00,2024-03-06 12:00,20,0,FMCG,Ravi Krishnan,Call 30 min before arrival
STP-001092,RT-188,Connaught Place Hub,28.6315,77.2167,Delivery,Low,On Time,,2024-03-08,2024-03-08 09:00,2024-03-08 13:30,15,1430,Textiles,Rajesh Singh,Parking available
STP-001093,RT-188,Uppal Distribution,17.4062,78.5604,Delivery,Medium,On Time,,2024-01-20,2024-01-20 10:30,2024-01-20 14:00,15,1974,Auto Parts,Vinod Yadav,
STP-001094,RT-188,Sriperumbudur Hub,12.9674,79.9482,Customs,Low,On Time,,2024-02-11,2024-02-11 14:00,2024-02-11 17:30,60,0,Pharmaceuticals,Neha Desai,High security zone
STP-001095,RT-188,Nagpur Cold Chain,21.1458,79.0882,Delivery,Low,On Time,,2024-02-22,2024-02-22 08:00,2024-02-22 10:00,15,338,Documents,Ravi Krishnan,Temperature controlled
STP-001096,RT-188,Ambattur Industrial,13.0978,80.1609,Pickup,High,Scheduled,,2024-03-16,2024-03-16 13:00,2024-03-16 16:00,10,154,FMCG,Vinod Yadav,Requires forklift
STP-001097,RT-188,Patancheru Depot,17.5334,78.2636,Customs,High,Scheduled,,2024-02-26,2024-02-26 09:00,2024-02-26 11:30,60,0,Electronics,Arjun Verma,Gate closes at 17:00
STP-001098,RT-188,Shamshabad Cargo,17.2403,78.4294,Pickup,Medium,Scheduled,,2024-03-25,2024-03-25 14:30,2024-03-25 16:30,10,1118,Perishables,Santosh Reddy,
STP-001099,RT-188,Chennai Port Logistics,13.0967,80.29,Delivery,Low,On Time,,2024-01-06,2024-01-06 12:30,2024-01-06 15:30,15,965,Auto Parts,Santosh Reddy,Requires forklift
STP-001100,RT-188,Madhavaram Depot,13.1499,80.2318,Customs,Medium,Cancelled,,2024-01-29,2024-01-29 14:00,2024-01-29 17:00,60,0,Textiles,Santosh Reddy,Parking available
STP-001101,RT-188,Pune Warehouse Central,18.5204,73.8567,Delivery,Low,Delayed,Driver illness,2024-02-25,2024-02-25 14:30,2024-02-25 18:00,15,1586,Pharmaceuticals,Sunita Rao,High security zone
STP-001102,RT-188,Ahmedabad GIDC,23.0225,72.5714,Customs,Medium,On Time,,2024-03-26,2024-03-26 12:30,2024-03-26 15:30,60,0,Electronics,Neha Desai,
STP-001103,RT-188,Nashik Depot,19.9975,73.7898,Delivery,Medium,Delayed,Driver illness,2024-02-04,2024-02-04 13:00,2024-02-04 17:30,15,1168,Auto Parts,Santosh Reddy,
STP-001104,RT-189,Uppal Distribution,17.4062,78.5604,Meeting,Medium,Scheduled,,2024-03-07,2024-03-07 14:00,2024-03-07 18:30,45,0,Perishables,Neha Desai,
STP-001105,RT-189,Lucknow Cargo Hub,26.8467,80.9462,Meeting,High,On Time,,2024-03-21,2024-03-21 09:30,2024-03-21 11:00,45,0,Auto Parts,Ravi Krishnan,Call 30 min before arrival
STP-001106,RT-189,BKC Corporate HQ,19.0658,72.8692,Warehouse,Low,Cancelled,,2024-03-28,2024-03-28 11:30,2024-03-28 14:30,30,519,Pharmaceuticals,Kavita Joshi,Call 30 min before arrival
STP-001107,RT-189,Patancheru Depot,17.5334,78.2636,Delivery,Medium,Scheduled,,2024-01-27,2024-01-27 11:30,2024-01-27 13:30,15,1609,Documents,Rajesh Singh,
STP-001108,RT-189,HITEC City Warehouse,17.4435,78.3772,Customs,Medium,Delayed,Weather delay,2024-02-09,2024-02-09 10:00,2024-02-09 13:00,60,0,Textiles,Kavita Joshi,Requires forklift
STP-001109,RT-189,Shamshabad Cargo,17.2403,78.4294,Warehouse,Medium,Scheduled,,2024-02-13,2024-02-13 14:30,2024-02-13 17:30,30,1974,FMCG,Priya Nair,Call 30 min before arrival
STP-001110,RT-189,Kolkata Dock Logistics,22.5726,88.3639,Delivery,Medium,Delayed,Traffic congestion,2024-03-09,2024-03-09 11:00,2024-03-09 15:30,15,416,Electronics,Suresh Patil,
STP-001111,RT-189,Dankuni Distribution,22.6748,88.2731,Customs,High,Scheduled,,2024-02-15,2024-02-15 12:30,2024-02-15 16:00,60,0,Electronics,Sunita Rao,High security zone
STP-001112,RT-189,Salt Lake Warehouse,22.5831,88.4177,Meeting,Low,On Time,,2024-02-26,2024-02-26 12:00,2024-02-26 14:00,45,0,Perishables,Vinod Yadav,Call 30 min before arrival
STP-001113,RT-189,Howrah Industrial Hub,22.618,88.3292,Pickup,Low,On Time,,2024-01-29,2024-01-29 10:30,2024-01-29 12:00,10,617,FMCG,Ramesh Kumar,
STP-001114,RT-190,Bhubaneswar Depot,20.2961,85.8245,Warehouse,Medium,On Time,,2024-01-31,2024-01-31 12:30,2024-01-31 15:30,30,1429,FMCG,Priya Nair,Temperature controlled
STP-001115,RT-190,Ambattur Industrial,13.0978,80.1609,Warehouse,Medium,Scheduled,,2024-03-01,2024-03-01 08:30,2024-03-01 12:00,30,1247,FMCG,Neha Desai,Parking available
STP-001116,RT-190,Bommanahalli Pickup,12.9133,77.6398,Warehouse,Medium,Delayed,Customer not available,2024-02-04,2024-02-04 10:00,2024-02-04 13:30,30,1220,Auto Parts,Suresh Patil,Requires forklift
STP-001117,RT-190,Kolkata Dock Logistics,22.5726,88.3639,Delivery,Medium,Delayed,Traffic congestion,2024-03-02,2024-03-02 07:00,2024-03-02 10:00,15,1965,Perishables,Vinod Yadav,High security zone
STP-001118,RT-190,Bhopal Central Depot,23.2599,77.4126,Customs,Low,Delayed,Weather delay,2024-01-18,2024-01-18 14:30,2024-01-18 17:00,60,0,Textiles,Neha Desai,High security zone
STP-001119,RT-190,Howrah Industrial Hub,22.618,88.3292,Delivery,Medium,Cancelled,,2024-03-10,2024-03-10 13:30,2024-03-10 15:00,15,118,Perishables,Ravi Krishnan,Parking available
STP-001120,RT-190,Hinjewadi Tech Zone,18.5912,73.7389,Meeting,Low,Delayed,Vehicle breakdown,2024-01-09,2024-01-09 08:30,2024-01-09 12:00,45,0,Textiles,Ravi Krishnan,Requires forklift
STP-001121,RT-190,Raipur Warehouse,21.2514,81.6296,Warehouse,High,On Time,,2024-01-16,2024-01-16 14:30,2024-01-16 18:00,30,836,Textiles,Neha Desai,
STP-001122,RT-190,Pune Warehouse Central,18.5204,73.8567,Warehouse,Medium,On Time,,2024-02-13,2024-02-13 14:00,2024-02-13 16:00,30,373,Perishables,Deepak Mehta,High security zone
STP-001123,RT-190,Uppal Distribution,17.4062,78.5604,Pickup,High,On Time,,2024-01-30,2024-01-30 13:30,2024-01-30 15:00,10,1549,Electronics,Manish Gupta,High security zone
STP-001124,RT-190,Dankuni Distribution,22.6748,88.2731,Delivery,Medium,On Time,,2024-02-17,2024-02-17 07:00,2024-02-17 11:00,15,1093,Electronics,Ramesh Kumar,Parking available
STP-001125,RT-190,Yeshwanthpur Junction,13.0299,77.552,Pickup,High,On Time,,2024-01-23,2024-01-23 12:00,2024-01-23 14:30,10,457,Pharmaceuticals,Suresh Patil,Requires forklift
STP-001126,RT-190,Surat Textile Hub,21.1702,72.8311,Meeting,Medium,On Time,,2024-01-23,2024-01-23 14:00,2024-01-23 18:30,45,0,Electronics,Amit Tiwari,Gate closes at 17:00
STP-001127,RT-190,Nagpur Cold Chain,21.1458,79.0882,Warehouse,Medium,Scheduled,,2024-02-14,2024-02-14 11:00,2024-02-14 13:00,30,1029,FMCG,Santosh Reddy,Requires forklift
STP-001128,RT-190,Peenya Industrial Depot,13.0283,77.518,Rest,Low,Scheduled,,2024-03-11,2024-03-11 14:30,2024-03-11 18:30,20,0,Perishables,Manish Gupta,Gate closes at 17:00
STP-001129,RT-190,Agra Distribution,27.1767,78.0081,Delivery,Medium,On Time,,2024-01-25,2024-01-25 10:30,2024-01-25 13:00,15,1887,Auto Parts,Ravi Krishnan,Gate closes at 17:00
STP-001130,RT-190,Connaught Place Hub,28.6315,77.2167,Warehouse,High,On Time,,2024-03-13,2024-03-13 12:30,2024-03-13 16:00,30,287,Auto Parts,Ravi Krishnan,Temperature controlled
STP-001131,RT-190,Ludhiana Warehouse,30.901,75.8573,Delivery,Medium,On Time,,2024-02-18,2024-02-18 13:00,2024-02-18 16:30,15,223,Pharmaceuticals,Manish Gupta,
STP-001132,RT-190,Electronic City Hub,12.8399,77.677,Meeting,Medium,On Time,,2024-03-30,2024-03-30 11:00,2024-03-30 15:00,45,0,Electronics,Vinod Yadav,Requires forklift
STP-001133,RT-191,Chandigarh Distribution,30.7333,76.7794,Warehouse,Medium,On Time,,2024-02-17,2024-02-17 09:00,2024-02-17 13:00,30,1955,FMCG,Amit Tiwari,Temperature controlled
STP-001134,RT-191,Ahmedabad GIDC,23.0225,72.5714,Warehouse,High,Scheduled,,2024-01-27,2024-01-27 10:00,2024-01-27 13:00,30,431,Perishables,Suresh Patil,High security zone
STP-001135,RT-191,Agra Distribution,27.1767,78.0081,Delivery,Medium,Scheduled,,2024-02-19,2024-02-19 12:00,2024-02-19 14:30,15,833,Electronics,Rajesh Singh,Requires forklift
STP-001136,RT-191,Kanpur Industrial,26.4499,80.3319,Meeting,Medium,Scheduled,,2024-03-28,2024-03-28 11:30,2024-03-28 14:00,45,0,Perishables,Neha Desai,High security zone
STP-001137,RT-191,Lucknow Cargo Hub,26.8467,80.9462,Pickup,High,On Time,,2024-02-05,2024-02-05 13:00,2024-02-05 16:30,10,31,Perishables,Neha Desai,
STP-001138,RT-191,Vadodara Depot,22.3072,73.1812,Delivery,Low,Delayed,Traffic congestion,2024-03-29,2024-03-29 09:00,2024-03-29 13:00,15,335,Documents,Kavita Joshi,Gate closes at 17:00
STP-001139,RT-191,Rajkot Warehouse,22.3039,70.8022,Delivery,Medium,On Time,,2024-03-29,2024-03-29 11:30,2024-03-29 15:30,15,593,Documents,Santosh Reddy,High security zone
STP-001140,RT-191,Surat Textile Hub,21.1702,72.8311,Delivery,High,On Time,,2024-03-12,2024-03-12 10:30,2024-03-12 12:00,15,83,Auto Parts,Kavita Joshi,Gate closes at 17:00
STP-001141,RT-191,Jaipur Logistics Park,26.9124,75.7873,Delivery,High,On Time,,2024-01-11,2024-01-11 13:00,2024-01-11 15:00,15,769,Auto Parts,Neha Desai,Requires forklift
STP-001142,RT-191,Ludhiana Warehouse,30.901,75.8573,Pickup,Low,Scheduled,,2024-02-10,2024-02-10 10:00,2024-02-10 12:00,10,709,Documents,Vinod Yadav,Requires forklift
STP-001143,RT-191,Madurai Warehouse,9.9252,78.1198,Pickup,Medium,On Time,,2024-02-18,2024-02-18 07:00,2024-02-18 10:30,10,471,FMCG,Arjun Verma,Temperature controlled
STP-001144,RT-192,Jaipur Logistics Park,26.9124,75.7873,Pickup,Medium,On Time,,2024-02-11,2024-02-11 09:30,2024-02-11 13:00,10,222,Perishables,Anil Sharma,Call 30 min before arrival
STP-001145,RT-192,Kochi Port Terminal,9.9312,76.2673,Pickup,Medium,Delayed,Traffic congestion,2024-01-16,2024-01-16 13:00,2024-01-16 17:00,10,50,Perishables,Sunita Rao,
STP-001146,RT-192,Chandigarh Distribution,30.7333,76.7794,Customs,Medium,Scheduled,,2024-03-19,2024-03-19 11:30,2024-03-19 15:30,60,0,FMCG,Arjun Verma,
STP-001147,RT-192,Lucknow Cargo Hub,26.8467,80.9462,Meeting,Medium,On Time,,2024-01-20,2024-01-20 14:30,2024-01-20 17:30,45,0,Pharmaceuticals,Arjun Verma,Requires forklift
STP-001148,RT-192,Visakhapatnam Port,17.6868,83.2185,Rest,Medium,Scheduled,,2024-02-17,2024-02-17 11:00,2024-02-17 13:30,20,0,FMCG,Ramesh Kumar,
STP-001149,RT-192,Madurai Warehouse,9.9252,78.1198,Pickup,Low,Scheduled,,2024-01-17,2024-01-17 10:30,2024-01-17 13:00,10,872,Auto Parts,Kavita Joshi,
STP-001150,RT-192,Agra Distribution,27.1767,78.0081,Pickup,Medium,Delayed,Vehicle breakdown,2024-02-11,2024-02-11 12:30,2024-02-11 15:00,10,513,FMCG,Neha Desai,Temperature controlled
STP-001151,RT-192,Ranchi Distribution,23.3441,85.3096,Meeting,Low,Delayed,Vehicle breakdown,2024-03-11,2024-03-11 12:30,2024-03-11 15:30,45,0,Auto Parts,Rajesh Singh,
STP-001152,RT-192,Rajkot Warehouse,22.3039,70.8022,Delivery,Medium,On Time,,2024-02-22,2024-02-22 11:00,2024-02-22 15:00,15,1139,FMCG,Arjun Verma,
STP-001153,RT-192,Kanpur Industrial,26.4499,80.3319,Customs,Medium,Delayed,Vehicle breakdown,2024-03-29,2024-03-29 14:00,2024-03-29 16:30,60,0,Pharmaceuticals,Neha Desai,Requires forklift
STP-001154,RT-192,Ludhiana Warehouse,30.901,75.8573,Meeting,Medium,On Time,,2024-02-22,2024-02-22 10:30,2024-02-22 12:30,45,0,Perishables,Rajesh Singh,
STP-001155,RT-192,Ambattur Industrial,13.0978,80.1609,Delivery,Low,On Time,,2024-01-13,2024-01-13 07:00,2024-01-13 11:00,15,1894,Documents,Sunita Rao,Call 30 min before arrival
STP-001156,RT-192,Ghaziabad Cold Chain,28.6692,77.4538,Delivery,High,Scheduled,,2024-01-20,2024-01-20 12:00,2024-01-20 14:30,15,753,Textiles,Amit Tiwari,Parking available
STP-001157,RT-192,Coimbatore Industrial,11.0168,76.9558,Meeting,Low,On Time,,2024-01-23,2024-01-23 14:30,2024-01-23 17:30,45,0,Textiles,Rajesh Singh,Requires forklift
STP-001158,RT-193,Kalyan Junction,19.2403,73.1305,Customs,Low,On Time,,2024-01-18,2024-01-18 08:30,2024-01-18 10:30,60,0,FMCG,Ravi Krishnan,Call 30 min before arrival
STP-001159,RT-193,Bommanahalli Pickup,12.9133,77.6398,Meeting,Low,Scheduled,,2024-03-15,2024-03-15 12:00,2024-03-15 15:30,45,0,Auto Parts,Arjun Verma,Parking available
STP-001160,RT-193,Mulund Cold Storage,19.1726,72.9559,Customs,Low,Delayed,Vehicle breakdown,2024-01-23,2024-01-23 12:00,2024-01-23 14:30,60,0,Electronics,Amit Tiwari,Temperature controlled
STP-001161,RT-193,Shamshabad Cargo,17.2403,78.4294,Rest,Medium,Delayed,Document missing,2024-03-18,2024-03-18 08:30,2024-03-18 11:00,20,0,Auto Parts,Rajesh Singh,Parking available
STP-001162,RT-193,Indore Logistics Hub,22.7196,75.8577,Customs,High,Scheduled,,2024-01-04,2024-01-04 11:30,2024-01-04 15:30,60,0,Electronics,Arjun Verma,Temperature controlled
STP-001163,RT-193,Ahmedabad GIDC,23.0225,72.5714,Warehouse,Medium,Delayed,Weather delay,2024-01-06,2024-01-06 13:30,2024-01-06 16:30,30,1139,Electronics,Rajesh Singh,Call 30 min before arrival
STP-001164,RT-193,Aurangabad Hub,19.8762,75.3433,Warehouse,High,On Time,,2024-03-01,2024-03-01 13:30,2024-03-01 15:30,30,1386,Pharmaceuticals,Neha Desai,
STP-001165,RT-193,Nashik Depot,19.9975,73.7898,Delivery,Low,Delayed,Document missing,2024-02-13,2024-02-13 13:00,2024-02-13 16:30,15,405,Auto Parts,Vinod Yadav,High security zone
STP-001166,RT-193,Kolkata Dock Logistics,22.5726,88.3639,Delivery,Medium,Scheduled,,2024-02-10,2024-02-10 08:00,2024-02-10 12:00,15,1661,Documents,Suresh Patil,Temperature controlled
STP-001167,RT-193,Patna Cargo Center,25.5941,85.1376,Delivery,Medium,On Time,,2024-01-31,2024-01-31 09:00,2024-01-31 13:00,15,37,Perishables,Ravi Krishnan,Parking available
STP-001168,RT-193,Surat Textile Hub,21.1702,72.8311,Customs,Medium,Scheduled,,2024-03-21,2024-03-21 09:30,2024-03-21 13:30,60,0,Electronics,Santosh Reddy,Gate closes at 17:00
STP-001169,RT-193,Madhavaram Depot,13.1499,80.2318,Delivery,High,On Time,,2024-01-12,2024-01-12 08:00,2024-01-12 10:00,15,1414,FMCG,Anil Sharma,Call 30 min before arrival
STP-001170,RT-193,Chandigarh Distribution,30.7333,76.7794,Warehouse,Medium,On Time,,2024-01-26,2024-01-26 10:30,2024-01-26 13:00,30,1508,Perishables,Santosh Reddy,Call 30 min before arrival
STP-001171,RT-193,Gurgaon Logistics Park,28.4595,77.0266,Pickup,Medium,Scheduled,,2024-01-26,2024-01-26 08:30,2024-01-26 10:00,10,1188,FMCG,Neha Desai,Gate closes at 17:00
STP-001172,RT-193,Kochi Port Terminal,9.9312,76.2673,Warehouse,High,Delayed,Document missing,2024-01-30,2024-01-30 09:00,2024-01-30 12:30,30,617,Textiles,Deepak Mehta,High security zone
STP-001173,RT-193,Lonavala Transit Stop,18.7515,73.4061,Delivery,Medium,On Time,,2024-01-31,2024-01-31 12:00,2024-01-31 16:30,15,340,Electronics,Ramesh Kumar,Gate closes at 17:00
STP-001174,RT-193,Raipur Warehouse,21.2514,81.6296,Pickup,Low,On Time,,2024-02-25,2024-02-25 07:00,2024-02-25 11:30,10,1534,Perishables,Suresh Patil,Parking available
STP-001175,RT-193,Rajkot Warehouse,22.3039,70.8022,Meeting,Low,Delayed,Weather delay,2024-03-28,2024-03-28 12:00,2024-03-28 16:30,45,0,Auto Parts,Priya Nair,
STP-001176,RT-194,Electronic City Hub,12.8399,77.677,Pickup,Low,On Time,,2024-02-29,2024-02-29 12:30,2024-02-29 15:30,10,1521,Documents,Deepak Mehta,
STP-001177,RT-194,HITEC City Warehouse,17.4435,78.3772,Customs,Low,On Time,,2024-03-21,2024-03-21 12:00,2024-03-21 15:30,60,0,Auto Parts,Ravi Krishnan,Requires forklift
STP-001178,RT-194,Faridabad Warehouse,28.4089,77.3178,Delivery,Low,On Time,,2024-01-03,2024-01-03 10:30,2024-01-03 12:30,15,700,FMCG,Ramesh Kumar,
STP-001179,RT-194,Kanpur Industrial,26.4499,80.3319,Pickup,Medium,On Time,,2024-01-25,2024-01-25 11:30,2024-01-25 13:30,10,1950,Documents,Rajesh Singh,
STP-001180,RT-194,Aurangabad Hub,19.8762,75.3433,Rest,High,On Time,,2024-02-11,2024-02-11 08:30,2024-02-11 10:30,20,0,Textiles,Kavita Joshi,Temperature controlled
STP-001181,RT-194,Delhi Cargo Terminal,28.5562,77.1,Pickup,High,Delayed,Customer not available,2024-01-21,2024-01-21 11:30,2024-01-21 15:30,10,1262,Electronics,Santosh Reddy,Requires forklift
STP-001182,RT-194,Shamshabad Cargo,17.2403,78.4294,Pickup,Medium,On Time,,2024-01-17,2024-01-17 12:30,2024-01-17 16:30,10,925,Pharmaceuticals,Deepak Mehta,Temperature controlled
STP-001183,RT-194,Agra Distribution,27.1767,78.0081,Delivery,Medium,Delayed,Document missing,2024-03-22,2024-03-22 10:30,2024-03-22 13:30,15,1635,Pharmaceuticals,Neha Desai,Temperature controlled
STP-001184,RT-194,Hinjewadi Tech Zone,18.5912,73.7389,Customs,Low,On Time,,2024-03-16,2024-03-16 10:00,2024-03-16 14:00,60,0,Auto Parts,Amit Tiwari,Call 30 min before arrival
STP-001185,RT-194,Pimpri Depot,18.6298,73.7997,Delivery,Low,On Time,,2024-03-20,2024-03-20 13:30,2024-03-20 15:00,15,957,Textiles,Amit Tiwari,High security zone
STP-001186,RT-194,Dankuni Distribution,22.6748,88.2731,Delivery,Medium,On Time,,2024-01-19,2024-01-19 10:30,2024-01-19 13:00,15,467,Perishables,Ramesh Kumar,Parking available
STP-001187,RT-194,Kalyan Junction,19.2403,73.1305,Pickup,Medium,Delayed,Document missing,2024-02-10,2024-02-10 09:30,2024-02-10 12:30,10,419,Documents,Ravi Krishnan,Temperature controlled
STP-001188,RT-194,BKC Corporate HQ,19.0658,72.8692,Rest,Medium,On Time,,2024-01-08,2024-01-08 08:00,2024-01-08 11:30,20,0,Auto Parts,Deepak Mehta,Call 30 min before arrival
STP-001189,RT-194,Chandigarh Distribution,30.7333,76.7794,Delivery,Medium,On Time,,2024-01-04,2024-01-04 11:30,2024-01-04 13:00,15,1598,FMCG,Kavita Joshi,
STP-001190,RT-194,Whitefield Warehouse,12.9698,77.75,Meeting,Medium,On Time,,2024-02-05,2024-02-05 12:30,2024-02-05 14:30,45,0,Textiles,Kavita Joshi,High security zone
STP-001191,RT-195,Kalyan Junction,19.2403,73.1305,Pickup,High,On Time,,2024-02-11,2024-02-11 13:30,2024-02-11 17:00,10,1722,Documents,Ramesh Kumar,High security zone
STP-001192,RT-195,Dankuni Distribution,22.6748,88.2731,Delivery,Low,On Time,,2024-01-08,2024-01-08 07:00,2024-01-08 11:30,15,149,FMCG,Rajesh Singh,Gate closes at 17:00
STP-001193,RT-195,Panvel Port Gate,18.9894,73.1175,Pickup,Low,On Time,,2024-02-16,2024-02-16 10:30,2024-02-16 12:30,10,713,Documents,Suresh Patil,
STP-001194,RT-195,Delhi Cargo Terminal,28.5562,77.1,Pickup,High,Scheduled,,2024-02-20,2024-02-20 13:00,2024-02-20 17:00,10,928,FMCG,Suresh Patil,High security zone
STP-001195,RT-195,Andheri Distribution Hub,19.1196,72.8464,Delivery,High,On Time,,2024-03-23,2024-03-23 07:00,2024-03-23 09:30,15,458,Documents,Anil Sharma,Requires forklift
STP-001196,RT-195,Mulund Cold Storage,19.1726,72.9559,Rest,High,On Time,,2024-02-19,2024-02-19 12:30,2024-02-19 15:00,20,0,Pharmaceuticals,Kavita Joshi,Call 30 min before arrival
STP-001197,RT-195,Thane Depot,19.2183,72.9781,Meeting,Medium,On Time,,2024-01-26,2024-01-26 08:00,2024-01-26 10:00,45,0,Auto Parts,Ramesh Kumar,Parking available
STP-001198,RT-195,Guwahati North Hub,26.1445,91.7362,Warehouse,Medium,On Time,,2024-01-22,2024-01-22 12:30,2024-01-22 16:00,30,25,Perishables,Neha Desai,High security zone
STP-001199,RT-195,Bhopal Central Depot,23.2599,77.4126,Delivery,Medium,On Time,,2024-01-26,2024-01-26 13:30,2024-01-26 15:30,15,1848,Pharmaceuticals,Deepak Mehta,Gate closes at 17:00
STP-001200,RT-195,Kolkata Dock Logistics,22.5726,88.3639,Meeting,Medium,On Time,,2024-03-24,2024-03-24 14:30,2024-03-24 18:00,45,0,Electronics,Deepak Mehta,Gate closes at 17:00
STP-001201,RT-195,Madhavaram Depot,13.1499,80.2318,Warehouse,Low,On Time,,2024-02-08,2024-02-08 10:00,2024-02-08 14:30,30,121,Perishables,Arjun Verma,Temperature controlled
STP-001202,RT-195,Electronic City Hub,12.8399,77.677,Meeting,Low,On Time,,2024-03-06,2024-03-06 11:00,2024-03-06 13:30,45,0,Documents,Rajesh Singh,Parking available
STP-001203,RT-195,Uran Customs Terminal,18.8921,72.9448,Delivery,Low,Delayed,Vehicle breakdown,2024-02-11,2024-02-11 13:30,2024-02-11 17:30,15,1895,Auto Parts,Kavita Joshi,High security zone
STP-001204,RT-195,Patna Cargo Center,25.5941,85.1376,Warehouse,Medium,Scheduled,,2024-03-19,2024-03-19 10:00,2024-03-19 12:00,30,1278,Electronics,Sunita Rao,Call 30 min before arrival
STP-001205,RT-195,Lucknow Cargo Hub,26.8467,80.9462,Customs,Low,On Time,,2024-02-18,2024-02-18 11:00,2024-02-18 14:00,60,0,FMCG,Arjun Verma,Temperature controlled
STP-001206,RT-196,Nashik Depot,19.9975,73.7898,Delivery,Medium,On Time,,2024-01-23,2024-01-23 07:00,2024-01-23 10:00,15,490,Auto Parts,Sunita Rao,High security zone
STP-001207,RT-196,Chennai Port Logistics,13.0967,80.29,Delivery,Low,On Time,,2024-03-29,2024-03-29 14:00,2024-03-29 16:00,15,1398,Auto Parts,Ramesh Kumar,Call 30 min before arrival
STP-001208,RT-196,Agra Distribution,27.1767,78.0081,Pickup,Low,Cancelled,,2024-01-02,2024-01-02 13:00,2024-01-02 15:00,10,1804,Pharmaceuticals,Neha Desai,High security zone
STP-001209,RT-196,Ranchi Distribution,23.3441,85.3096,Warehouse,Medium,On Time,,2024-03-26,2024-03-26 11:30,2024-03-26 13:00,30,927,Documents,Ramesh Kumar,Call 30 min before arrival
STP-001210,RT-196,Electronic City Hub,12.8399,77.677,Customs,Low,Delayed,Customs hold,2024-03-30,2024-03-30 13:30,2024-03-30 17:00,60,0,Electronics,Vinod Yadav,Parking available
STP-001211,RT-196,Navi Mumbai Logistics,19.033,73.0297,Delivery,Medium,Delayed,Document missing,2024-01-21,2024-01-21 14:30,2024-01-21 18:30,15,308,Pharmaceuticals,Neha Desai,Parking available
STP-001212,RT-196,Gurgaon Logistics Park,28.4595,77.0266,Pickup,Medium,Scheduled,,2024-02-14,2024-02-14 12:30,2024-02-14 15:00,10,1549,Auto Parts,Arjun Verma,
STP-001213,RT-196,Bommanahalli Pickup,12.9133,77.6398,Pickup,Medium,On Time,,2024-02-12,2024-02-12 11:30,2024-02-12 13:30,10,1114,Documents,Arjun Verma,Requires forklift
STP-001214,RT-196,Vadodara Depot,22.3072,73.1812,Customs,Medium,Cancelled,,2024-02-13,2024-02-13 09:00,2024-02-13 13:00,60,0,Documents,Anil Sharma,
STP-001215,RT-196,Andheri Distribution Hub,19.1196,72.8464,Delivery,Medium,Delayed,Weather delay,2024-03-10,2024-03-10 08:00,2024-03-10 12:00,15,1923,Textiles,Arjun Verma,Requires forklift
STP-001216,RT-196,Faridabad Warehouse,28.4089,77.3178,Warehouse,Medium,On Time,,2024-01-15,2024-01-15 12:30,2024-01-15 15:30,30,818,Textiles,Arjun Verma,
STP-001217,RT-196,Coimbatore Industrial,11.0168,76.9558,Delivery,Medium,On Time,,2024-01-14,2024-01-14 13:00,2024-01-14 17:30,15,1431,Documents,Anil Sharma,Call 30 min before arrival
STP-001218,RT-196,BKC Corporate HQ,19.0658,72.8692,Customs,Low,On Time,,2024-01-19,2024-01-19 08:00,2024-01-19 11:30,60,0,Auto Parts,Vinod Yadav,Temperature controlled
STP-001219,RT-196,Mulund Cold Storage,19.1726,72.9559,Pickup,High,On Time,,2024-01-03,2024-01-03 10:00,2024-01-03 12:30,10,390,Documents,Ravi Krishnan,Gate closes at 17:00
STP-001220,RT-196,Visakhapatnam Port,17.6868,83.2185,Delivery,Medium,Delayed,Weather delay,2024-02-15,2024-02-15 08:30,2024-02-15 11:00,15,712,Auto Parts,Priya Nair,Temperature controlled
STP-001221,RT-196,Uran Customs Terminal,18.8921,72.9448,Delivery,Medium,Cancelled,,2024-03-19,2024-03-19 14:00,2024-03-19 18:30,15,1033,Pharmaceuticals,Priya Nair,Call 30 min before arrival
STP-001222,RT-196,Connaught Place Hub,28.6315,77.2167,Delivery,Medium,Scheduled,,2024-01-13,2024-01-13 13:30,2024-01-13 17:30,15,1412,Auto Parts,Ramesh Kumar,
STP-001223,RT-196,Sriperumbudur Hub,12.9674,79.9482,Delivery,Medium,On Time,,2024-02-02,2024-02-02 08:00,2024-02-02 11:00,15,1711,Perishables,Arjun Verma,Gate closes at 17:00
STP-001224,RT-196,Hadapsar Export Unit,18.5089,73.9259,Pickup,Low,On Time,,2024-03-01,2024-03-01 10:00,2024-03-01 14:30,10,1601,Perishables,Sunita Rao,
STP-001225,RT-197,Pimpri Depot,18.6298,73.7997,Delivery,High,On Time,,2024-03-13,2024-03-13 11:30,2024-03-13 15:00,15,250,Perishables,Manish Gupta,
STP-001226,RT-197,Delhi Cargo Terminal,28.5562,77.1,Delivery,Medium,On Time,,2024-02-07,2024-02-07 09:30,2024-02-07 11:30,15,327,Documents,Suresh Patil,Temperature controlled
STP-001227,RT-197,Gurgaon Logistics Park,28.4595,77.0266,Pickup,Medium,On Time,,2024-03-24,2024-03-24 13:00,2024-03-24 17:30,10,384,FMCG,Priya Nair,
STP-001228,RT-197,Hinjewadi Tech Zone,18.5912,73.7389,Delivery,Medium,Delayed,Document missing,2024-01-22,2024-01-22 08:00,2024-01-22 10:00,15,1162,Electronics,Kavita Joshi,
STP-001229,RT-197,Pune Warehouse Central,18.5204,73.8567,Pickup,Medium,On Time,,2024-03-08,2024-03-08 07:30,2024-03-08 11:00,10,78,Pharmaceuticals,Deepak Mehta,
STP-001230,RT-197,Connaught Place Hub,28.6315,77.2167,Delivery,High,On Time,,2024-02-21,2024-02-21 12:00,2024-02-21 15:00,15,341,Electronics,Santosh Reddy,Requires forklift
STP-001231,RT-197,Noida Distribution Center,28.5355,77.391,Meeting,Medium,Cancelled,,2024-02-03,2024-02-03 12:30,2024-02-03 16:00,45,0,Perishables,Rajesh Singh,
STP-001232,RT-197,Faridabad Warehouse,28.4089,77.3178,Delivery,High,On Time,,2024-02-08,2024-02-08 10:00,2024-02-08 12:30,15,132,Textiles,Ravi Krishnan,Call 30 min before arrival
STP-001233,RT-197,Hadapsar Export Unit,18.5089,73.9259,Delivery,Medium,Scheduled,,2024-01-18,2024-01-18 07:30,2024-01-18 10:00,15,1650,FMCG,Anil Sharma,
STP-001234,RT-197,Lonavala Transit Stop,18.7515,73.4061,Pickup,Medium,Delayed,Driver illness,2024-03-11,2024-03-11 09:00,2024-03-11 12:00,10,1054,FMCG,Sunita Rao,Gate closes at 17:00
STP-001235,RT-198,Electronic City Hub,12.8399,77.677,Warehouse,Low,Scheduled,,2024-02-03,2024-02-03 12:30,2024-02-03 14:00,30,97,Documents,Priya Nair,
STP-001236,RT-198,Peenya Industrial Depot,13.0283,77.518,Delivery,Medium,On Time,,2024-02-27,2024-02-27 12:00,2024-02-27 15:00,15,1954,Documents,Manish Gupta,
STP-001237,RT-198,Gurgaon Logistics Park,28.4595,77.0266,Meeting,Low,Scheduled,,2024-03-17,2024-03-17 09:30,2024-03-17 11:30,45,0,Auto Parts,Santosh Reddy,Call 30 min before arrival
STP-001238,RT-198,Noida Distribution Center,28.5355,77.391,Pickup,Medium,On Time,,2024-01-06,2024-01-06 09:30,2024-01-06 13:30,10,961,Perishables,Ravi Krishnan,Parking available
STP-001239,RT-198,Yeshwanthpur Junction,13.0299,77.552,Delivery,Medium,Scheduled,,2024-03-01,2024-03-01 12:30,2024-03-01 15:30,15,1729,Perishables,Santosh Reddy,Requires forklift
STP-001240,RT-198,Ghaziabad Cold Chain,28.6692,77.4538,Pickup,High,Delayed,Weather delay,2024-03-09,2024-03-09 14:00,2024-03-09 17:30,10,1801,Pharmaceuticals,Santosh Reddy,Temperature controlled
STP-001241,RT-199,Yeshwanthpur Junction,13.0299,77.552,Warehouse,Low,Delayed,Document missing,2024-02-07,2024-02-07 09:00,2024-02-07 13:30,30,667,FMCG,Ravi Krishnan,
STP-001242,RT-199,Chennai Port Logistics,13.0967,80.29,Meeting,High,On Time,,2024-02-01,2024-02-01 11:00,2024-02-01 15:30,45,0,Perishables,Ravi Krishnan,
STP-001243,RT-199,Bommanahalli Pickup,12.9133,77.6398,Pickup,Medium,On Time,,2024-02-28,2024-02-28 11:30,2024-02-28 15:00,10,157,Pharmaceuticals,Suresh Patil,
STP-001244,RT-199,Ludhiana Warehouse,30.901,75.8573,Warehouse,Low,On Time,,2024-01-25,2024-01-25 07:30,2024-01-25 09:30,30,1137,Textiles,Sunita Rao,High security zone
STP-001245,RT-199,Lonavala Transit Stop,18.7515,73.4061,Pickup,Medium,On Time,,2024-02-24,2024-02-24 11:30,2024-02-24 13:00,10,802,Pharmaceuticals,Suresh Patil,Requires forklift
STP-001246,RT-199,Delhi Cargo Terminal,28.5562,77.1,Delivery,Medium,On Time,,2024-01-09,2024-01-09 07:30,2024-01-09 09:00,15,559,FMCG,Ravi Krishnan,Gate closes at 17:00
STP-001247,RT-199,Sriperumbudur Hub,12.9674,79.9482,Customs,Medium,On Time,,2024-03-25,2024-03-25 10:00,2024-03-25 12:00,60,0,Textiles,Neha Desai,High security zone
STP-001248,RT-199,Madhavaram Depot,13.1499,80.2318,Delivery,Medium,Scheduled,,2024-03-18,2024-03-18 10:30,2024-03-18 14:30,15,320,Electronics,Manish Gupta,Parking available
STP-001249,RT-199,Peenya Industrial Depot,13.0283,77.518,Warehouse,High,On Time,,2024-03-10,2024-03-10 13:00,2024-03-10 15:00,30,1526,Textiles,Vinod Yadav,
STP-001250,RT-199,Electronic City Hub,12.8399,77.677,Delivery,Medium,Scheduled,,2024-01-31,2024-01-31 13:30,2024-01-31 15:00,15,1889,FMCG,Vinod Yadav,Gate closes at 17:00
STP-001251,RT-199,Ambattur Industrial,13.0978,80.1609,Delivery,Medium,On Time,,2024-03-17,2024-03-17 13:30,2024-03-17 17:30,15,215,Documents,Suresh Patil,
STP-001252,RT-199,Whitefield Warehouse,12.9698,77.75,Warehouse,Medium,On Time,,2024-02-18,2024-02-18 13:00,2024-02-18 17:30,30,1388,Auto Parts,Deepak Mehta,Parking available
