stop_id,route_id,location_name,lat,lon,stop_type,priority,status,delay_reason,scheduled_date,time_window_start,time_window_end,service_duration_min,cargo_weight_kg,cargo_type,contact_person,notes
STP-2024001,RT-100,Kalyan Junction,19.19328,73.102364,Delivery,Low,Delayed,Traffic congestion,2024-03-09,2024-03-09 10:00,2024-03-09 12:00,15,1044,Textiles,Ramesh Kumar,Temperature controlled
STP-2024002,RT-100,Badlapur Storage,19.119766,73.249661,Meeting,Medium,Scheduled,,2024-04-07,2024-04-07 10:30,2024-04-07 13:00,45,0,Pharmaceuticals,Rajesh Singh,Temperature controlled
STP-2024003,RT-100,Uran Customs Terminal,18.915073,72.948423,Delivery,High,Scheduled,,2024-04-24,2024-04-24 08:30,2024-04-24 11:30,15,1898,Auto Parts,Suresh Patil,High security zone
STP-2024004,RT-100,Talegaon Distribution,18.711939,73.633579,Meeting,Low,Delayed,Driver illness,2024-03-13,2024-03-13 12:00,2024-03-13 16:00,45,0,FMCG,Suresh Patil,
STP-2024005,RT-100,Powai Tech Park,19.132404,72.916913,Pickup,Low,Delayed,Customs hold,2024-03-23,2024-03-23 09:00,2024-03-23 12:30,10,360,Textiles,Anil Sharma,Requires forklift
STP-2024006,RT-101,Bhiwandi Mega Depot,19.328405,73.048716,Pickup,Low,Scheduled,,2024-03-21,2024-03-21 10:00,2024-03-21 14:00,10,145,FMCG,Santosh Reddy,Parking available
STP-2024007,RT-101,Kurla Sorting Center,19.049074,72.891059,Meeting,Medium,Delayed,Document missing,2024-03-17,2024-03-17 14:00,2024-03-17 16:00,45,0,Textiles,Deepak Mehta,Parking available
STP-2024008,RT-101,Mulund Cold Storage,19.138598,72.973948,Rest,High,On Time,,2024-04-18,2024-04-18 14:00,2024-04-18 16:00,20,0,Textiles,Suresh Patil,
STP-2024009,RT-101,Vashi Distribution,19.102188,73.03436,Meeting,Medium,Delayed,Document missing,2024-04-25,2024-04-25 11:00,2024-04-25 15:00,45,0,Pharmaceuticals,Suresh Patil,High security zone
STP-2024010,RT-101,Airoli Customs,19.140544,73.012995,Delivery,High,Scheduled,,2024-04-18,2024-04-18 11:00,2024-04-18 15:00,15,1257,FMCG,Rajesh Singh,Parking available
STP-2024011,RT-102,Uran Customs Terminal,18.878398,72.993332,Delivery,Low,On Time,,2024-03-21,2024-03-21 07:30,2024-03-21 11:00,15,1662,Pharmaceuticals,Anil Sharma,Call 30 min before arrival
STP-2024012,RT-102,Mulund Cold Storage,19.170128,72.96088,Customs,Low,On Time,,2024-04-01,2024-04-01 08:00,2024-04-01 12:00,60,0,Pharmaceuticals,Manish Gupta,
STP-2024013,RT-102,Kurla Sorting Center,19.074558,72.8447,Customs,Low,On Time,,2024-03-20,2024-03-20 10:30,2024-03-20 14:30,60,0,FMCG,Suresh Patil,Parking available
STP-2024014,RT-102,Dadar Warehouse,18.970941,72.830843,Meeting,Medium,On Time,,2024-03-05,2024-03-05 10:00,2024-03-05 12:00,45,0,Textiles,Anil Sharma,High security zone
STP-2024015,RT-102,Dombivli Pickup Point,19.174893,73.081405,Pickup,Medium,On Time,,2024-04-20,2024-04-20 14:30,2024-04-20 16:30,10,877,Auto Parts,Kavita Joshi,Call 30 min before arrival
STP-2024016,RT-103,Dombivli Pickup Point,19.184221,73.083161,Meeting,Medium,On Time,,2024-04-16,2024-04-16 07:30,2024-04-16 10:00,45,0,Auto Parts,Rajesh Singh,High security zone
STP-2024017,RT-103,Bhiwandi Mega Depot,19.340537,73.09347,Delivery,Low,Cancelled,,2024-03-07,2024-03-07 14:00,2024-03-07 18:00,15,350,Auto Parts,Kavita Joshi,
STP-2024018,RT-103,Kurla Sorting Center,19.101313,72.861125,Customs,Low,Scheduled,,2024-03-01,2024-03-01 09:30,2024-03-01 12:30,60,0,Perishables,Manish Gupta,
STP-2024019,RT-103,Navi Mumbai Logistics,19.041418,73.029985,Delivery,Medium,On Time,,2024-04-17,2024-04-17 07:00,2024-04-17 11:30,15,1756,Textiles,Rajesh Singh,Call 30 min before arrival
STP-2024020,RT-103,Hinjewadi Tech Zone,18.630229,73.713522,Delivery,High,On Time,,2024-04-25,2024-04-25 08:00,2024-04-25 12:30,15,1227,Electronics,Santosh Reddy,Gate closes at 17:00
STP-2024021,RT-104,Airoli Customs,19.123788,73.01365,Meeting,Medium,On Time,,2024-03-14,2024-03-14 12:30,2024-03-14 15:00,45,0,Auto Parts,Priya Nair,Gate closes at 17:00
STP-2024022,RT-104,Dadar Warehouse,19.002701,72.804679,Pickup,Low,On Time,,2024-04-04,2024-04-04 08:00,2024-04-04 10:30,10,510,Pharmaceuticals,Vinod Yadav,Requires forklift
STP-2024023,RT-104,Bhiwandi Mega Depot,19.261329,73.020143,Warehouse,Low,Scheduled,,2024-04-22,2024-04-22 07:30,2024-04-22 11:00,30,229,Perishables,Manish Gupta,Requires forklift
STP-2024024,RT-104,Powai Tech Park,19.158416,72.86108,Delivery,Medium,On Time,,2024-04-13,2024-04-13 12:30,2024-04-13 14:30,15,1309,Auto Parts,Vinod Yadav,Call 30 min before arrival
STP-2024025,RT-104,Dadar Warehouse,18.975324,72.886111,Delivery,High,Delayed,Traffic congestion,2024-04-17,2024-04-17 11:30,2024-04-17 13:30,15,1861,FMCG,Manish Gupta,Call 30 min before arrival
STP-2024026,RT-105,Talegaon Distribution,18.762612,73.71167,Pickup,Medium,Scheduled,,2024-03-03,2024-03-03 13:30,2024-03-03 15:30,10,1850,Pharmaceuticals,Anil Sharma,Temperature controlled
STP-2024027,RT-105,Dombivli Pickup Point,19.262821,73.119377,Delivery,Low,Scheduled,,2024-04-17,2024-04-17 13:00,2024-04-17 17:00,15,1815,Auto Parts,Ramesh Kumar,Requires forklift
STP-2024028,RT-105,Panvel Port Gate,19.009528,73.105754,Customs,Low,On Time,,2024-04-25,2024-04-25 13:00,2024-04-25 17:30,60,0,Electronics,Kavita Joshi,Temperature controlled
STP-2024029,RT-105,Kurla Sorting Center,19.05066,72.839542,Warehouse,Medium,On Time,,2024-03-15,2024-03-15 11:00,2024-03-15 13:00,30,1593,Pharmaceuticals,Priya Nair,
STP-2024030,RT-105,Dombivli Pickup Point,19.169026,73.097957,Rest,Medium,Delayed,Weather delay,2024-04-26,2024-04-26 07:30,2024-04-26 09:00,20,0,Pharmaceuticals,Priya Nair,
STP-2024031,RT-106,Pimpri Depot,18.660451,73.818386,Rest,High,On Time,,2024-03-03,2024-03-03 10:30,2024-03-03 13:00,20,0,Perishables,Anil Sharma,Parking available
STP-2024032,RT-106,Airoli Customs,19.177389,72.981718,Delivery,Medium,On Time,,2024-03-21,2024-03-21 12:00,2024-03-21 16:30,15,1437,Pharmaceuticals,Manish Gupta,Requires forklift
STP-2024033,RT-106,Kurla Sorting Center,19.022841,72.861291,Pickup,Low,On Time,,2024-04-06,2024-04-06 09:30,2024-04-06 13:30,10,890,Documents,Santosh Reddy,Parking available
STP-2024034,RT-106,Bhiwandi Mega Depot,19.311194,73.042119,Pickup,Medium,On Time,,2024-03-11,2024-03-11 14:00,2024-03-11 18:30,10,1686,Documents,Anil Sharma,High security zone
STP-2024035,RT-106,Mulund Cold Storage,19.185577,72.925344,Warehouse,High,On Time,,2024-03-31,2024-03-31 07:00,2024-03-31 09:30,30,1436,Auto Parts,Kavita Joshi,
STP-2024036,RT-107,Mulund Cold Storage,19.14752,72.990734,Delivery,Medium,On Time,,2024-03-15,2024-03-15 08:00,2024-03-15 11:30,15,944,FMCG,Kavita Joshi,Parking available
STP-2024037,RT-107,Uran Customs Terminal,18.917278,72.978786,Customs,Medium,On Time,,2024-03-29,2024-03-29 13:00,2024-03-29 17:30,60,0,Pharmaceuticals,Manish Gupta,
STP-2024038,RT-107,Kalyan Junction,19.198358,73.095583,Delivery,Medium,Scheduled,,2024-03-18,2024-03-18 11:30,2024-03-18 13:30,15,794,Perishables,Rajesh Singh,Temperature controlled
STP-2024039,RT-107,Bandra Client Office,19.08658,72.874106,Pickup,Medium,On Time,,2024-03-04,2024-03-04 14:00,2024-03-04 17:30,10,50,Documents,Santosh Reddy,
STP-2024040,RT-107,Pune Warehouse Central,18.513984,73.809602,Delivery,Medium,On Time,,2024-04-04,2024-04-04 13:00,2024-04-04 16:30,15,698,Perishables,Deepak Mehta,Requires forklift
STP-2024041,RT-108,Talegaon Distribution,18.769685,73.643773,Pickup,High,Delayed,Vehicle breakdown,2024-04-07,2024-04-07 07:00,2024-04-07 10:00,10,542,Auto Parts,Priya Nair,Temperature controlled
STP-2024042,RT-108,Bhiwandi Mega Depot,19.294931,73.083502,Delivery,Low,Scheduled,,2024-04-18,2024-04-18 13:30,2024-04-18 16:30,15,116,Pharmaceuticals,Anil Sharma,Gate closes at 17:00
STP-2024043,RT-108,Uran Customs Terminal,18.889456,72.906239,Rest,High,On Time,,2024-03-13,2024-03-13 07:00,2024-03-13 09:00,20,0,FMCG,Kavita Joshi,High security zone
STP-2024044,RT-108,Uran Customs Terminal,18.89968,72.985603,Pickup,Medium,Scheduled,,2024-03-20,2024-03-20 08:00,2024-03-20 10:00,10,778,Auto Parts,Anil Sharma,Gate closes at 17:00
STP-2024045,RT-108,Kharadi Hub,18.558093,73.897807,Meeting,Medium,Scheduled,,2024-04-19,2024-04-19 08:30,2024-04-19 12:00,45,0,Textiles,Deepak Mehta,Parking available
STP-2024046,RT-109,Bandra Client Office,19.055574,72.794799,Pickup,Medium,Delayed,Driver illness,2024-03-07,2024-03-07 13:30,2024-03-07 16:30,10,370,Perishables,Manish Gupta,High security zone
STP-2024047,RT-109,Pimpri Depot,18.662873,73.758366,Warehouse,Medium,Scheduled,,2024-03-28,2024-03-28 14:30,2024-03-28 17:30,30,1815,Auto Parts,Anil Sharma,
STP-2024048,RT-109,Kharadi Hub,18.536982,73.919535,Meeting,Medium,On Time,,2024-04-24,2024-04-24 07:30,2024-04-24 10:00,45,0,Pharmaceuticals,Santosh Reddy,High security zone
STP-2024049,RT-109,Hadapsar Export Unit,18.527961,73.94049,Delivery,Low,Delayed,Vehicle breakdown,2024-04-16,2024-04-16 08:30,2024-04-16 10:30,15,1015,Auto Parts,Ramesh Kumar,Gate closes at 17:00
STP-2024050,RT-109,Vikhroli Warehouse,19.10015,72.951094,Delivery,Medium,Delayed,Weather delay,2024-04-07,2024-04-07 11:30,2024-04-07 15:30,15,687,Pharmaceuticals,Kavita Joshi,High security zone
STP-2024051,RT-110,Vikhroli Warehouse,19.10602,72.948959,Delivery,High,On Time,,2024-03-08,2024-03-08 10:00,2024-03-08 13:00,15,1566,Textiles,Santosh Reddy,High security zone
STP-2024052,RT-110,Thane Depot,19.265729,72.983436,Warehouse,Medium,On Time,,2024-03-20,2024-03-20 12:00,2024-03-20 14:00,30,1438,FMCG,Kavita Joshi,Gate closes at 17:00
STP-2024053,RT-110,Nashik Depot,20.033672,73.751209,Delivery,Medium,On Time,,2024-03-22,2024-03-22 14:00,2024-03-22 17:00,15,143,Auto Parts,Kavita Joshi,Gate closes at 17:00
STP-2024054,RT-110,Kharadi Hub,18.577944,73.954332,Meeting,High,On Time,,2024-03-20,2024-03-20 09:00,2024-03-20 13:00,45,0,Documents,Santosh Reddy,Temperature controlled
STP-2024055,RT-110,Uran Customs Terminal,18.903063,72.968809,Pickup,Medium,Delayed,Traffic congestion,2024-04-25,2024-04-25 14:30,2024-04-25 17:30,10,1950,Documents,Anil Sharma,Temperature controlled
STP-2024056,RT-111,Powai Tech Park,19.136537,72.902991,Meeting,High,On Time,,2024-03-05,2024-03-05 09:00,2024-03-05 13:00,45,0,Electronics,Anil Sharma,High security zone
STP-2024057,RT-111,Badlapur Storage,19.158256,73.272163,Delivery,Low,On Time,,2024-03-15,2024-03-15 08:30,2024-03-15 12:00,15,1870,Pharmaceuticals,Rajesh Singh,Gate closes at 17:00
STP-2024058,RT-111,Andheri Distribution Hub,19.119647,72.84578,Delivery,Medium,Delayed,Weather delay,2024-03-08,2024-03-08 11:30,2024-03-08 14:30,15,174,Textiles,Ramesh Kumar,
STP-2024059,RT-111,Panvel Port Gate,19.015027,73.11455,Delivery,Medium,Delayed,Driver illness,2024-04-13,2024-04-13 08:00,2024-04-13 10:30,15,1344,Auto Parts,Vinod Yadav,Requires forklift
STP-2024060,RT-111,Kharadi Hub,18.51196,73.909782,Pickup,Low,On Time,,2024-03-23,2024-03-23 08:30,2024-03-23 11:30,10,853,Perishables,Kavita Joshi,High security zone
STP-100001,R-018,Andheri,19.069651,72.930933,delivery,high,delayed,customer_unavailable,2025-09-14,07:00,20:00,57,245.22,pharmaceuticals,Amit Sharma,
STP-100002,R-005,Thane,19.241804,72.89029,delivery,low,pending,,2024-07-23,22:15,22:15,51,456.16,pharmaceuticals,Rahul Mehta,Handle with care
STP-100003,R-008,Panvel,19.106063,72.797423,warehouse,medium,delayed,,2024-02-04,13:30,20:45,55,209.08,furniture,Rahul Mehta,Handle with care
STP-100004,R-013,Bandra,19.099887,72.9446,warehouse,high,pending,customer_unavailable,2024-01-08,07:45,11:00,26,219.25,groceries,Priya Patel,
STP-100005,R-013,Colaba,19.092662,72.841713,pickup,high,completed,,2025-10-13,10:00,21:00,55,15.2,furniture,Priya Patel,Handle with care
STP-100006,R-002,Thane,19.011071,72.780459,delivery,medium,delayed,,2025-07-18,12:15,12:15,48,16.98,furniture,Amit Sharma,Urgent delivery
STP-100007,R-012,Vashi,19.102062,73.091233,delivery,high,delayed,,2025-07-21,12:45,21:45,39,64.64,furniture,Rahul Mehta,Urgent delivery
STP-100008,R-008,Andheri,19.038327,72.984171,pickup,low,pending,,2025-02-03,15:15,16:15,49,195.29,furniture,Vikram Singh,
STP-100009,R-003,Panvel,18.913611,72.856684,pickup,high,completed,,2024-02-06,10:00,10:00,56,122.13,electronics,Rahul Mehta,
STP-100010,R-009,Andheri,19.111872,73.08794,pickup,low,failed,customer_unavailable,2025-08-06,13:15,13:15,27,196.45,groceries,Amit Sharma,
STP-100011,R-009,Panvel,19.036304,72.947093,warehouse,high,completed,,2024-09-05,21:45,21:45,50,171.41,pharmaceuticals,Sneha Iyer,
STP-100012,R-011,Kurla,19.270406,73.023952,warehouse,high,failed,,2025-08-28,18:15,18:15,17,61.14,electronics,Priya Patel,
STP-100013,R-009,Dadar,19.25638,72.913503,delivery,low,completed,customer_unavailable,2024-12-27,21:15,21:15,36,62.86,electronics,Priya Patel,Leave at doorstep
STP-100014,R-001,Thane,19.080386,73.031953,warehouse,medium,pending,customer_unavailable,2025-08-23,08:00,11:30,35,24.14,electronics,Priya Patel,
STP-100015,R-004,Panvel,19.23375,73.090059,delivery,medium,failed,,2025-04-15,06:30,08:45,41,452.67,pharmaceuticals,Priya Patel,
STP-100016,R-008,Andheri,19.069867,72.904812,pickup,high,delayed,,2024-03-06,21:00,21:00,24,424.23,electronics,Rahul Mehta,Handle with care
STP-100017,R-001,Powai,19.085027,73.051255,warehouse,low,pending,,2024-01-07,16:00,16:00,29,329.21,furniture,Sneha Iyer,Leave at doorstep
STP-100018,R-005,Andheri,19.286696,72.827803,pickup,low,completed,,2024-04-16,17:15,20:45,35,464.0,pharmaceuticals,Vikram Singh,Leave at doorstep
STP-100019,R-012,Borivali,19.016135,72.90581,pickup,medium,failed,,2024-01-19,12:15,21:15,33,77.3,furniture,Sneha Iyer,Fragile
STP-100020,R-011,Dadar,19.192115,72.811794,pickup,low,completed,vehicle_issue,2025-10-07,07:45,08:00,60,185.32,groceries,Amit Sharma,Fragile
STP-100021,R-010,Thane,19.063205,72.919907,delivery,low,delayed,,2025-06-14,13:45,17:00,39,243.18,electronics,Rahul Mehta,Urgent delivery
STP-100022,R-004,Kurla,19.114565,72.868389,warehouse,high,pending,traffic,2024-11-24,16:00,20:30,52,366.02,pharmaceuticals,Vikram Singh,
STP-100023,R-001,Kurla,18.941097,72.808566,pickup,high,failed,,2024-04-26,13:45,13:45,57,379.21,groceries,Priya Patel,Call before arrival
STP-100024,R-002,Andheri,19.032925,72.820589,warehouse,low,pending,,2024-12-16,11:00,11:00,55,22.56,groceries,Vikram Singh,
STP-100025,R-005,Vashi,19.032862,72.840753,warehouse,high,pending,,2024-06-18,09:45,18:00,47,430.63,pharmaceuticals,Priya Patel,
STP-100026,R-015,Colaba,19.000139,72.970736,warehouse,high,delayed,,2025-11-05,08:45,22:45,26,234.18,pharmaceuticals,Amit Sharma,
STP-100027,R-015,Borivali,19.16557,72.845485,delivery,low,pending,,2025-05-14,17:30,17:30,28,321.09,electronics,Priya Patel,
STP-100028,R-015,Thane,19.128757,72.794311,warehouse,medium,failed,,2024-10-01,12:30,12:30,30,340.91,electronics,Amit Sharma,Fragile
STP-100029,R-001,Thane,18.989807,73.046749,delivery,high,completed,weather,2025-12-30,08:45,11:30,57,328.07,electronics,Amit Sharma,
STP-100030,R-019,Kurla,19.056921,72.860736,pickup,low,delayed,customer_unavailable,2024-07-08,16:00,16:00,43,279.24,pharmaceuticals,Rahul Mehta,
STP-100031,R-006,Colaba,19.153276,72.954306,delivery,medium,completed,vehicle_issue,2024-09-19,21:00,21:00,16,418.48,groceries,Sneha Iyer,Call before arrival
STP-100032,R-019,Kurla,19.289149,73.058667,warehouse,high,delayed,customer_unavailable,2025-11-04,18:15,18:15,57,484.61,pharmaceuticals,Priya Patel,
STP-100033,R-002,Vashi,19.101693,73.067086,delivery,medium,delayed,weather,2024-02-15,12:45,12:45,38,175.32,pharmaceuticals,Rahul Mehta,Urgent delivery
STP-100034,R-015,Borivali,19.272225,72.875563,warehouse,medium,delayed,,2025-04-03,21:30,21:30,28,256.47,furniture,Amit Sharma,
STP-100035,R-007,Panvel,19.228728,72.861887,pickup,high,completed,,2025-06-29,10:30,11:15,27,95.39,electronics,Sneha Iyer,
STP-100036,R-014,Bandra,19.234319,72.955982,pickup,medium,failed,,2024-01-24,18:30,18:30,20,385.04,furniture,Amit Sharma,Call before arrival
STP-100037,R-011,Powai,19.033338,73.04294,delivery,high,completed,,2025-02-08,11:45,11:45,43,300.05,electronics,Priya Patel,Handle with care
STP-100038,R-004,Andheri,19.082507,72.957411,warehouse,low,delayed,,2025-06-19,16:45,16:45,38,328.11,groceries,Vikram Singh,
STP-100039,R-015,Powai,19.080093,73.001514,pickup,low,delayed,,2024-12-19,06:45,08:30,7,330.42,groceries,Vikram Singh,
STP-100040,R-010,Andheri,18.965756,73.001235,pickup,medium,delayed,customer_unavailable,2025-07-27,17:30,17:30,20,101.39,electronics,Priya Patel,
STP-100041,R-013,Kurla,18.916154,73.061653,pickup,medium,pending,customer_unavailable,2025-04-08,18:15,18:15,53,270.89,groceries,Priya Patel,
STP-100042,R-003,Panvel,19.237761,72.770028,warehouse,high,delayed,customer_unavailable,2025-02-15,06:45,18:15,35,208.28,pharmaceuticals,Amit Sharma,Leave at doorstep
STP-100043,R-008,Powai,18.95197,72.786219,pickup,medium,completed,,2025-01-16,14:00,14:30,26,230.4,furniture,Priya Patel,Call before arrival
STP-100044,R-017,Vashi,19.244083,73.094956,warehouse,low,pending,,2024-06-01,17:15,17:15,6,104.53,groceries,Priya Patel,
STP-100045,R-001,Dadar,19.150607,72.996891,warehouse,medium,failed,,2024-10-17,09:00,17:45,43,163.69,furniture,Rahul Mehta,Handle with care
STP-100046,R-007,Thane,19.172138,73.083212,warehouse,high,failed,,2024-12-08,13:00,22:15,31,183.23,groceries,Priya Patel,
STP-100047,R-006,Colaba,19.1049,72.846089,delivery,high,completed,,2024-07-05,06:15,16:45,20,425.37,electronics,Vikram Singh,
STP-100048,R-011,Bandra,19.059106,72.845027,delivery,low,completed,,2024-11-01,06:45,12:45,40,157.02,pharmaceuticals,Vikram Singh,
STP-100049,R-013,Powai,18.956615,73.066399,pickup,low,delayed,,2024-09-21,11:00,11:00,25,463.03,electronics,Sneha Iyer,Fragile
STP-100050,R-020,Vashi,19.079212,72.945006,delivery,high,delayed,,2025-02-03,18:15,18:15,42,108.35,groceries,Rahul Mehta,Urgent delivery
STP-100051,R-002,Bandra,19.124235,72.822205,delivery,high,pending,traffic,2024-08-31,06:15,06:15,25,413.28,groceries,Rahul Mehta,
STP-100052,R-013,Colaba,19.030175,72.958403,delivery,low,pending,,2024-04-14,10:30,10:30,38,400.13,furniture,Vikram Singh,
STP-100053,R-016,Kurla,18.997609,72.833108,pickup,medium,completed,,2024-01-21,15:15,16:00,52,437.55,electronics,Rahul Mehta,
STP-100054,R-019,Dadar,18.896248,72.948734,warehouse,high,failed,,2024-11-15,17:15,17:15,28,76.04,pharmaceuticals,Priya Patel,
STP-100055,R-014,Colaba,19.26953,72.995426,delivery,medium,failed,,2025-05-08,17:15,17:15,48,257.88,groceries,Sneha Iyer,Handle with care
STP-100056,R-010,Thane,19.071131,72.802765,pickup,low,failed,,2024-04-28,22:00,22:00,36,165.85,furniture,Vikram Singh,
STP-100057,R-005,Panvel,19.290932,73.020951,delivery,low,completed,,2025-09-13,20:00,20:00,48,33.52,electronics,Amit Sharma,Handle with care
STP-100058,R-015,Powai,19.123953,72.885176,delivery,high,failed,,2024-04-16,14:00,14:00,26,443.73,groceries,Rahul Mehta,Handle with care
STP-100059,R-012,Thane,19.038339,73.007675,warehouse,low,failed,,2025-08-09,20:15,20:15,13,123.26,electronics,Amit Sharma,Call before arrival
STP-100060,R-006,Dadar,19.104776,73.086675,pickup,medium,delayed,weather,2025-06-01,18:45,18:45,22,423.65,pharmaceuticals,Sneha Iyer,
STP-100061,R-016,Kurla,19.056731,72.900474,delivery,medium,delayed,,2024-07-21,20:15,20:15,26,306.91,electronics,Sneha Iyer,Call before arrival
STP-100062,R-002,Dadar,18.916243,73.003526,warehouse,medium,pending,,2025-01-02,19:30,19:30,35,369.73,groceries,Rahul Mehta,
STP-100063,R-013,Thane,19.12967,72.949217,delivery,high,failed,,2024-05-11,08:45,18:15,17,237.76,pharmaceuticals,Sneha Iyer,Urgent delivery
STP-100064,R-016,Borivali,18.934963,72.864613,delivery,high,failed,,2025-04-05,08:45,19:45,47,225.26,furniture,Rahul Mehta,
STP-100065,R-013,Thane,18.986109,72.951007,warehouse,low,pending,,2025-08-02,06:00,16:15,52,146.28,groceries,Rahul Mehta,Call before arrival
STP-100066,R-019,Colaba,19.033619,73.004295,pickup,high,completed,,2025-02-11,07:15,21:45,24,310.43,groceries,Priya Patel,
STP-100067,R-014,Borivali,18.957081,73.076522,pickup,medium,pending,,2024-05-12,06:00,16:30,44,241.94,pharmaceuticals,Rahul Mehta,Fragile
STP-100068,R-019,Vashi,19.04943,73.070135,pickup,low,completed,,2025-03-01,06:00,08:00,46,269.74,electronics,Amit Sharma,
STP-100069,R-002,Bandra,19.237545,72.82769,warehouse,high,completed,,2025-09-21,11:45,22:30,10,378.95,electronics,Rahul Mehta,Handle with care
STP-100070,R-007,Colaba,19.171833,73.025939,warehouse,high,pending,,2024-04-27,17:00,21:30,58,282.3,pharmaceuticals,Rahul Mehta,
STP-100071,R-009,Powai,19.252276,72.934604,warehouse,low,delayed,,2024-05-16,12:30,12:30,55,236.31,pharmaceuticals,Sneha Iyer,Handle with care
STP-100072,R-006,Colaba,18.996,72.793061,pickup,high,completed,,2024-08-06,09:00,20:45,12,192.04,groceries,Sneha Iyer,Call before arrival
STP-100073,R-019,Colaba,19.12784,73.026279,warehouse,medium,pending,,2024-02-09,19:15,19:15,16,286.23,pharmaceuticals,Priya Patel,
STP-100074,R-004,Panvel,19.017388,72.864845,warehouse,low,delayed,,2025-07-27,15:30,15:30,22,492.93,electronics,Priya Patel,Call before arrival
STP-100075,R-004,Thane,19.137704,72.821419,pickup,medium,pending,traffic,2025-08-17,19:30,19:30,45,64.86,groceries,Rahul Mehta,
STP-100076,R-011,Andheri,19.030341,72.979973,warehouse,low,delayed,,2025-09-09,08:15,11:30,5,270.96,electronics,Amit Sharma,Call before arrival
STP-100077,R-010,Dadar,19.285785,73.071879,delivery,medium,failed,customer_unavailable,2024-04-02,16:30,20:00,24,402.98,electronics,Vikram Singh,
STP-100078,R-012,Kurla,19.177305,72.968698,delivery,low,failed,,2024-02-25,12:30,12:30,42,356.67,electronics,Amit Sharma,
STP-100079,R-003,Kurla,19.194883,72.856288,pickup,high,delayed,traffic,2025-03-05,16:45,22:00,60,399.65,pharmaceuticals,Priya Patel,
STP-100080,R-001,Colaba,19.090832,72.859923,delivery,medium,pending,,2024-01-15,15:00,15:00,60,184.67,furniture,Amit Sharma,
STP-100081,R-016,Borivali,18.987274,72.861154,pickup,low,pending,,2024-01-18,17:45,17:45,42,115.87,pharmaceuticals,Vikram Singh,Fragile
STP-100082,R-003,Colaba,19.166409,73.057395,pickup,low,delayed,,2024-09-20,11:00,11:00,52,170.21,electronics,Sneha Iyer,Fragile
STP-100083,R-015,Kurla,18.947737,72.858251,delivery,high,delayed,,2025-08-18,12:45,20:30,49,391.27,electronics,Amit Sharma,Handle with care
STP-100084,R-006,Powai,19.145939,72.928878,delivery,high,pending,,2025-11-15,16:45,16:45,30,231.43,groceries,Priya Patel,
STP-100085,R-020,Powai,19.013545,73.077973,delivery,high,completed,,2024-11-13,20:30,20:30,57,84.74,pharmaceuticals,Amit Sharma,
STP-100086,R-002,Kurla,19.14492,72.824252,pickup,low,failed,,2025-10-12,06:15,18:15,13,94.02,pharmaceuticals,Amit Sharma,Handle with care
STP-100087,R-015,Thane,18.906028,73.009486,delivery,low,failed,,2024-07-23,06:45,09:15,26,174.11,electronics,Sneha Iyer,Handle with care
STP-100088,R-013,Panvel,19.231675,72.786518,delivery,medium,pending,,2024-10-18,08:15,16:15,38,327.09,electronics,Sneha Iyer,
STP-100089,R-007,Panvel,19.25811,72.84299,warehouse,high,delayed,,2025-02-20,11:15,11:15,59,79.42,groceries,Amit Sharma,Urgent delivery
STP-100090,R-019,Borivali,18.959635,73.00095,pickup,low,delayed,weather,2024-06-13,06:30,07:45,37,153.17,electronics,Priya Patel,Handle with care
STP-100091,R-012,Andheri,18.910641,72.941215,delivery,low,failed,,2025-12-07,19:30,21:15,17,230.6,pharmaceuticals,Sneha Iyer,Urgent delivery
STP-100092,R-016,Borivali,19.141104,73.057434,delivery,low,pending,,2024-07-06,07:15,15:30,36,181.09,pharmaceuticals,Priya Patel,Urgent delivery
STP-100093,R-019,Panvel,19.183218,72.945557,delivery,low,pending,,2024-08-12,15:00,15:30,23,230.59,groceries,Sneha Iyer,
STP-100094,R-009,Vashi,19.177947,73.068253,delivery,medium,failed,customer_unavailable,2024-06-09,20:00,20:00,46,166.05,groceries,Vikram Singh,
STP-100095,R-015,Borivali,19.013891,72.837832,delivery,medium,completed,,2025-04-08,22:00,22:00,29,44.37,electronics,Vikram Singh,
STP-100096,R-003,Thane,19.256336,72.959088,warehouse,high,failed,,2024-11-06,08:30,18:45,43,301.07,electronics,Amit Sharma,
STP-100097,R-012,Bandra,18.955292,73.082609,pickup,high,pending,,2024-11-15,14:15,14:15,43,183.68,furniture,Sneha Iyer,Fragile
STP-100098,R-002,Dadar,19.281545,72.944921,warehouse,medium,pending,,2025-02-04,18:15,20:30,28,215.23,groceries,Vikram Singh,
STP-100099,R-017,Andheri,19.239246,73.023546,pickup,medium,failed,,2024-05-12,07:15,19:45,24,297.22,pharmaceuticals,Rahul Mehta,Call before arrival
STP-100100,R-014,Vashi,18.921847,73.044732,pickup,medium,delayed,,2024-02-09,08:45,16:45,47,112.39,furniture,Amit Sharma,
STP-100101,R-007,Thane,19.14389,72.875469,pickup,high,failed,,2024-01-19,15:15,19:45,43,112.98,pharmaceuticals,Amit Sharma,Call before arrival
STP-100102,R-006,Andheri,19.100199,73.099496,warehouse,medium,pending,,2025-01-10,12:15,20:15,41,341.27,pharmaceuticals,Amit Sharma,Fragile
STP-100103,R-005,Panvel,19.189106,72.986185,delivery,medium,pending,,2025-02-01,09:45,21:45,33,145.55,furniture,Vikram Singh,
STP-100104,R-002,Bandra,19.26221,72.954387,delivery,high,failed,traffic,2025-09-16,11:00,13:00,8,123.16,furniture,Rahul Mehta,Fragile
STP-100105,R-005,Powai,18.921267,72.840444,warehouse,low,completed,vehicle_issue,2024-09-12,15:15,17:00,40,327.16,electronics,Priya Patel,
STP-100106,R-020,Vashi,18.969786,72.827202,warehouse,medium,pending,,2025-08-01,14:15,14:15,7,498.7,pharmaceuticals,Priya Patel,
STP-100107,R-019,Borivali,19.144385,72.801999,delivery,high,failed,customer_unavailable,2024-06-17,10:45,10:45,25,454.42,groceries,Vikram Singh,
STP-100108,R-012,Andheri,19.157759,72.940874,pickup,low,delayed,,2024-09-11,21:30,22:15,37,377.32,electronics,Rahul Mehta,
STP-100109,R-002,Vashi,19.186396,72.813537,warehouse,medium,delayed,,2025-08-10,10:00,22:45,6,122.58,groceries,Rahul Mehta,Handle with care
STP-100110,R-015,Dadar,19.137082,73.043206,warehouse,low,delayed,,2025-11-18,10:30,12:45,16,52.94,furniture,Sneha Iyer,
STP-100111,R-007,Dadar,19.216199,73.010896,pickup,high,delayed,vehicle_issue,2025-10-18,06:00,09:30,15,204.98,groceries,Priya Patel,
STP-100112,R-015,Panvel,18.89992,73.032191,delivery,low,failed,,2024-11-17,19:15,19:15,41,372.5,furniture,Vikram Singh,
STP-100113,R-013,Borivali,19.244598,72.908332,warehouse,high,delayed,,2025-12-16,21:00,21:00,56,119.68,electronics,Rahul Mehta,Fragile
STP-100114,R-005,Borivali,19.264248,72.848048,pickup,medium,failed,customer_unavailable,2024-09-26,11:00,19:30,40,324.02,pharmaceuticals,Rahul Mehta,
STP-100115,R-003,Panvel,19.116381,72.816431,delivery,medium,delayed,,2024-03-31,13:30,19:45,24,451.53,electronics,Rahul Mehta,Leave at doorstep
STP-100116,R-016,Andheri,18.923332,73.016832,pickup,high,failed,,2025-12-10,06:30,09:15,35,108.89,electronics,Vikram Singh,
STP-100117,R-014,Vashi,19.282998,72.910908,warehouse,low,failed,vehicle_issue,2024-12-10,22:30,22:30,7,235.22,groceries,Priya Patel,
STP-100118,R-013,Borivali,19.059085,73.028513,delivery,high,failed,,2024-07-15,19:30,19:30,29,139.76,electronics,Vikram Singh,
STP-100119,R-012,Bandra,19.175697,72.787753,warehouse,medium,pending,,2024-04-10,13:45,18:15,20,39.5,electronics,Sneha Iyer,
STP-100120,R-001,Powai,19.094792,72.886987,warehouse,medium,pending,,2024-07-25,06:00,15:45,25,485.64,pharmaceuticals,Vikram Singh,
STP-100121,R-015,Borivali,18.940711,72.842623,warehouse,high,completed,traffic,2024-09-28,20:15,20:15,56,80.01,groceries,Amit Sharma,Fragile
STP-100122,R-016,Borivali,18.96657,72.855158,warehouse,high,pending,,2025-07-14,17:00,19:00,42,269.84,electronics,Priya Patel,Fragile
STP-100123,R-011,Panvel,19.149683,72.797834,pickup,medium,failed,traffic,2025-12-05,22:15,22:15,36,409.09,groceries,Amit Sharma,
STP-100124,R-003,Kurla,19.229823,73.039395,warehouse,low,completed,,2024-04-10,15:00,21:45,32,353.83,groceries,Sneha Iyer,Call before arrival
STP-100125,R-009,Borivali,19.291742,72.934521,pickup,low,delayed,,2024-06-19,07:30,12:00,41,394.72,pharmaceuticals,Rahul Mehta,Fragile
STP-100126,R-018,Colaba,19.134989,73.073511,warehouse,medium,failed,weather,2024-11-02,14:30,15:30,10,148.54,pharmaceuticals,Priya Patel,Handle with care
STP-100127,R-009,Dadar,19.068516,73.032209,warehouse,low,failed,customer_unavailable,2024-05-17,22:30,22:30,46,425.66,pharmaceuticals,Sneha Iyer,Fragile
STP-100128,R-020,Kurla,19.149719,72.82997,warehouse,low,pending,,2024-08-30,18:00,18:00,33,485.02,pharmaceuticals,Rahul Mehta,Urgent delivery
STP-100129,R-013,Vashi,19.297536,72.948946,pickup,low,pending,,2024-08-09,12:00,12:00,7,319.93,furniture,Vikram Singh,
STP-100130,R-008,Colaba,18.958206,72.899188,delivery,high,completed,weather,2024-06-29,19:30,19:30,57,297.78,pharmaceuticals,Amit Sharma,
STP-100131,R-019,Dadar,19.07164,72.932773,warehouse,high,pending,,2025-12-22,06:30,18:45,15,65.11,pharmaceuticals,Rahul Mehta,Urgent delivery
STP-100132,R-019,Bandra,19.148876,72.960642,pickup,low,completed,customer_unavailable,2025-06-28,17:00,17:00,7,10.55,electronics,Vikram Singh,Urgent delivery
STP-100133,R-002,Kurla,19.182018,73.07953,warehouse,high,failed,customer_unavailable,2025-11-22,08:30,08:30,31,359.55,electronics,Amit Sharma,
STP-100134,R-014,Thane,19.207208,73.075257,delivery,medium,completed,vehicle_issue,2024-04-06,11:15,11:15,48,300.13,furniture,Priya Patel,Leave at doorstep
STP-100135,R-006,Bandra,19.265095,72.943646,warehouse,high,completed,,2024-02-15,22:45,22:45,36,352.73,groceries,Vikram Singh,Leave at doorstep
STP-100136,R-017,Bandra,19.257888,72.949577,pickup,low,pending,,2024-06-19,11:30,17:15,22,37.43,pharmaceuticals,Vikram Singh,
STP-100137,R-017,Bandra,19.040514,72.796892,pickup,high,pending,customer_unavailable,2024-10-28,13:30,14:00,13,68.74,pharmaceuticals,Priya Patel,Urgent delivery
STP-100138,R-017,Bandra,19.146044,72.846664,delivery,low,delayed,vehicle_issue,2024-08-13,17:45,17:45,34,51.68,pharmaceuticals,Priya Patel,
STP-100139,R-013,Colaba,19.28913,72.782432,pickup,high,failed,traffic,2024-04-10,10:30,20:00,10,448.02,groceries,Priya Patel,
STP-100140,R-014,Colaba,19.14385,72.970832,pickup,medium,pending,traffic,2024-02-19,12:00,17:45,42,60.83,furniture,Rahul Mehta,Leave at doorstep
STP-100141,R-009,Vashi,19.118808,73.086072,delivery,medium,failed,,2025-11-01,07:45,19:45,26,107.74,furniture,Priya Patel,
STP-100142,R-015,Dadar,19.128188,72.917798,delivery,low,failed,,2025-02-19,13:45,20:45,9,335.23,furniture,Sneha Iyer,Fragile
STP-100143,R-006,Bandra,19.116764,73.085387,pickup,low,pending,,2025-10-29,22:15,22:15,44,218.16,pharmaceuticals,Rahul Mehta,Fragile
STP-100144,R-001,Dadar,18.960001,72.845988,delivery,low,failed,,2025-05-26,15:15,18:00,52,122.28,furniture,Priya Patel,Handle with care
STP-100145,R-001,Thane,19.026157,73.048102,pickup,high,pending,,2025-07-21,16:30,16:30,58,82.76,electronics,Sneha Iyer,
STP-100146,R-020,Borivali,19.200691,72.795104,delivery,low,delayed,,2025-08-26,11:45,11:45,6,180.58,groceries,Sneha Iyer,
STP-100147,R-005,Vashi,19.113039,72.776033,pickup,medium,delayed,vehicle_issue,2025-11-02,08:30,19:00,56,88.56,groceries,Sneha Iyer,
STP-100148,R-005,Vashi,19.103221,72.977886,warehouse,medium,failed,,2024-01-06,17:30,17:45,60,482.85,groceries,Amit Sharma,
STP-100149,R-003,Colaba,19.091227,73.053656,delivery,medium,delayed,,2025-06-21,22:30,22:30,37,491.06,pharmaceuticals,Priya Patel,
STP-100150,R-013,Thane,19.092793,72.89669,pickup,high,delayed,,2025-12-07,12:15,21:00,60,296.59,groceries,Priya Patel,
STP-100151,R-015,Bandra,19.262248,72.941353,pickup,high,pending,,2025-02-09,17:30,17:30,5,142.47,groceries,Priya Patel,
STP-100152,R-018,Dadar,19.011413,72.974122,pickup,low,failed,,2024-02-15,10:45,15:30,30,238.6,groceries,Rahul Mehta,Call before arrival
STP-100153,R-011,Powai,19.209695,72.813953,warehouse,low,failed,,2024-12-14,11:15,11:15,49,221.74,electronics,Amit Sharma,Fragile
STP-100154,R-017,Kurla,19.230722,73.075992,delivery,low,completed,vehicle_issue,2025-12-18,12:30,15:15,30,70.74,furniture,Priya Patel,
STP-100155,R-012,Bandra,19.179548,72.774996,delivery,low,pending,,2024-07-27,10:15,22:30,37,371.57,furniture,Sneha Iyer,
STP-100156,R-019,Bandra,19.156711,73.066783,warehouse,medium,failed,weather,2025-05-02,06:15,08:30,22,99.92,electronics,Priya Patel,Fragile
STP-100157,R-013,Powai,19.228732,72.862368,pickup,high,completed,,2025-10-17,16:00,17:45,26,286.81,pharmaceuticals,Vikram Singh,Urgent delivery
STP-100158,R-014,Andheri,18.972375,72.829705,pickup,low,completed,,2024-03-12,18:45,21:45,36,204.01,furniture,Rahul Mehta,
STP-100159,R-008,Panvel,19.128263,73.059312,warehouse,high,completed,,2024-08-13,10:45,13:00,39,133.35,electronics,Priya Patel,Fragile
STP-100160,R-020,Colaba,19.271593,73.017434,delivery,low,failed,,2024-05-17,12:00,12:00,39,170.33,electronics,Sneha Iyer,Urgent delivery
STP-100161,R-019,Powai,18.967566,73.042534,delivery,low,pending,,2025-05-03,12:30,17:45,40,74.5,groceries,Priya Patel,
STP-100162,R-007,Dadar,19.137359,72.902492,warehouse,medium,pending,,2024-03-08,18:30,18:30,20,402.71,furniture,Vikram Singh,Urgent delivery
STP-100163,R-005,Andheri,19.055021,73.028002,delivery,medium,delayed,,2025-12-11,22:45,22:45,33,224.66,pharmaceuticals,Vikram Singh,
STP-100164,R-014,Vashi,18.964304,72.982048,warehouse,low,completed,,2025-05-08,21:30,21:30,6,307.12,groceries,Amit Sharma,Handle with care
STP-100165,R-001,Dadar,18.987181,72.859621,pickup,high,pending,,2025-04-16,17:00,18:45,30,15.35,electronics,Sneha Iyer,
STP-100166,R-012,Kurla,19.004254,73.02994,delivery,high,failed,,2024-09-11,11:00,16:00,13,92.73,electronics,Sneha Iyer,
STP-100167,R-003,Powai,19.079887,72.858665,pickup,low,completed,,2024-08-29,16:00,16:00,33,62.71,pharmaceuticals,Vikram Singh,
STP-100168,R-018,Andheri,18.999523,72.897639,pickup,medium,failed,,2024-03-10,06:30,19:45,16,51.16,furniture,Amit Sharma,Handle with care
STP-100169,R-017,Powai,18.95257,73.090314,delivery,medium,delayed,,2024-02-15,08:30,15:15,57,333.31,electronics,Amit Sharma,
STP-100170,R-005,Colaba,18.967151,73.076909,delivery,high,completed,weather,2025-01-09,08:15,08:15,29,436.31,groceries,Priya Patel,Leave at doorstep
STP-100171,R-011,Borivali,19.131825,72.883197,warehouse,high,pending,,2025-05-27,14:45,14:45,12,334.47,groceries,Priya Patel,Fragile
STP-100172,R-018,Bandra,18.993921,72.829515,delivery,medium,delayed,customer_unavailable,2024-07-05,19:15,19:15,47,286.88,pharmaceuticals,Sneha Iyer,Fragile
STP-100173,R-004,Colaba,18.950994,72.800227,warehouse,medium,delayed,,2024-09-17,13:00,15:30,26,408.06,groceries,Vikram Singh,
STP-100174,R-005,Panvel,18.98832,72.821308,warehouse,medium,failed,,2025-04-13,09:15,09:15,15,12.52,furniture,Priya Patel,Call before arrival
STP-100175,R-019,Vashi,19.065645,72.870919,pickup,high,pending,customer_unavailable,2024-03-11,16:15,16:30,20,385.1,electronics,Sneha Iyer,
STP-100176,R-013,Bandra,19.123954,72.811803,pickup,medium,pending,,2024-11-16,15:30,15:30,42,391.83,furniture,Sneha Iyer,Handle with care
STP-100177,R-018,Borivali,18.924283,72.807056,delivery,high,completed,,2024-09-29,21:00,21:00,17,453.43,furniture,Sneha Iyer,Urgent delivery
STP-100178,R-001,Powai,19.054554,73.025263,delivery,high,delayed,,2025-02-06,19:00,19:00,36,81.0,electronics,Rahul Mehta,
STP-100179,R-007,Dadar,19.286627,72.921925,pickup,low,failed,,2025-03-25,21:00,21:00,48,30.03,groceries,Vikram Singh,Urgent delivery
STP-100180,R-001,Andheri,19.206103,72.87921,delivery,low,completed,,2025-08-28,15:15,15:15,52,69.02,pharmaceuticals,Priya Patel,
STP-100181,R-007,Dadar,19.299012,72.90784,delivery,high,delayed,,2025-12-25,09:30,16:00,24,58.96,electronics,Priya Patel,Leave at doorstep
STP-100182,R-010,Dadar,19.0061,72.944732,warehouse,medium,pending,,2024-05-29,21:45,21:45,32,108.2,groceries,Vikram Singh,
STP-100183,R-010,Colaba,18.991493,73.090025,pickup,high,delayed,,2025-08-25,07:30,08:45,29,39.91,electronics,Vikram Singh,
STP-100184,R-010,Colaba,19.041387,72.782989,warehouse,medium,pending,,2025-12-05,21:00,21:00,11,431.81,electronics,Rahul Mehta,Fragile
STP-100185,R-010,Kurla,19.134446,73.038851,warehouse,high,failed,,2025-04-28,12:45,17:00,50,467.07,electronics,Sneha Iyer,
STP-100186,R-015,Borivali,18.999224,72.848646,delivery,low,completed,traffic,2024-10-18,21:30,21:30,31,52.83,pharmaceuticals,Amit Sharma,Handle with care
STP-100187,R-006,Colaba,19.177394,72.923908,pickup,low,failed,traffic,2024-09-30,07:45,10:30,41,351.78,furniture,Rahul Mehta,Leave at doorstep
STP-100188,R-013,Dadar,19.158836,72.995258,pickup,medium,completed,,2024-07-12,07:00,19:45,35,198.13,groceries,Rahul Mehta,Leave at doorstep
STP-100189,R-014,Dadar,19.210387,72.8171,pickup,high,pending,customer_unavailable,2025-03-24,14:00,20:30,39,49.23,furniture,Sneha Iyer,
STP-100190,R-018,Thane,18.894458,73.078115,pickup,low,pending,,2024-09-12,08:15,08:15,5,99.5,pharmaceuticals,Rahul Mehta,Leave at doorstep
STP-100191,R-005,Vashi,18.928558,72.912997,delivery,medium,pending,,2024-02-24,19:15,20:30,48,498.79,groceries,Priya Patel,
STP-100192,R-010,Dadar,19.192415,73.028364,pickup,low,completed,,2024-09-02,13:15,13:15,22,230.18,pharmaceuticals,Rahul Mehta,
STP-100193,R-016,Vashi,19.297026,73.096381,pickup,low,pending,weather,2025-03-27,14:15,14:15,28,69.1,electronics,Amit Sharma,
STP-100194,R-019,Vashi,19.164548,72.952155,delivery,low,pending,,2025-01-19,16:00,16:00,53,200.84,electronics,Rahul Mehta,
STP-100195,R-011,Vashi,18.938095,72.806883,pickup,low,completed,,2025-09-04,17:45,19:30,33,270.12,electronics,Vikram Singh,
STP-100196,R-002,Andheri,18.90968,72.95368,delivery,medium,completed,,2024-07-09,10:15,15:00,30,86.63,furniture,Rahul Mehta,Urgent delivery
STP-100197,R-006,Kurla,19.286829,72.88053,pickup,low,completed,,2024-12-03,09:45,20:15,24,249.48,groceries,Vikram Singh,Urgent delivery
STP-100198,R-020,Thane,19.073205,72.793387,warehouse,low,delayed,,2025-05-08,21:15,21:15,9,426.55,groceries,Rahul Mehta,Call before arrival
STP-100199,R-015,Dadar,19.066949,73.090521,warehouse,medium,delayed,,2025-03-14,18:00,18:00,48,431.84,pharmaceuticals,Vikram Singh,Call before arrival
STP-100200,R-001,Kurla,18.977578,72.933106,delivery,medium,failed,weather,2025-02-03,17:30,17:30,54,88.87,pharmaceuticals,Priya Patel,Leave at doorstep
STP-100201,R-010,Panvel,18.898216,72.894008,delivery,low,pending,,2025-05-24,20:00,20:00,46,486.65,furniture,Vikram Singh,
STP-100202,R-018,Borivali,19.005594,72.947776,delivery,low,failed,vehicle_issue,2025-02-21,10:30,10:30,17,19.41,electronics,Sneha Iyer,Call before arrival
STP-100203,R-020,Vashi,18.961879,72.91893,warehouse,low,completed,,2024-04-04,15:00,15:00,51,18.14,pharmaceuticals,Vikram Singh,
STP-100204,R-020,Thane,18.933722,72.996545,pickup,low,delayed,weather,2025-01-02,16:15,16:15,11,140.12,furniture,Priya Patel,
STP-100205,R-010,Kurla,19.169589,72.901985,pickup,low,delayed,,2024-09-02,19:15,19:15,56,436.8,groceries,Vikram Singh,Urgent delivery
STP-100206,R-005,Panvel,19.277009,72.849433,pickup,high,pending,,2024-06-27,11:45,12:00,25,294.57,furniture,Amit Sharma,
STP-100207,R-005,Andheri,19.009791,72.835228,pickup,low,failed,vehicle_issue,2024-10-19,22:00,22:00,57,274.37,pharmaceuticals,Vikram Singh,Urgent delivery
STP-100208,R-020,Bandra,19.032672,72.921008,pickup,high,pending,,2024-07-25,16:45,16:45,15,104.45,electronics,Rahul Mehta,Call before arrival
STP-100209,R-018,Kurla,19.063465,72.929322,warehouse,low,delayed,,2024-05-26,17:30,17:30,44,432.08,groceries,Rahul Mehta,Urgent delivery
STP-100210,R-007,Colaba,18.922688,72.911664,warehouse,high,completed,,2025-01-15,14:45,14:45,29,393.43,pharmaceuticals,Rahul Mehta,Fragile
STP-100211,R-005,Panvel,19.105755,72.813404,delivery,high,delayed,,2024-10-14,14:30,14:30,49,484.92,groceries,Rahul Mehta,
STP-100212,R-013,Dadar,19.080394,72.794595,warehouse,high,failed,,2024-04-22,06:30,15:30,20,223.21,furniture,Priya Patel,Fragile
STP-100213,R-012,Dadar,19.185126,73.030416,delivery,high,pending,,2024-03-08,09:45,15:15,30,442.58,electronics,Priya Patel,Leave at doorstep
STP-100214,R-011,Bandra,19.214572,72.910565,warehouse,medium,pending,customer_unavailable,2024-09-14,19:15,19:15,57,122.04,electronics,Sneha Iyer,Urgent delivery
STP-100215,R-020,Dadar,19.175984,72.898577,pickup,medium,failed,traffic,2024-04-11,17:45,21:45,58,41.24,electronics,Rahul Mehta,
STP-100216,R-004,Kurla,19.275685,72.775123,delivery,high,delayed,,2024-08-14,06:15,17:30,47,180.06,furniture,Rahul Mehta,
STP-100217,R-007,Colaba,18.977625,73.02303,warehouse,low,delayed,,2025-11-11,19:45,19:45,22,305.46,furniture,Amit Sharma,
STP-100218,R-015,Powai,19.090852,73.052323,pickup,high,pending,,2025-07-01,13:15,15:45,54,165.84,pharmaceuticals,Amit Sharma,
STP-100219,R-012,Thane,18.890099,72.950886,pickup,low,failed,,2025-02-16,08:30,21:30,28,239.7,electronics,Amit Sharma,
STP-100220,R-019,Thane,19.14228,73.086304,warehouse,high,failed,traffic,2024-04-26,13:00,21:30,24,128.78,furniture,Priya Patel,
STP-100221,R-006,Bandra,19.198828,72.786667,pickup,low,completed,,2025-07-16,18:30,18:30,44,271.37,electronics,Sneha Iyer,Leave at doorstep
STP-100222,R-010,Kurla,19.093842,73.076791,warehouse,medium,failed,,2024-01-07,07:30,07:30,46,443.39,electronics,Amit Sharma,Fragile
STP-100223,R-013,Colaba,19.262684,73.07261,delivery,high,failed,,2025-06-14,13:00,17:15,11,258.65,electronics,Rahul Mehta,Urgent delivery
STP-100224,R-014,Dadar,19.074292,72.919564,delivery,medium,delayed,traffic,2025-03-26,18:00,18:00,6,180.73,groceries,Amit Sharma,Call before arrival
STP-100225,R-020,Panvel,19.291852,72.902471,warehouse,high,pending,,2024-10-29,09:45,18:30,43,290.57,pharmaceuticals,Amit Sharma,
STP-100226,R-011,Panvel,19.25159,73.09684,pickup,high,pending,,2025-10-18,09:45,09:45,19,396.95,groceries,Priya Patel,
STP-100227,R-006,Borivali,18.948805,72.812164,warehouse,medium,completed,vehicle_issue,2025-02-09,16:45,16:45,51,240.35,pharmaceuticals,Amit Sharma,
STP-100228,R-019,Andheri,19.076705,72.958141,warehouse,low,completed,weather,2025-05-11,12:15,17:00,5,362.61,pharmaceuticals,Priya Patel,
STP-100229,R-012,Panvel,18.956305,72.826134,delivery,low,failed,,2025-07-15,06:45,15:15,40,112.98,pharmaceuticals,Priya Patel,
STP-100230,R-001,Dadar,19.292314,73.001496,delivery,low,delayed,,2024-04-10,06:45,14:30,29,373.26,electronics,Sneha Iyer,Urgent delivery
STP-100231,R-019,Borivali,18.894803,72.986744,pickup,high,completed,,2024-11-12,12:45,12:45,43,276.31,electronics,Sneha Iyer,Urgent delivery
STP-100232,R-002,Kurla,19.057643,73.049242,pickup,low,completed,,2025-05-28,19:00,19:00,18,335.06,electronics,Rahul Mehta,
STP-100233,R-016,Bandra,19.188024,72.810165,warehouse,high,pending,,2025-02-06,10:45,11:30,59,27.87,electronics,Priya Patel,Leave at doorstep
STP-100234,R-003,Andheri,18.989456,73.001699,warehouse,medium,failed,,2024-07-07,22:15,22:15,24,65.21,groceries,Sneha Iyer,
STP-100235,R-014,Borivali,19.262809,72.871541,warehouse,low,pending,,2024-06-02,06:30,08:00,11,142.49,electronics,Amit Sharma,
STP-100236,R-014,Borivali,19.198097,72.779702,pickup,low,delayed,,2024-05-18,11:45,11:45,43,229.03,groceries,Rahul Mehta,Call before arrival
STP-100237,R-012,Colaba,19.095214,73.088853,delivery,high,delayed,customer_unavailable,2025-03-18,07:45,12:15,45,250.46,furniture,Sneha Iyer,Handle with care
STP-100238,R-014,Vashi,19.054305,72.810827,delivery,medium,pending,,2025-09-09,09:00,21:45,9,110.44,pharmaceuticals,Amit Sharma,
STP-100239,R-002,Dadar,19.202746,72.881345,pickup,high,completed,,2024-10-16,18:30,18:30,47,254.85,pharmaceuticals,Rahul Mehta,Urgent delivery
STP-100240,R-011,Panvel,18.909101,72.866167,delivery,high,delayed,,2024-12-23,11:30,11:30,53,153.89,pharmaceuticals,Vikram Singh,
STP-100241,R-019,Borivali,19.017297,73.054981,pickup,high,delayed,,2025-10-05,22:00,22:00,26,226.77,groceries,Amit Sharma,Fragile
STP-100242,R-020,Powai,19.238898,72.801036,delivery,medium,pending,,2025-07-28,14:30,14:30,41,396.63,electronics,Amit Sharma,Urgent delivery
STP-100243,R-019,Colaba,19.051534,72.791145,delivery,high,delayed,,2025-08-28,20:00,20:00,26,198.83,groceries,Amit Sharma,Call before arrival
STP-100244,R-013,Colaba,18.944032,73.037874,delivery,medium,pending,traffic,2024-03-11,14:30,16:15,10,159.5,electronics,Vikram Singh,
STP-100245,R-009,Bandra,18.915074,72.987587,warehouse,low,pending,,2025-10-08,18:15,18:15,52,476.4,electronics,Vikram Singh,Urgent delivery
STP-100246,R-015,Colaba,19.027957,72.831331,delivery,low,delayed,,2024-10-10,07:15,10:15,26,451.11,groceries,Rahul Mehta,
STP-100247,R-005,Colaba,19.154339,72.883494,pickup,medium,pending,,2025-05-26,06:00,08:45,37,25.4,groceries,Rahul Mehta,Fragile
STP-100248,R-017,Kurla,19.292506,73.012853,pickup,low,pending,,2024-12-09,17:30,21:00,18,281.47,furniture,Sneha Iyer,
STP-100249,R-018,Kurla,19.065651,73.0918,delivery,medium,pending,,2025-08-20,11:00,11:45,37,335.4,electronics,Amit Sharma,
STP-100250,R-012,Colaba,19.023325,73.016389,delivery,medium,completed,customer_unavailable,2025-04-10,13:00,13:00,17,182.14,furniture,Priya Patel,
STP-100251,R-017,Bandra,19.27293,72.843615,delivery,low,completed,weather,2024-11-14,06:30,09:45,16,52.09,groceries,Priya Patel,Call before arrival
STP-100252,R-013,Vashi,19.274649,72.80413,warehouse,high,pending,,2025-01-04,08:15,22:30,7,302.37,groceries,Amit Sharma,
STP-100253,R-016,Panvel,18.896294,72.792031,delivery,medium,delayed,,2025-11-28,19:15,19:15,9,306.52,groceries,Vikram Singh,
STP-100254,R-006,Thane,19.142057,72.902505,delivery,low,completed,,2024-03-17,08:30,13:30,30,70.98,pharmaceuticals,Amit Sharma,
STP-100255,R-020,Thane,18.974922,73.035635,warehouse,high,pending,,2025-11-18,14:00,14:00,48,48.07,furniture,Vikram Singh,Urgent delivery
STP-100256,R-005,Borivali,18.945583,73.072711,delivery,low,completed,,2024-12-29,16:45,16:45,55,444.27,pharmaceuticals,Sneha Iyer,Leave at doorstep
STP-100257,R-004,Thane,19.126601,72.890476,warehouse,low,delayed,weather,2025-03-03,20:45,20:45,36,143.71,groceries,Sneha Iyer,Urgent delivery
STP-100258,R-016,Andheri,18.997242,73.095514,warehouse,medium,pending,,2025-02-23,14:15,22:15,55,253.79,electronics,Vikram Singh,Leave at doorstep
STP-100259,R-020,Vashi,19.236921,72.883105,pickup,low,completed,,2024-10-28,13:30,17:30,26,55.24,pharmaceuticals,Amit Sharma,
STP-100260,R-001,Bandra,19.248937,72.873495,pickup,high,delayed,,2025-03-07,10:30,17:45,8,427.08,furniture,Amit Sharma,
STP-100261,R-002,Vashi,19.156735,72.839673,delivery,low,completed,,2024-12-28,20:30,20:30,28,451.36,groceries,Amit Sharma,Call before arrival
STP-100262,R-011,Vashi,18.898139,72.955585,delivery,medium,pending,,2025-03-28,06:30,10:15,10,404.06,groceries,Priya Patel,
STP-100263,R-015,Borivali,19.244577,73.095603,pickup,medium,completed,,2024-04-11,19:00,19:00,24,365.53,electronics,Priya Patel,Leave at doorstep
STP-100264,R-016,Vashi,18.902707,73.024239,warehouse,low,failed,,2025-10-14,16:45,16:45,56,370.45,electronics,Amit Sharma,
STP-100265,R-004,Colaba,19.206412,72.916254,warehouse,medium,completed,,2024-01-20,10:15,17:00,23,127.93,groceries,Priya Patel,
STP-100266,R-015,Andheri,19.041171,72.906147,pickup,low,completed,vehicle_issue,2025-12-13,08:15,21:45,28,184.2,furniture,Priya Patel,Handle with care
STP-100267,R-018,Colaba,19.07294,72.915691,pickup,medium,pending,,2024-08-28,15:30,15:30,58,252.39,furniture,Amit Sharma,
STP-100268,R-018,Bandra,19.265832,72.988666,pickup,medium,completed,,2024-09-19,20:15,20:15,60,455.72,groceries,Priya Patel,
STP-100269,R-001,Dadar,19.182596,72.774744,pickup,medium,delayed,,2024-11-18,13:15,13:15,46,186.52,electronics,Sneha Iyer,Urgent delivery
STP-100270,R-009,Kurla,19.181265,72.893571,pickup,low,pending,,2024-12-13,13:15,13:15,30,241.17,groceries,Priya Patel,Handle with care
STP-100271,R-009,Thane,18.914774,73.078568,delivery,low,delayed,,2024-07-25,07:30,19:15,59,324.3,furniture,Sneha Iyer,
STP-100272,R-004,Panvel,19.288037,72.883918,warehouse,medium,delayed,customer_unavailable,2024-06-13,11:00,19:15,35,134.05,furniture,Priya Patel,Fragile
STP-100273,R-004,Kurla,19.085559,72.815259,pickup,low,completed,,2024-09-18,14:00,15:45,12,48.32,groceries,Sneha Iyer,
STP-100274,R-012,Panvel,19.258426,72.891952,pickup,low,pending,,2024-01-08,06:45,21:45,9,419.78,electronics,Amit Sharma,
STP-100275,R-009,Andheri,19.259076,73.078897,warehouse,low,delayed,,2024-05-17,08:30,22:00,51,387.41,furniture,Priya Patel,
STP-100276,R-017,Vashi,19.277222,72.852936,warehouse,medium,failed,,2024-11-07,21:30,21:30,14,263.32,groceries,Sneha Iyer,Call before arrival
STP-100277,R-009,Panvel,19.108437,72.913165,delivery,high,delayed,customer_unavailable,2025-09-07,12:15,17:30,58,109.81,furniture,Priya Patel,Call before arrival
STP-100278,R-008,Powai,19.225799,72.882355,pickup,medium,delayed,,2024-02-23,11:00,11:00,53,294.59,pharmaceuticals,Vikram Singh,
STP-100279,R-017,Vashi,19.210945,72.988926,warehouse,low,delayed,,2025-05-03,17:30,22:15,20,77.26,electronics,Sneha Iyer,
STP-100280,R-008,Panvel,19.039815,72.98334,pickup,low,completed,,2025-06-04,08:45,16:15,20,67.02,electronics,Rahul Mehta,Fragile
STP-100281,R-020,Andheri,18.962916,72.851905,warehouse,low,delayed,,2025-10-22,17:30,17:30,17,51.84,pharmaceuticals,Amit Sharma,
STP-100282,R-008,Kurla,18.948634,72.93626,delivery,low,failed,,2025-04-18,16:00,19:00,48,5.36,electronics,Priya Patel,
STP-100283,R-012,Dadar,19.072378,72.874907,pickup,high,delayed,vehicle_issue,2025-06-05,11:45,16:15,19,383.61,furniture,Priya Patel,Handle with care
STP-100284,R-012,Colaba,19.281976,72.942063,pickup,high,completed,customer_unavailable,2024-03-19,21:30,21:30,19,321.87,electronics,Rahul Mehta,
STP-100285,R-006,Panvel,19.274527,73.048659,pickup,medium,failed,customer_unavailable,2025-09-27,09:30,17:30,15,236.83,furniture,Vikram Singh,
STP-100286,R-020,Andheri,19.110372,72.933535,warehouse,high,failed,,2024-02-17,16:15,16:15,36,288.58,groceries,Priya Patel,Urgent delivery
STP-100287,R-012,Colaba,19.133143,72.903867,warehouse,medium,failed,vehicle_issue,2025-12-22,10:15,19:00,51,489.36,groceries,Priya Patel,Call before arrival
STP-100288,R-003,Dadar,19.180835,73.009518,pickup,low,pending,,2024-05-07,22:45,22:45,60,190.89,furniture,Rahul Mehta,Call before arrival
STP-100289,R-019,Vashi,19.086714,72.895904,delivery,medium,pending,,2025-03-06,20:45,20:45,7,392.46,groceries,Amit Sharma,
STP-100290,R-019,Panvel,19.214918,72.782621,pickup,medium,delayed,,2024-04-11,08:00,14:15,54,308.06,electronics,Priya Patel,
STP-100291,R-004,Panvel,19.07803,72.957413,pickup,medium,pending,,2025-03-28,15:15,22:00,43,172.07,furniture,Rahul Mehta,Handle with care
STP-100292,R-005,Kurla,19.093003,72.986782,delivery,high,failed,,2025-07-05,06:30,13:45,8,332.89,furniture,Priya Patel,Call before arrival
STP-100293,R-019,Colaba,19.094829,72.863619,pickup,medium,failed,,2024-11-28,09:00,15:45,18,323.3,pharmaceuticals,Rahul Mehta,
STP-100294,R-012,Thane,19.094238,72.818198,warehouse,medium,failed,,2025-08-15,10:00,10:00,7,127.57,electronics,Vikram Singh,Call before arrival
STP-100295,R-005,Borivali,19.068508,72.891102,warehouse,medium,completed,traffic,2024-06-13,08:30,22:45,40,276.59,furniture,Amit Sharma,Call before arrival
STP-100296,R-015,Borivali,18.900044,72.872985,pickup,high,failed,,2025-04-02,21:00,21:00,20,477.21,pharmaceuticals,Priya Patel,Urgent delivery
STP-100297,R-006,Colaba,19.265692,72.964707,pickup,high,completed,,2025-02-25,19:45,19:45,11,205.49,furniture,Rahul Mehta,Handle with care
STP-100298,R-008,Colaba,19.180679,72.792587,pickup,high,pending,,2025-12-20,20:15,20:15,23,411.71,electronics,Vikram Singh,Handle with care
STP-100299,R-006,Thane,18.952457,72.928481,warehouse,low,failed,,2025-01-19,06:00,20:30,40,30.67,groceries,Rahul Mehta,
STP-100300,R-011,Colaba,18.920329,72.983829,delivery,low,failed,,2024-07-07,15:45,15:45,53,478.72,groceries,Vikram Singh,
STP-100301,R-016,Powai,19.131143,72.870679,warehouse,low,delayed,weather,2024-05-05,19:30,22:00,46,355.32,pharmaceuticals,Priya Patel,
STP-100302,R-020,Borivali,19.094663,73.093193,warehouse,medium,completed,,2024-05-08,06:30,14:30,21,466.86,groceries,Sneha Iyer,Handle with care
STP-100303,R-012,Thane,18.912477,72.908861,delivery,medium,delayed,,2025-12-13,15:45,15:45,18,38.53,furniture,Priya Patel,
STP-100304,R-013,Dadar,18.899043,72.856191,warehouse,high,pending,,2024-10-21,16:15,16:15,7,301.75,pharmaceuticals,Amit Sharma,
STP-100305,R-007,Panvel,19.197079,72.827448,warehouse,medium,delayed,customer_unavailable,2024-08-16,09:45,18:00,27,90.32,pharmaceuticals,Vikram Singh,Leave at doorstep
STP-100306,R-001,Borivali,19.010101,72.853297,pickup,medium,failed,weather,2024-04-09,16:00,21:30,29,258.74,pharmaceuticals,Priya Patel,Fragile
STP-100307,R-004,Powai,18.969753,72.932372,pickup,low,failed,vehicle_issue,2025-06-22,09:00,12:00,32,132.03,pharmaceuticals,Priya Patel,
STP-100308,R-018,Panvel,19.114669,73.005796,pickup,high,pending,,2024-01-25,19:15,19:15,6,402.29,pharmaceuticals,Amit Sharma,
STP-100309,R-015,Borivali,19.071869,73.076965,delivery,low,completed,,2024-08-29,21:30,21:30,15,182.28,furniture,Sneha Iyer,Handle with care
STP-100310,R-004,Thane,19.099445,72.893967,warehouse,high,completed,,2024-09-03,19:15,19:15,12,124.05,electronics,Amit Sharma,
STP-100311,R-010,Kurla,19.027776,72.96716,delivery,low,completed,,2024-01-16,11:15,16:00,19,71.5,electronics,Sneha Iyer,
STP-100312,R-016,Panvel,19.21872,73.038598,warehouse,low,completed,,2024-08-04,09:00,22:30,54,125.14,pharmaceuticals,Sneha Iyer,Leave at doorstep
STP-100313,R-016,Thane,19.237956,72.810057,pickup,low,pending,,2025-07-12,18:45,18:45,44,442.85,electronics,Vikram Singh,Leave at doorstep
STP-100314,R-001,Dadar,19.177495,73.051195,pickup,low,failed,weather,2025-06-20,06:30,19:15,11,405.74,electronics,Priya Patel,
STP-100315,R-004,Powai,19.031796,72.823239,pickup,low,delayed,,2024-03-25,22:15,22:15,23,179.1,electronics,Priya Patel,
STP-100316,R-018,Vashi,19.167438,73.078929,delivery,high,failed,,2024-08-17,22:45,22:45,27,366.01,electronics,Priya Patel,
STP-100317,R-015,Bandra,19.222084,73.042462,delivery,low,pending,,2024-07-11,11:45,19:45,6,275.11,groceries,Amit Sharma,
STP-100318,R-008,Vashi,19.013543,72.79168,pickup,low,completed,traffic,2024-10-07,12:45,17:15,41,173.12,groceries,Vikram Singh,
STP-100319,R-007,Bandra,19.079951,73.040983,warehouse,medium,delayed,,2025-05-03,22:15,22:15,53,100.84,electronics,Vikram Singh,Handle with care
STP-100320,R-007,Powai,19.049044,73.099505,pickup,high,delayed,,2025-12-09,16:15,17:45,6,12.35,electronics,Sneha Iyer,Handle with care
STP-100321,R-013,Powai,19.219704,72.987667,pickup,low,delayed,,2024-04-05,18:15,18:15,45,284.23,electronics,Vikram Singh,Call before arrival
STP-100322,R-015,Bandra,19.019395,73.006681,warehouse,high,completed,,2024-11-29,22:15,22:15,11,113.81,electronics,Vikram Singh,
STP-100323,R-018,Kurla,19.073832,73.092227,pickup,low,pending,vehicle_issue,2025-12-16,08:00,12:00,38,127.25,furniture,Priya Patel,Leave at doorstep
STP-100324,R-017,Panvel,18.986027,72.944388,pickup,high,delayed,,2024-04-12,22:45,22:45,26,266.14,groceries,Priya Patel,
STP-100325,R-008,Vashi,19.257127,72.868768,warehouse,low,failed,,2025-01-13,07:00,18:45,33,188.29,groceries,Vikram Singh,Leave at doorstep
STP-100326,R-013,Dadar,19.195459,73.053963,delivery,high,delayed,weather,2024-06-26,11:15,18:00,53,228.58,furniture,Vikram Singh,Handle with care
STP-100327,R-008,Andheri,19.026149,72.899409,delivery,medium,completed,vehicle_issue,2025-01-13,10:00,10:30,57,131.53,pharmaceuticals,Amit Sharma,Call before arrival
STP-100328,R-017,Kurla,18.893715,73.022211,pickup,medium,completed,weather,2024-09-23,15:30,18:00,8,199.72,pharmaceuticals,Vikram Singh,
STP-100329,R-004,Colaba,19.05222,72.921247,pickup,low,pending,traffic,2024-03-20,15:30,15:30,6,151.03,pharmaceuticals,Vikram Singh,Call before arrival
STP-100330,R-014,Kurla,18.988913,72.830229,delivery,medium,pending,,2025-12-16,08:00,13:00,24,109.46,groceries,Sneha Iyer,Leave at doorstep
STP-100331,R-001,Powai,19.29121,73.021422,pickup,medium,delayed,,2025-12-01,13:30,15:30,43,37.53,electronics,Sneha Iyer,
STP-100332,R-005,Kurla,19.254053,72.79381,warehouse,low,failed,,2024-04-25,17:45,17:45,45,124.32,groceries,Priya Patel,Handle with care
STP-100333,R-004,Kurla,19.286294,72.833207,warehouse,medium,failed,,2024-10-29,06:15,19:00,53,320.31,furniture,Vikram Singh,Urgent delivery
STP-100334,R-014,Borivali,18.940727,72.893517,pickup,medium,failed,,2025-10-22,20:30,20:30,23,302.63,electronics,Rahul Mehta,
STP-100335,R-001,Bandra,18.977778,72.797779,delivery,low,completed,,2024-05-10,08:00,14:45,16,351.56,groceries,Sneha Iyer,Leave at doorstep
STP-100336,R-002,Dadar,18.98595,73.090064,warehouse,high,completed,,2024-07-25,11:15,11:15,47,269.64,furniture,Amit Sharma,Fragile
STP-100337,R-016,Vashi,19.116426,72.920532,pickup,high,completed,vehicle_issue,2024-03-02,14:30,14:30,46,27.52,furniture,Rahul Mehta,Call before arrival
STP-100338,R-011,Kurla,19.282983,72.852887,pickup,medium,failed,vehicle_issue,2024-08-28,13:45,22:30,8,132.72,furniture,Priya Patel,
STP-100339,R-020,Vashi,19.056093,73.089674,pickup,medium,completed,weather,2024-12-12,14:30,14:30,53,441.61,furniture,Sneha Iyer,
STP-100340,R-020,Colaba,19.207006,72.819723,delivery,high,completed,,2025-08-20,22:00,22:00,21,139.35,electronics,Rahul Mehta,Leave at doorstep
STP-100341,R-014,Bandra,18.958561,72.857591,pickup,low,failed,traffic,2024-12-14,14:15,17:30,33,455.71,electronics,Priya Patel,
STP-100342,R-013,Kurla,19.026315,72.824291,pickup,high,failed,,2024-10-05,07:30,18:45,12,22.87,electronics,Vikram Singh,
STP-100343,R-017,Vashi,19.21439,72.833393,pickup,medium,pending,,2025-08-22,09:30,17:15,33,401.36,groceries,Rahul Mehta,Leave at doorstep
STP-100344,R-007,Panvel,19.040369,72.982131,warehouse,medium,completed,,2024-01-13,14:00,14:00,28,133.71,electronics,Priya Patel,
STP-100345,R-015,Panvel,18.970696,72.996825,warehouse,high,delayed,,2025-10-26,20:00,20:00,59,114.44,pharmaceuticals,Priya Patel,Call before arrival
STP-100346,R-012,Borivali,19.037745,72.957318,warehouse,medium,delayed,,2024-09-07,14:15,15:30,34,63.79,electronics,Rahul Mehta,
STP-100347,R-018,Colaba,19.059746,72.826931,pickup,medium,delayed,,2024-03-29,14:30,14:30,17,124.19,pharmaceuticals,Vikram Singh,
STP-100348,R-013,Vashi,19.042214,72.950814,pickup,high,delayed,vehicle_issue,2025-01-16,12:30,17:30,45,403.73,furniture,Vikram Singh,
STP-100349,R-005,Colaba,19.137278,72.842838,delivery,low,completed,,2024-10-15,16:30,16:30,50,486.75,groceries,Priya Patel,
STP-100350,R-007,Thane,18.978077,72.960993,delivery,low,pending,,2025-01-16,09:30,13:00,13,294.64,pharmaceuticals,Rahul Mehta,Fragile
STP-100351,R-013,Kurla,19.167684,73.013777,warehouse,medium,pending,,2024-08-19,14:15,14:15,18,43.22,electronics,Rahul Mehta,Leave at doorstep
STP-100352,R-005,Vashi,18.9615,72.985101,pickup,low,completed,weather,2024-11-14,21:45,21:45,17,488.85,electronics,Rahul Mehta,
STP-100353,R-004,Kurla,18.977315,72.823194,pickup,high,pending,,2024-06-29,16:30,22:45,16,498.72,pharmaceuticals,Vikram Singh,Urgent delivery
STP-100354,R-006,Bandra,19.141009,72.827144,delivery,medium,pending,weather,2024-06-30,12:00,13:00,42,269.74,electronics,Amit Sharma,
STP-100355,R-008,Andheri,18.899469,73.010909,warehouse,medium,failed,,2024-12-15,13:15,13:30,18,165.51,pharmaceuticals,Sneha Iyer,Leave at doorstep
STP-100356,R-017,Colaba,18.903759,72.918743,delivery,high,pending,,2024-01-24,12:00,13:30,49,489.9,pharmaceuticals,Amit Sharma,
STP-100357,R-019,Powai,18.891578,73.001095,delivery,high,completed,vehicle_issue,2025-05-23,10:45,12:45,6,414.72,groceries,Rahul Mehta,Urgent delivery
STP-100358,R-003,Dadar,19.036828,72.781689,pickup,low,pending,weather,2024-11-19,20:45,20:45,20,399.45,groceries,Amit Sharma,
STP-100359,R-008,Panvel,19.199881,72.965534,delivery,medium,completed,customer_unavailable,2024-12-29,14:30,18:30,9,7.22,electronics,Amit Sharma,Leave at doorstep
STP-100360,R-005,Bandra,19.091067,72.996405,delivery,high,failed,,2025-10-20,15:30,18:45,39,210.83,furniture,Priya Patel,Call before arrival
STP-100361,R-018,Panvel,19.099757,72.906284,pickup,medium,failed,weather,2025-02-10,21:30,21:30,5,41.83,pharmaceuticals,Vikram Singh,Urgent delivery
STP-100362,R-016,Andheri,19.052856,72.930396,delivery,low,pending,,2024-04-21,17:45,17:45,51,336.76,pharmaceuticals,Priya Patel,
STP-100363,R-001,Borivali,19.258229,73.091479,pickup,low,delayed,vehicle_issue,2025-09-08,20:30,22:15,25,144.5,furniture,Sneha Iyer,Handle with care
STP-100364,R-008,Colaba,18.902611,72.9316,pickup,medium,pending,,2025-07-15,18:15,21:00,11,234.51,electronics,Priya Patel,Fragile
STP-100365,R-012,Thane,19.214859,72.908877,warehouse,high,failed,,2025-12-14,06:00,15:00,5,86.72,groceries,Rahul Mehta,Urgent delivery
STP-100366,R-017,Kurla,19.209644,73.035311,warehouse,medium,completed,,2024-09-10,08:15,18:45,48,114.4,furniture,Sneha Iyer,
STP-100367,R-012,Panvel,18.909282,73.042798,warehouse,high,completed,,2024-06-11,16:15,16:15,19,283.39,furniture,Amit Sharma,
STP-100368,R-018,Andheri,19.073263,73.059968,delivery,medium,completed,,2024-05-23,07:00,19:45,45,449.01,groceries,Amit Sharma,Fragile
STP-100369,R-018,Kurla,18.933773,72.815808,pickup,high,failed,,2025-10-19,16:30,16:30,35,462.57,pharmaceuticals,Vikram Singh,
STP-100370,R-011,Dadar,19.048564,72.869127,delivery,low,delayed,,2025-12-16,21:00,21:30,31,489.12,furniture,Amit Sharma,
STP-100371,R-016,Dadar,19.17147,73.030513,warehouse,high,delayed,,2025-03-10,16:15,16:15,25,274.03,groceries,Priya Patel,Handle with care
STP-100372,R-001,Kurla,19.028759,72.959501,pickup,medium,failed,,2024-09-13,10:45,13:30,55,265.35,groceries,Amit Sharma,Fragile
STP-100373,R-011,Borivali,19.006366,73.058866,pickup,medium,pending,,2024-11-10,15:00,15:00,42,9.29,pharmaceuticals,Rahul Mehta,
STP-100374,R-020,Colaba,19.282877,72.904839,warehouse,low,pending,,2025-10-04,22:15,22:45,35,192.61,furniture,Vikram Singh,
STP-100375,R-012,Powai,18.924179,72.893851,pickup,low,pending,,2025-04-29,21:15,21:15,58,81.61,furniture,Vikram Singh,Handle with care
STP-100376,R-003,Andheri,19.059233,72.906764,warehouse,low,delayed,,2025-02-15,11:00,20:15,28,153.66,pharmaceuticals,Sneha Iyer,Call before arrival
STP-100377,R-017,Bandra,19.267255,73.075246,delivery,high,delayed,,2024-10-22,19:15,19:15,54,437.52,furniture,Vikram Singh,Handle with care
STP-100378,R-004,Colaba,19.056417,72.986123,pickup,medium,delayed,,2025-06-11,10:30,16:15,58,426.28,groceries,Rahul Mehta,Handle with care
STP-100379,R-014,Kurla,19.044711,72.848369,warehouse,high,delayed,,2024-05-08,17:15,17:15,14,365.91,furniture,Amit Sharma,
STP-100380,R-007,Thane,19.222437,72.878675,delivery,high,completed,,2025-11-04,08:30,21:30,53,117.79,pharmaceuticals,Vikram Singh,
STP-100381,R-009,Powai,19.018044,72.877092,pickup,low,failed,,2025-10-11,12:00,21:00,33,147.34,pharmaceuticals,Vikram Singh,
STP-100382,R-009,Dadar,18.987717,72.939284,pickup,low,failed,,2024-10-08,22:45,22:45,47,400.97,groceries,Sneha Iyer,
STP-100383,R-020,Kurla,19.258763,72.821561,warehouse,high,pending,weather,2024-07-12,07:00,08:45,44,462.17,electronics,Sneha Iyer,
STP-100384,R-007,Andheri,19.184865,72.798694,warehouse,high,delayed,,2025-05-19,08:00,08:00,17,311.77,groceries,Priya Patel,
STP-100385,R-008,Bandra,19.134161,72.932632,delivery,low,pending,,2025-12-20,06:45,16:45,57,34.19,furniture,Amit Sharma,Leave at doorstep
STP-100386,R-004,Bandra,19.170759,73.04906,delivery,medium,completed,,2024-06-19,06:00,16:45,6,474.47,pharmaceuticals,Rahul Mehta,
STP-100387,R-014,Borivali,19.109757,72.933473,pickup,high,delayed,customer_unavailable,2024-03-12,19:15,22:45,50,63.27,electronics,Priya Patel,
STP-100388,R-012,Andheri,19.242889,72.975805,warehouse,medium,delayed,weather,2024-09-30,17:15,17:15,16,180.41,electronics,Rahul Mehta,Handle with care
STP-100389,R-003,Kurla,19.2467,72.869717,pickup,low,delayed,,2024-02-11,20:45,20:45,25,106.68,furniture,Rahul Mehta,Leave at doorstep
STP-100390,R-013,Vashi,19.182151,72.865398,delivery,low,pending,customer_unavailable,2025-07-08,18:00,18:00,20,68.66,pharmaceuticals,Priya Patel,Call before arrival
STP-100391,R-008,Borivali,19.118696,72.815839,pickup,medium,delayed,,2024-01-10,11:45,19:30,27,224.27,electronics,Rahul Mehta,
STP-100392,R-006,Panvel,19.125187,72.834517,pickup,medium,pending,,2025-10-04,15:45,19:30,36,147.1,electronics,Priya Patel,
STP-100393,R-004,Thane,18.92345,73.035224,delivery,high,delayed,,2025-06-29,09:45,20:00,41,444.84,furniture,Rahul Mehta,Handle with care
STP-100394,R-002,Kurla,19.128826,73.080093,delivery,medium,completed,,2024-12-19,15:30,15:30,15,100.94,groceries,Vikram Singh,Call before arrival
STP-100395,R-019,Vashi,18.890936,72.827764,delivery,low,completed,,2024-01-08,13:15,13:15,9,434.0,furniture,Amit Sharma,Call before arrival
STP-100396,R-008,Bandra,19.234908,73.086237,pickup,medium,completed,,2025-04-21,18:15,19:15,42,344.0,pharmaceuticals,Priya Patel,
STP-100397,R-012,Vashi,19.079288,73.025431,pickup,medium,failed,vehicle_issue,2024-03-20,15:30,15:30,44,215.35,groceries,Sneha Iyer,
STP-100398,R-004,Thane,19.107402,72.80068,delivery,medium,delayed,,2025-11-13,12:00,22:30,28,110.67,electronics,Amit Sharma,
STP-100399,R-012,Bandra,19.099655,73.085898,warehouse,high,completed,,2025-04-24,11:00,13:30,14,191.97,pharmaceuticals,Vikram Singh,
STP-100400,R-001,Dadar,18.975651,72.795959,warehouse,high,failed,traffic,2025-07-02,10:15,22:00,49,120.57,pharmaceuticals,Sneha Iyer,
STP-100401,R-020,Bandra,18.959455,72.933183,delivery,medium,failed,,2025-02-08,06:15,22:30,57,241.28,electronics,Amit Sharma,
STP-100402,R-009,Thane,18.959456,73.096121,pickup,low,pending,weather,2025-03-12,13:15,19:15,48,310.78,pharmaceuticals,Sneha Iyer,Urgent delivery
STP-100403,R-011,Andheri,19.245882,73.027117,warehouse,high,delayed,weather,2024-09-16,13:30,13:30,31,306.77,electronics,Vikram Singh,
STP-100404,R-014,Dadar,19.140047,72.837539,delivery,high,pending,weather,2024-12-28,14:45,19:30,13,248.3,electronics,Rahul Mehta,Leave at doorstep
STP-100405,R-020,Thane,19.046535,72.784033,warehouse,medium,pending,,2024-06-10,16:45,16:45,27,143.68,furniture,Rahul Mehta,
STP-100406,R-001,Dadar,19.216471,72.937409,delivery,medium,completed,,2025-01-15,10:15,10:15,25,403.54,electronics,Priya Patel,Leave at doorstep
STP-100407,R-008,Borivali,19.090323,72.822997,delivery,high,delayed,customer_unavailable,2025-10-23,13:00,13:00,36,315.85,furniture,Rahul Mehta,
STP-100408,R-015,Vashi,19.064633,72.829099,warehouse,high,delayed,,2025-05-25,08:45,11:00,15,15.74,groceries,Rahul Mehta,
STP-100409,R-020,Powai,19.194468,72.921519,delivery,high,completed,,2024-03-26,12:30,13:15,8,329.69,furniture,Priya Patel,Urgent delivery
STP-100410,R-006,Thane,19.044734,72.949522,delivery,medium,failed,,2024-03-19,14:00,22:30,15,321.89,furniture,Rahul Mehta,
STP-100411,R-014,Colaba,19.111261,72.830841,warehouse,medium,failed,,2024-11-24,19:15,19:15,41,20.09,furniture,Priya Patel,
STP-100412,R-019,Andheri,19.047013,72.889442,pickup,high,delayed,,2024-12-03,16:15,21:30,12,142.4,groceries,Rahul Mehta,
STP-100413,R-018,Powai,18.966329,72.931413,delivery,high,completed,,2025-07-27,07:30,11:15,36,235.72,electronics,Sneha Iyer,
STP-100414,R-011,Andheri,19.25339,72.988025,warehouse,medium,completed,weather,2024-02-02,20:30,20:30,60,303.98,pharmaceuticals,Sneha Iyer,Urgent delivery
STP-100415,R-005,Vashi,19.179442,72.828124,delivery,medium,completed,,2024-06-30,21:45,21:45,58,48.45,pharmaceuticals,Priya Patel,
STP-100416,R-010,Borivali,19.166585,72.844782,delivery,low,completed,,2024-09-26,07:45,16:30,57,24.16,furniture,Amit Sharma,
STP-100417,R-014,Thane,19.18069,72.924221,delivery,high,failed,,2024-11-04,12:15,14:15,11,282.68,furniture,Sneha Iyer,
STP-100418,R-018,Panvel,19.025886,72.963871,delivery,low,failed,vehicle_issue,2024-08-07,14:00,14:00,40,340.33,electronics,Amit Sharma,Urgent delivery
STP-100419,R-008,Colaba,19.267773,72.891447,warehouse,low,completed,weather,2024-01-21,18:30,18:30,17,354.74,furniture,Priya Patel,
STP-100420,R-019,Powai,19.145986,72.878785,warehouse,high,pending,,2025-11-23,12:00,20:00,35,400.47,electronics,Amit Sharma,Handle with care
STP-100421,R-019,Thane,19.118111,72.944867,pickup,high,completed,,2024-02-21,15:30,19:15,15,320.44,pharmaceuticals,Sneha Iyer,
STP-100422,R-016,Powai,19.060557,72.850214,warehouse,medium,delayed,traffic,2025-01-09,13:45,19:15,54,444.84,furniture,Vikram Singh,Handle with care
STP-100423,R-015,Andheri,19.147051,72.793323,pickup,low,delayed,,2024-01-22,08:15,11:30,41,209.21,electronics,Rahul Mehta,Fragile
STP-100424,R-006,Bandra,19.166792,72.965132,warehouse,medium,pending,customer_unavailable,2025-10-29,10:45,15:30,30,215.28,groceries,Priya Patel,Fragile
STP-100425,R-005,Borivali,19.263927,72.829959,pickup,low,pending,,2025-09-21,21:45,21:45,22,332.61,groceries,Rahul Mehta,
STP-100426,R-003,Borivali,19.113968,72.951856,pickup,medium,pending,customer_unavailable,2025-04-21,15:15,15:15,43,278.24,furniture,Amit Sharma,
STP-100427,R-020,Powai,19.045176,73.069809,warehouse,low,pending,,2025-07-16,17:15,19:45,51,156.46,groceries,Vikram Singh,Handle with care
STP-100428,R-013,Powai,18.994879,72.895331,delivery,low,delayed,,2025-01-16,20:30,20:30,52,455.37,pharmaceuticals,Rahul Mehta,
STP-100429,R-002,Bandra,19.233442,72.77837,delivery,high,failed,,2025-11-20,14:30,22:45,18,344.39,groceries,Amit Sharma,
STP-100430,R-019,Andheri,19.116916,73.099326,delivery,medium,delayed,vehicle_issue,2024-07-20,14:15,14:15,53,427.07,groceries,Vikram Singh,Urgent delivery
STP-100431,R-001,Borivali,19.028476,72.979707,warehouse,low,failed,vehicle_issue,2025-05-12,12:00,12:00,50,60.54,pharmaceuticals,Sneha Iyer,
STP-100432,R-008,Powai,19.052256,72.832708,warehouse,medium,delayed,,2025-12-14,08:30,19:30,26,335.74,pharmaceuticals,Sneha Iyer,
STP-100433,R-011,Colaba,19.172303,72.822568,warehouse,medium,failed,,2025-12-01,15:30,17:15,13,86.89,groceries,Amit Sharma,
STP-100434,R-017,Thane,19.193523,72.945615,delivery,medium,failed,,2024-12-05,17:30,17:30,52,469.32,groceries,Rahul Mehta,
STP-100435,R-006,Powai,19.260733,72.96777,pickup,medium,completed,,2025-03-14,19:00,19:00,56,245.55,electronics,Rahul Mehta,
STP-100436,R-004,Kurla,19.252158,73.04296,warehouse,low,completed,weather,2024-12-28,12:45,14:00,15,275.72,electronics,Sneha Iyer,
STP-100437,R-016,Bandra,19.088585,72.962419,delivery,low,completed,,2024-12-24,18:15,18:15,22,464.72,electronics,Vikram Singh,
STP-100438,R-012,Powai,19.032257,72.887508,warehouse,low,pending,,2024-02-10,17:45,17:45,13,177.11,groceries,Vikram Singh,Handle with care
STP-100439,R-007,Kurla,19.174845,72.980922,warehouse,high,failed,customer_unavailable,2025-06-12,08:15,21:30,51,428.42,groceries,Vikram Singh,
STP-100440,R-020,Colaba,19.13236,72.960615,warehouse,medium,delayed,,2024-06-23,17:00,17:00,53,316.19,electronics,Priya Patel,
STP-100441,R-012,Panvel,19.267325,72.883696,pickup,low,failed,vehicle_issue,2024-01-30,07:00,20:15,33,402.87,pharmaceuticals,Amit Sharma,Fragile
STP-100442,R-002,Vashi,19.043107,72.898887,pickup,low,failed,,2025-07-31,22:45,22:45,6,366.13,electronics,Priya Patel,
STP-100443,R-012,Borivali,19.171531,72.87227,delivery,high,pending,customer_unavailable,2025-12-08,21:00,21:00,29,302.1,electronics,Amit Sharma,
STP-100444,R-017,Powai,19.088172,72.971959,delivery,medium,delayed,vehicle_issue,2024-07-27,12:45,12:45,21,289.73,pharmaceuticals,Rahul Mehta,
STP-100445,R-001,Bandra,19.217825,72.956493,warehouse,low,delayed,vehicle_issue,2025-11-18,12:00,12:00,52,470.94,pharmaceuticals,Priya Patel,
STP-100446,R-011,Andheri,19.272754,72.945879,warehouse,high,completed,,2025-02-25,13:30,13:30,16,387.31,groceries,Rahul Mehta,Call before arrival
STP-100447,R-001,Vashi,18.944428,73.048403,pickup,low,delayed,,2025-08-10,18:30,19:45,5,392.4,electronics,Sneha Iyer,
STP-100448,R-010,Vashi,18.988848,72.784305,delivery,high,delayed,,2024-02-08,14:15,18:45,8,113.77,groceries,Rahul Mehta,
STP-100449,R-011,Colaba,19.142892,72.821153,warehouse,low,pending,customer_unavailable,2025-05-24,13:00,13:00,56,241.84,pharmaceuticals,Vikram Singh,Handle with care
STP-100450,R-004,Powai,18.949025,72.793437,pickup,low,delayed,customer_unavailable,2025-10-22,21:30,21:30,47,16.01,pharmaceuticals,Priya Patel,
STP-100451,R-010,Andheri,18.945593,72.864991,warehouse,high,failed,,2024-06-10,17:15,22:45,49,429.4,groceries,Priya Patel,
STP-100452,R-006,Andheri,19.166312,72.854945,pickup,high,completed,traffic,2024-05-29,11:15,22:00,16,150.44,electronics,Rahul Mehta,
STP-100453,R-013,Kurla,18.900936,72.956567,pickup,low,completed,customer_unavailable,2025-12-12,21:30,21:30,40,413.84,furniture,Vikram Singh,
STP-100454,R-009,Kurla,19.063927,72.832861,delivery,medium,failed,,2024-10-20,06:15,16:45,7,33.1,electronics,Vikram Singh,Leave at doorstep
STP-100455,R-018,Dadar,18.90831,72.970692,pickup,low,pending,,2025-07-10,07:30,08:15,48,326.5,pharmaceuticals,Priya Patel,
STP-100456,R-008,Thane,19.226009,73.029835,warehouse,medium,failed,,2024-12-31,12:00,20:00,5,202.96,groceries,Sneha Iyer,Urgent delivery
STP-100457,R-003,Andheri,19.283627,72.877488,delivery,low,failed,,2025-06-12,08:15,17:30,29,443.5,electronics,Priya Patel,Call before arrival
STP-100458,R-016,Panvel,19.204393,72.978786,pickup,medium,delayed,,2024-03-14,06:45,10:45,31,20.85,electronics,Priya Patel,Handle with care
STP-100459,R-002,Borivali,19.030765,72.900347,warehouse,high,pending,vehicle_issue,2025-10-06,16:15,16:15,28,179.23,furniture,Vikram Singh,Call before arrival
STP-100460,R-006,Thane,19.01562,72.893406,warehouse,high,completed,,2025-12-24,11:45,21:00,18,404.65,groceries,Vikram Singh,
STP-100461,R-001,Kurla,19.018712,72.988094,delivery,low,failed,traffic,2024-12-07,07:30,16:15,24,244.9,electronics,Amit Sharma,Handle with care
STP-100462,R-015,Borivali,19.245028,72.846492,pickup,medium,failed,,2025-07-13,19:00,22:15,42,414.43,groceries,Rahul Mehta,Handle with care
STP-100463,R-005,Panvel,19.163552,73.017341,delivery,medium,completed,,2024-03-31,20:15,20:15,42,179.93,furniture,Sneha Iyer,Leave at doorstep
STP-100464,R-020,Powai,19.135219,72.969165,pickup,low,failed,,2024-09-16,14:00,18:45,47,64.1,groceries,Vikram Singh,Leave at doorstep
STP-100465,R-009,Colaba,19.164628,72.852789,warehouse,medium,delayed,,2025-07-10,14:45,14:45,40,417.85,pharmaceuticals,Amit Sharma,Handle with care
STP-100466,R-001,Andheri,19.188033,72.946742,warehouse,medium,failed,customer_unavailable,2025-02-12,08:30,21:45,46,479.43,pharmaceuticals,Vikram Singh,Handle with care
STP-100467,R-009,Dadar,19.2584,72.876856,delivery,low,failed,vehicle_issue,2025-05-09,14:00,14:00,5,469.74,pharmaceuticals,Priya Patel,Leave at doorstep
STP-100468,R-015,Bandra,19.116406,72.897677,warehouse,low,completed,weather,2024-12-19,10:45,10:45,27,318.83,electronics,Rahul Mehta,Handle with care
STP-100469,R-004,Colaba,18.957853,73.091918,pickup,medium,delayed,,2025-04-02,15:15,21:45,35,247.56,electronics,Priya Patel,
STP-100470,R-004,Kurla,19.257658,72.949766,delivery,medium,pending,,2024-09-19,20:00,21:15,59,343.64,pharmaceuticals,Amit Sharma,
STP-100471,R-004,Borivali,18.900162,73.065631,delivery,high,failed,,2024-12-29,11:30,11:30,6,478.27,electronics,Priya Patel,Fragile
STP-100472,R-008,Kurla,19.166418,72.812203,pickup,medium,completed,,2025-09-21,12:15,19:30,5,292.46,furniture,Priya Patel,Handle with care
STP-100473,R-016,Bandra,18.96891,72.826595,warehouse,low,pending,,2025-05-14,12:15,20:30,54,429.52,groceries,Amit Sharma,
STP-100474,R-004,Andheri,19.241057,72.839273,pickup,low,delayed,,2025-07-28,07:15,13:15,42,490.02,pharmaceuticals,Priya Patel,
STP-100475,R-006,Thane,19.14889,72.886644,pickup,low,pending,,2025-06-05,21:00,21:00,21,360.95,furniture,Amit Sharma,Urgent delivery
STP-100476,R-017,Dadar,19.106003,72.922647,pickup,medium,completed,weather,2024-01-30,15:15,15:15,19,478.6,groceries,Amit Sharma,Urgent delivery
STP-100477,R-015,Dadar,19.004626,72.817561,pickup,low,failed,,2024-06-26,14:00,14:00,7,449.43,groceries,Priya Patel,Handle with care
STP-100478,R-018,Powai,19.026496,72.822557,pickup,low,pending,,2025-09-02,14:00,14:00,18,415.45,furniture,Rahul Mehta,Leave at doorstep
STP-100479,R-018,Bandra,19.288753,72.874319,warehouse,high,delayed,weather,2024-03-30,17:00,17:00,42,289.51,furniture,Amit Sharma,Fragile
STP-100480,R-008,Colaba,19.159546,72.957134,pickup,high,delayed,,2024-07-10,22:00,22:00,59,33.65,groceries,Priya Patel,
STP-100481,R-009,Panvel,18.987193,72.797425,warehouse,high,failed,,2024-10-12,18:00,18:00,26,271.64,pharmaceuticals,Vikram Singh,
STP-100482,R-009,Dadar,18.896198,72.902452,pickup,low,delayed,,2024-11-26,14:45,20:00,47,55.62,groceries,Sneha Iyer,
STP-100483,R-016,Powai,19.229225,72.96516,pickup,medium,delayed,,2025-04-26,16:30,20:45,23,471.23,furniture,Amit Sharma,Leave at doorstep
STP-100484,R-008,Borivali,19.040551,72.942138,pickup,medium,pending,,2025-09-18,07:00,18:30,29,198.63,electronics,Rahul Mehta,Call before arrival
STP-100485,R-012,Thane,18.959886,72.935747,warehouse,high,delayed,weather,2025-05-09,08:15,08:15,60,258.0,pharmaceuticals,Vikram Singh,
STP-100486,R-011,Dadar,19.230517,73.007161,warehouse,medium,pending,,2024-11-19,17:00,17:15,24,200.03,electronics,Vikram Singh,Urgent delivery
STP-100487,R-019,Colaba,18.927775,72.914583,warehouse,low,failed,,2025-04-03,07:30,10:45,24,200.61,groceries,Priya Patel,
STP-100488,R-003,Bandra,19.244749,73.098025,pickup,low,completed,vehicle_issue,2024-06-21,09:30,18:30,31,295.01,electronics,Vikram Singh,Leave at doorstep
STP-100489,R-015,Thane,19.074236,72.879985,delivery,low,failed,,2024-12-01,12:15,16:30,39,437.96,pharmaceuticals,Priya Patel,Leave at doorstep
STP-100490,R-011,Bandra,19.007573,72.843192,delivery,high,delayed,,2025-07-10,14:45,20:00,50,71.96,pharmaceuticals,Amit Sharma,Handle with care
STP-100491,R-012,Powai,19.103163,72.921477,delivery,high,completed,,2025-10-10,13:30,13:30,54,413.96,furniture,Priya Patel,
STP-100492,R-009,Vashi,19.129262,72.860812,delivery,low,completed,vehicle_issue,2025-03-07,11:15,19:30,58,276.2,furniture,Priya Patel,
STP-100493,R-005,Panvel,19.08982,72.832793,warehouse,medium,completed,customer_unavailable,2024-10-05,16:30,16:30,6,275.25,electronics,Amit Sharma,Leave at doorstep
STP-100494,R-003,Bandra,19.001857,72.77542,pickup,medium,pending,,2024-09-06,13:45,18:45,9,187.85,pharmaceuticals,Priya Patel,
STP-100495,R-005,Kurla,19.185419,72.81237,pickup,high,pending,,2024-05-17,10:15,22:30,49,273.3,electronics,Amit Sharma,
STP-100496,R-009,Colaba,19.290742,72.93776,pickup,medium,completed,vehicle_issue,2025-06-04,20:15,20:15,6,79.56,pharmaceuticals,Amit Sharma,Handle with care
STP-100497,R-017,Thane,19.016788,73.010272,pickup,medium,completed,,2025-12-13,12:30,12:30,27,265.78,furniture,Amit Sharma,Urgent delivery
STP-100498,R-017,Bandra,18.935489,72.950381,warehouse,low,delayed,,2025-03-26,14:00,20:30,5,319.36,furniture,Vikram Singh,Handle with care
STP-100499,R-003,Panvel,19.186277,72.8773,warehouse,low,failed,,2025-08-25,07:45,19:45,24,17.57,furniture,Vikram Singh,Call before arrival
STP-100500,R-004,Kurla,19.116777,72.826917,warehouse,high,failed,customer_unavailable,2025-01-04,14:15,22:30,55,203.38,electronics,Vikram Singh,Handle with care
STP-100501,R-012,Kurla,19.016885,73.081543,pickup,high,failed,weather,2025-03-17,08:45,19:30,57,73.16,groceries,Priya Patel,Leave at doorstep
STP-100502,R-020,Dadar,19.264678,72.788534,warehouse,medium,completed,,2024-10-29,07:00,11:30,6,254.05,electronics,Vikram Singh,
STP-100503,R-019,Andheri,18.906716,73.002177,warehouse,low,pending,,2024-06-30,13:15,22:15,33,436.36,electronics,Amit Sharma,
STP-100504,R-003,Borivali,18.899743,72.989731,warehouse,low,failed,,2025-12-02,13:45,21:00,24,237.82,furniture,Sneha Iyer,Urgent delivery
STP-100505,R-003,Panvel,19.105197,73.075682,delivery,medium,pending,,2025-08-19,20:15,20:15,36,454.36,electronics,Vikram Singh,Call before arrival
STP-100506,R-008,Thane,18.941901,72.88709,delivery,medium,failed,,2024-07-01,16:15,16:15,33,361.32,electronics,Priya Patel,Urgent delivery
STP-100507,R-006,Vashi,18.912005,72.890187,delivery,medium,completed,,2025-06-16,15:00,15:00,58,81.41,pharmaceuticals,Rahul Mehta,Call before arrival
STP-100508,R-013,Vashi,18.980356,72.9078,pickup,low,pending,,2024-03-09,13:00,18:00,51,94.65,groceries,Rahul Mehta,
STP-100509,R-009,Vashi,19.072038,72.980016,pickup,high,delayed,,2025-12-06,19:30,19:30,17,397.28,pharmaceuticals,Amit Sharma,
STP-100510,R-008,Vashi,19.109946,73.062335,delivery,medium,completed,,2025-08-13,10:00,19:30,58,467.28,furniture,Priya Patel,Urgent delivery
STP-100511,R-002,Vashi,19.203749,72.91789,pickup,medium,delayed,,2025-12-28,13:45,13:45,46,40.52,groceries,Sneha Iyer,Call before arrival
STP-100512,R-016,Powai,19.232204,72.922061,pickup,medium,pending,,2025-10-30,08:30,19:00,45,214.6,groceries,Sneha Iyer,Call before arrival
STP-100513,R-017,Powai,18.960754,72.770379,pickup,low,failed,,2025-10-06,09:30,15:00,18,121.37,furniture,Rahul Mehta,
STP-100514,R-002,Bandra,19.141769,72.854261,pickup,medium,pending,,2024-03-30,13:30,13:30,47,59.34,electronics,Amit Sharma,
STP-100515,R-011,Panvel,19.189587,73.031786,delivery,high,completed,,2024-05-17,07:00,07:30,58,42.41,furniture,Priya Patel,Fragile
STP-100516,R-006,Bandra,19.140996,72.844461,delivery,medium,pending,,2025-08-02,14:30,14:30,17,21.89,groceries,Sneha Iyer,Fragile
STP-100517,R-015,Panvel,18.920382,72.963525,warehouse,low,delayed,,2025-05-30,09:30,12:30,27,285.8,groceries,Rahul Mehta,
STP-100518,R-004,Thane,19.104162,72.795255,delivery,low,delayed,traffic,2024-05-05,10:15,10:15,39,450.44,electronics,Vikram Singh,
STP-100519,R-015,Vashi,19.170635,73.050431,pickup,low,failed,vehicle_issue,2024-11-27,18:45,18:45,13,492.09,pharmaceuticals,Amit Sharma,Leave at doorstep
STP-100520,R-001,Colaba,19.27062,72.858446,warehouse,low,pending,,2024-10-28,06:45,18:45,57,181.4,furniture,Amit Sharma,
STP-100521,R-019,Vashi,19.131671,72.822763,warehouse,high,failed,customer_unavailable,2024-04-19,14:00,14:00,53,363.88,groceries,Amit Sharma,Handle with care
STP-100522,R-004,Colaba,19.296217,72.864944,delivery,high,completed,,2025-06-27,09:00,19:00,42,472.93,electronics,Priya Patel,
STP-100523,R-016,Powai,19.141691,73.013456,delivery,medium,delayed,,2024-12-02,10:45,10:45,22,467.54,electronics,Vikram Singh,
STP-100524,R-007,Vashi,19.128443,72.907411,delivery,low,completed,weather,2025-01-12,11:45,19:30,52,190.92,electronics,Rahul Mehta,Urgent delivery
STP-100525,R-017,Andheri,18.892905,72.921989,pickup,high,delayed,,2024-08-27,17:00,21:45,41,450.86,electronics,Rahul Mehta,Handle with care
STP-100526,R-019,Colaba,19.266097,72.85293,pickup,high,delayed,,2024-08-15,16:45,16:45,20,361.62,furniture,Sneha Iyer,
STP-100527,R-017,Andheri,18.904149,72.823202,delivery,medium,delayed,,2025-05-12,13:30,22:30,40,423.6,pharmaceuticals,Vikram Singh,
STP-100528,R-008,Dadar,19.170016,72.935445,pickup,low,delayed,,2025-08-20,19:45,19:45,20,106.42,furniture,Vikram Singh,
STP-100529,R-001,Bandra,19.008921,72.910523,warehouse,low,failed,customer_unavailable,2024-11-17,08:15,08:15,5,376.02,electronics,Priya Patel,Urgent delivery
STP-100530,R-003,Colaba,18.890977,73.0425,warehouse,low,delayed,,2025-06-22,12:30,18:30,8,265.34,electronics,Vikram Singh,Leave at doorstep
STP-100531,R-009,Thane,18.902549,73.047645,pickup,medium,pending,,2025-10-13,22:00,22:00,35,401.57,groceries,Vikram Singh,Leave at doorstep
STP-100532,R-008,Powai,18.957094,72.905999,pickup,high,failed,,2024-07-27,22:30,22:30,20,134.48,groceries,Vikram Singh,
STP-100533,R-007,Colaba,19.185646,73.023316,delivery,medium,delayed,,2025-09-18,11:30,11:30,28,267.85,pharmaceuticals,Amit Sharma,Call before arrival
STP-100534,R-009,Dadar,19.116536,73.072515,pickup,medium,completed,weather,2025-03-29,11:15,11:15,8,281.86,electronics,Priya Patel,Leave at doorstep
STP-100535,R-014,Borivali,19.173928,72.775065,pickup,medium,completed,,2024-09-08,20:15,20:15,25,42.88,pharmaceuticals,Amit Sharma,
STP-100536,R-020,Vashi,18.988351,72.781304,pickup,medium,failed,,2025-05-19,21:45,21:45,52,20.95,pharmaceuticals,Rahul Mehta,
STP-100537,R-009,Dadar,19.222411,72.858299,warehouse,medium,completed,,2024-03-11,10:15,10:15,21,480.57,electronics,Priya Patel,
STP-100538,R-003,Borivali,19.079753,72.835925,warehouse,high,failed,,2025-05-07,15:00,16:30,11,393.83,pharmaceuticals,Vikram Singh,Handle with care
STP-100539,R-012,Bandra,19.151714,73.004527,delivery,low,delayed,,2025-03-10,16:15,16:15,39,444.21,pharmaceuticals,Priya Patel,
STP-100540,R-014,Powai,19.207648,73.016942,delivery,high,delayed,,2025-04-16,21:00,21:00,27,167.71,furniture,Vikram Singh,
STP-100541,R-009,Borivali,18.971215,72.964551,pickup,high,failed,,2024-06-10,21:45,21:45,46,498.65,electronics,Vikram Singh,
STP-100542,R-007,Powai,19.128032,72.861596,pickup,medium,delayed,,2025-12-16,12:15,20:45,19,118.8,pharmaceuticals,Rahul Mehta,
STP-100543,R-018,Colaba,19.128688,72.963423,delivery,medium,pending,,2024-11-08,11:45,17:30,26,25.76,groceries,Sneha Iyer,
STP-100544,R-015,Panvel,19.296439,73.046427,warehouse,high,completed,,2025-12-26,14:15,14:15,23,334.32,furniture,Amit Sharma,Handle with care
STP-100545,R-003,Dadar,19.152249,72.959689,delivery,high,failed,,2025-03-17,21:15,21:15,21,318.8,electronics,Amit Sharma,
STP-100546,R-016,Powai,19.146805,72.989418,warehouse,low,delayed,,2024-11-02,07:00,12:00,38,31.56,furniture,Priya Patel,
STP-100547,R-005,Dadar,18.907706,73.058546,warehouse,low,completed,,2025-04-13,13:30,13:30,50,432.6,electronics,Priya Patel,
STP-100548,R-002,Vashi,19.054026,73.067717,delivery,high,delayed,,2025-12-08,08:45,14:00,43,53.53,groceries,Priya Patel,Fragile
STP-100549,R-008,Bandra,18.926895,73.032742,pickup,high,pending,,2025-09-20,20:00,20:00,19,85.09,groceries,Sneha Iyer,Fragile
STP-100550,R-018,Thane,19.073561,73.021052,delivery,high,pending,,2024-03-28,13:45,15:15,44,243.96,electronics,Priya Patel,
STP-100551,R-007,Andheri,19.219947,72.972572,delivery,medium,completed,customer_unavailable,2024-01-07,20:15,20:15,44,422.7,pharmaceuticals,Sneha Iyer,Urgent delivery
STP-100552,R-008,Powai,19.23514,73.001132,warehouse,medium,completed,vehicle_issue,2024-07-16,18:15,18:15,36,487.2,electronics,Vikram Singh,
STP-100553,R-007,Bandra,19.164755,72.826527,pickup,medium,failed,customer_unavailable,2025-08-25,13:00,13:00,49,298.5,groceries,Amit Sharma,Urgent delivery
STP-100554,R-015,Kurla,18.979154,72.81588,pickup,medium,failed,,2025-11-30,22:00,22:00,26,486.88,groceries,Priya Patel,
STP-100555,R-020,Dadar,19.201835,72.850558,delivery,high,delayed,,2025-03-14,19:45,22:00,40,222.17,groceries,Rahul Mehta,Handle with care
STP-100556,R-014,Colaba,18.931257,72.92298,delivery,low,pending,,2025-06-13,13:45,13:45,59,227.69,furniture,Rahul Mehta,Call before arrival
STP-100557,R-007,Vashi,19.200778,73.031362,warehouse,high,delayed,vehicle_issue,2024-02-08,20:00,20:00,31,427.94,furniture,Rahul Mehta,
STP-100558,R-017,Bandra,18.892428,73.053122,pickup,high,delayed,,2025-12-29,07:00,12:00,53,115.92,groceries,Priya Patel,
STP-100559,R-006,Andheri,18.997415,72.99348,delivery,high,delayed,,2024-04-05,10:30,20:45,24,240.23,furniture,Sneha Iyer,
STP-100560,R-008,Powai,19.191205,72.942326,delivery,low,delayed,vehicle_issue,2025-05-24,09:15,21:00,27,324.24,furniture,Priya Patel,Fragile
STP-100561,R-004,Colaba,19.005958,72.815403,delivery,high,pending,,2024-10-24,17:45,17:45,25,38.12,groceries,Amit Sharma,Call before arrival
STP-100562,R-012,Bandra,19.062429,73.033301,pickup,medium,delayed,vehicle_issue,2024-01-28,17:15,21:45,41,120.21,furniture,Priya Patel,Call before arrival
STP-100563,R-004,Powai,18.993627,72.980932,delivery,medium,delayed,,2024-04-03,08:15,17:45,42,428.92,furniture,Sneha Iyer,
STP-100564,R-004,Powai,18.967175,72.81609,pickup,high,delayed,,2025-09-11,12:30,16:15,51,296.72,groceries,Priya Patel,Fragile
STP-100565,R-004,Kurla,19.093814,73.053412,delivery,high,completed,,2025-08-13,11:00,14:15,21,188.18,pharmaceuticals,Vikram Singh,
STP-100566,R-002,Bandra,19.172778,72.895515,warehouse,low,completed,,2025-05-24,10:30,22:45,23,499.72,furniture,Rahul Mehta,Urgent delivery
STP-100567,R-002,Borivali,18.942046,72.898759,delivery,low,completed,,2025-11-11,15:00,20:15,20,73.02,groceries,Sneha Iyer,
STP-100568,R-014,Bandra,18.95644,72.814443,delivery,high,completed,vehicle_issue,2025-05-15,07:45,15:15,47,133.03,electronics,Amit Sharma,Leave at doorstep
STP-100569,R-004,Powai,19.173406,73.099289,warehouse,high,delayed,,2024-09-06,14:15,18:00,19,186.17,groceries,Rahul Mehta,
STP-100570,R-013,Dadar,18.904075,72.797414,delivery,medium,failed,,2024-04-30,14:45,14:45,40,479.01,pharmaceuticals,Rahul Mehta,
STP-100571,R-005,Dadar,18.899633,72.908056,delivery,high,completed,,2024-01-18,07:15,10:00,54,41.11,furniture,Rahul Mehta,Fragile
STP-100572,R-011,Powai,19.269059,73.000282,pickup,medium,delayed,,2024-11-26,13:00,13:00,21,452.72,furniture,Rahul Mehta,Urgent delivery
STP-100573,R-016,Kurla,19.063062,73.012273,pickup,medium,pending,,2024-08-04,09:00,14:00,17,397.64,pharmaceuticals,Rahul Mehta,
STP-100574,R-020,Vashi,19.109236,73.049818,warehouse,high,failed,,2025-02-17,11:15,11:15,15,147.91,furniture,Sneha Iyer,Leave at doorstep
STP-100575,R-013,Panvel,18.949967,72.96459,pickup,medium,failed,,2025-05-22,22:45,22:45,39,126.12,groceries,Priya Patel,
STP-100576,R-002,Thane,19.272591,72.945812,pickup,medium,failed,traffic,2024-04-09,18:15,18:15,26,15.65,electronics,Amit Sharma,
STP-100577,R-008,Vashi,19.101812,72.999115,pickup,low,failed,vehicle_issue,2025-10-22,21:30,21:30,60,421.08,furniture,Amit Sharma,Handle with care
STP-100578,R-007,Kurla,19.072963,72.786787,pickup,low,delayed,,2024-01-15,14:45,17:30,7,118.66,electronics,Priya Patel,
STP-100579,R-009,Colaba,18.925661,72.839139,pickup,low,completed,,2025-02-16,09:00,14:00,11,165.49,electronics,Sneha Iyer,
STP-100580,R-014,Panvel,19.139428,72.988768,pickup,low,failed,,2025-08-22,09:15,11:45,5,269.16,pharmaceuticals,Vikram Singh,
STP-100581,R-017,Vashi,18.967405,72.907246,delivery,medium,delayed,customer_unavailable,2025-10-19,20:30,20:30,35,286.05,groceries,Rahul Mehta,
STP-100582,R-010,Kurla,19.048197,73.008534,delivery,low,pending,customer_unavailable,2024-09-07,19:00,20:15,53,435.93,furniture,Amit Sharma,Leave at doorstep
STP-100583,R-006,Bandra,19.238511,73.040854,warehouse,high,delayed,,2024-01-03,10:30,10:30,41,428.69,furniture,Priya Patel,Urgent delivery
STP-100584,R-009,Borivali,19.24869,73.066626,pickup,low,delayed,,2024-05-26,12:15,12:15,51,34.43,furniture,Vikram Singh,
STP-100585,R-015,Panvel,19.011183,73.078539,delivery,medium,failed,,2024-03-23,17:00,17:00,27,19.4,electronics,Rahul Mehta,Leave at doorstep
STP-100586,R-019,Panvel,18.96968,73.075704,warehouse,low,failed,,2024-10-11,22:45,22:45,8,45.91,pharmaceuticals,Sneha Iyer,
STP-100587,R-018,Panvel,19.108628,72.795776,pickup,low,failed,,2024-01-22,06:45,17:15,17,14.94,furniture,Sneha Iyer,
STP-100588,R-002,Thane,19.124303,72.893233,delivery,high,delayed,vehicle_issue,2025-03-03,09:15,09:15,57,283.18,pharmaceuticals,Vikram Singh,
STP-100589,R-004,Vashi,19.075283,72.78612,warehouse,low,completed,,2025-05-20,16:15,20:30,51,75.23,electronics,Rahul Mehta,Urgent delivery
STP-100590,R-004,Vashi,18.940591,73.006322,pickup,medium,failed,,2025-05-25,07:45,07:45,37,281.44,electronics,Rahul Mehta,Urgent delivery
STP-100591,R-011,Borivali,18.9586,72.841319,pickup,low,completed,traffic,2024-12-13,13:30,13:30,25,288.34,furniture,Amit Sharma,Call before arrival
STP-100592,R-005,Borivali,19.201166,72.880566,delivery,high,failed,,2024-12-20,21:00,21:00,44,245.79,groceries,Priya Patel,Leave at doorstep
STP-100593,R-012,Bandra,18.964,72.854232,pickup,high,delayed,,2025-03-09,22:30,22:30,44,238.58,pharmaceuticals,Amit Sharma,Leave at doorstep
STP-100594,R-020,Dadar,19.207297,72.882857,delivery,high,completed,,2024-03-04,18:00,18:00,15,377.79,groceries,Vikram Singh,
STP-100595,R-003,Kurla,19.232238,72.818473,delivery,low,completed,weather,2025-01-07,22:45,22:45,43,309.17,furniture,Priya Patel,Urgent delivery
STP-100596,R-020,Panvel,19.009994,73.058719,pickup,medium,delayed,,2025-03-29,13:45,13:45,16,82.46,groceries,Rahul Mehta,Handle with care
STP-100597,R-019,Andheri,19.248042,72.92108,pickup,high,pending,,2024-03-25,21:15,21:15,29,298.24,electronics,Priya Patel,
STP-100598,R-020,Powai,19.18567,72.790328,warehouse,low,completed,,2025-06-03,13:00,13:00,17,105.63,furniture,Sneha Iyer,Fragile
STP-100599,R-015,Colaba,18.895943,72.923487,warehouse,high,pending,customer_unavailable,2025-04-24,06:45,06:45,53,438.71,pharmaceuticals,Sneha Iyer,
STP-100600,R-009,Thane,19.111786,72.936614,warehouse,high,delayed,customer_unavailable,2025-10-11,20:15,20:15,59,142.76,pharmaceuticals,Priya Patel,Urgent delivery
STP-100601,R-010,Panvel,18.932399,72.891906,warehouse,high,pending,weather,2024-08-29,12:45,20:15,14,149.76,groceries,Vikram Singh,Call before arrival
STP-100602,R-001,Powai,19.214685,72.952415,warehouse,medium,delayed,,2024-03-21,10:00,10:00,18,133.0,pharmaceuticals,Priya Patel,
STP-100603,R-014,Colaba,19.230855,73.005733,warehouse,medium,failed,,2025-09-09,22:30,22:30,55,223.24,furniture,Vikram Singh,
STP-100604,R-009,Borivali,19.252555,73.002666,delivery,low,failed,,2024-03-19,10:30,12:15,53,312.37,pharmaceuticals,Sneha Iyer,
STP-100605,R-008,Powai,19.080726,73.065415,pickup,low,pending,,2024-08-16,15:15,15:15,21,110.86,furniture,Amit Sharma,
STP-100606,R-018,Vashi,19.053236,73.003052,warehouse,high,failed,customer_unavailable,2024-06-26,15:15,15:15,8,435.51,groceries,Priya Patel,
STP-100607,R-007,Dadar,19.099819,73.083418,delivery,medium,completed,,2025-09-02,08:15,20:15,57,385.11,furniture,Rahul Mehta,Fragile
STP-100608,R-020,Borivali,18.929671,72.795572,delivery,high,pending,,2024-03-18,12:45,17:30,17,477.28,groceries,Rahul Mehta,
STP-100609,R-012,Kurla,19.29251,72.842577,delivery,low,completed,vehicle_issue,2025-09-30,19:15,20:30,19,33.82,groceries,Sneha Iyer,
STP-100610,R-002,Powai,19.192629,72.80442,warehouse,medium,pending,vehicle_issue,2025-03-01,16:30,17:15,32,14.37,electronics,Priya Patel,
STP-100611,R-003,Colaba,19.10904,73.094287,warehouse,low,completed,vehicle_issue,2025-04-18,21:30,21:30,11,467.52,pharmaceuticals,Rahul Mehta,
STP-100612,R-012,Powai,19.114849,72.789196,pickup,low,delayed,,2024-07-16,12:15,12:15,16,156.56,groceries,Vikram Singh,
STP-100613,R-006,Thane,19.271467,72.926755,delivery,medium,pending,,2025-06-06,20:15,20:45,17,337.6,electronics,Amit Sharma,
STP-100614,R-020,Colaba,18.977529,72.843942,delivery,high,delayed,,2025-05-31,20:30,20:30,8,129.09,pharmaceuticals,Rahul Mehta,Urgent delivery
STP-100615,R-015,Powai,19.216003,72.958073,delivery,low,failed,vehicle_issue,2025-07-14,13:15,13:15,44,205.5,electronics,Rahul Mehta,
STP-100616,R-008,Bandra,19.294093,73.076775,pickup,low,completed,,2024-09-29,20:00,21:00,21,85.9,electronics,Vikram Singh,Handle with care
STP-100617,R-009,Colaba,19.254485,72.804353,delivery,medium,pending,traffic,2025-08-03,20:15,20:15,39,486.63,pharmaceuticals,Priya Patel,
STP-100618,R-001,Vashi,19.05598,72.970445,delivery,medium,completed,,2024-03-08,18:15,18:15,42,389.01,pharmaceuticals,Priya Patel,Call before arrival
STP-100619,R-014,Powai,19.101919,73.092925,warehouse,medium,delayed,weather,2024-06-13,08:00,08:15,40,8.74,groceries,Amit Sharma,
STP-100620,R-012,Andheri,19.139515,72.830302,warehouse,high,failed,,2024-09-03,13:45,13:45,24,64.29,pharmaceuticals,Priya Patel,
STP-100621,R-013,Kurla,18.902504,73.00409,pickup,low,failed,,2024-03-30,20:15,21:00,27,417.38,furniture,Vikram Singh,
STP-100622,R-007,Vashi,19.23738,72.979195,pickup,low,completed,,2024-05-23,06:30,08:00,23,139.28,groceries,Sneha Iyer,Leave at doorstep
STP-100623,R-017,Vashi,19.112772,73.080861,pickup,high,delayed,,2025-01-29,07:45,20:00,51,435.05,electronics,Amit Sharma,Fragile
STP-100624,R-006,Vashi,19.107798,72.978751,warehouse,medium,pending,,2024-08-31,16:30,17:45,60,431.88,groceries,Vikram Singh,Leave at doorstep
STP-100625,R-017,Andheri,19.265506,72.96212,delivery,medium,completed,,2024-07-01,20:45,20:45,30,219.08,pharmaceuticals,Vikram Singh,Urgent delivery
STP-100626,R-013,Borivali,19.168041,73.022357,delivery,low,failed,,2025-09-11,14:30,14:30,46,113.65,furniture,Rahul Mehta,Handle with care
STP-100627,R-006,Andheri,18.955809,73.039633,pickup,high,pending,,2024-01-13,13:15,13:15,21,116.73,pharmaceuticals,Sneha Iyer,Handle with care
STP-100628,R-010,Powai,19.032854,72.804318,delivery,high,failed,,2025-04-06,13:45,13:45,8,78.62,groceries,Rahul Mehta,Handle with care
STP-100629,R-012,Powai,19.109013,72.789496,pickup,medium,completed,,2025-03-30,07:00,13:45,37,467.19,furniture,Amit Sharma,
STP-100630,R-012,Bandra,19.057654,72.822923,pickup,medium,completed,,2024-10-01,14:45,18:30,14,466.81,furniture,Amit Sharma,
STP-100631,R-007,Thane,19.13243,73.064024,delivery,low,delayed,,2025-08-30,14:00,14:00,29,184.4,pharmaceuticals,Vikram Singh,Leave at doorstep
STP-100632,R-007,Borivali,18.971199,72.861379,delivery,medium,completed,,2024-04-21,11:30,11:30,54,380.69,furniture,Amit Sharma,Handle with care
STP-100633,R-004,Vashi,19.279739,72.931537,delivery,low,failed,,2024-03-20,16:45,16:45,50,118.92,pharmaceuticals,Rahul Mehta,Handle with care
STP-100634,R-011,Powai,19.266743,73.007234,delivery,low,failed,,2025-02-02,17:30,21:00,48,112.07,electronics,Vikram Singh,
STP-100635,R-020,Borivali,19.215855,72.85932,delivery,medium,completed,,2024-01-10,06:00,18:00,39,55.71,pharmaceuticals,Vikram Singh,
STP-100636,R-012,Andheri,18.924589,72.824655,delivery,high,delayed,,2025-03-24,22:00,22:00,37,358.34,electronics,Sneha Iyer,Urgent delivery
STP-100637,R-011,Vashi,18.934242,72.820854,warehouse,medium,completed,,2024-01-17,20:00,20:00,55,477.84,pharmaceuticals,Amit Sharma,
STP-100638,R-012,Bandra,19.272701,73.036786,pickup,high,completed,,2025-12-15,20:45,20:45,37,421.68,groceries,Priya Patel,
STP-100639,R-014,Borivali,19.021958,73.024571,delivery,low,completed,weather,2024-10-17,06:00,12:15,28,124.2,pharmaceuticals,Vikram Singh,Urgent delivery
STP-100640,R-012,Borivali,19.134879,72.871997,delivery,high,failed,,2025-04-23,06:45,18:45,20,397.01,electronics,Rahul Mehta,
STP-100641,R-006,Andheri,18.961964,72.933842,pickup,low,failed,,2025-10-04,21:45,21:45,13,332.84,pharmaceuticals,Rahul Mehta,Fragile
STP-100642,R-010,Vashi,18.961894,72.993798,warehouse,low,pending,,2025-11-16,15:00,20:45,33,164.52,pharmaceuticals,Rahul Mehta,Call before arrival
STP-100643,R-014,Kurla,19.026326,72.844358,pickup,low,failed,traffic,2024-12-14,22:30,22:30,22,376.38,furniture,Sneha Iyer,
STP-100644,R-008,Dadar,19.067745,73.028708,delivery,high,failed,,2025-10-25,18:15,18:15,15,226.94,pharmaceuticals,Vikram Singh,
STP-100645,R-010,Powai,19.203226,72.953489,pickup,low,pending,vehicle_issue,2024-05-06,13:00,13:00,5,122.01,pharmaceuticals,Amit Sharma,
STP-100646,R-010,Panvel,19.1021,72.860134,delivery,low,completed,customer_unavailable,2025-12-31,15:00,15:00,37,46.71,pharmaceuticals,Sneha Iyer,Leave at doorstep
STP-100647,R-005,Kurla,18.966226,72.796003,pickup,low,pending,,2025-07-10,21:45,21:45,31,92.24,groceries,Vikram Singh,
STP-100648,R-009,Kurla,19.066248,73.01771,warehouse,low,pending,customer_unavailable,2025-02-11,17:30,21:45,55,138.08,furniture,Sneha Iyer,
STP-100649,R-018,Powai,19.052323,72.92006,warehouse,medium,pending,,2024-06-16,20:30,22:15,10,440.96,furniture,Sneha Iyer,
STP-100650,R-009,Vashi,19.179038,72.908393,pickup,low,pending,,2025-05-04,13:15,13:15,53,457.28,groceries,Rahul Mehta,
STP-100651,R-016,Panvel,19.012623,73.021362,pickup,high,completed,,2025-12-06,06:45,16:45,39,207.34,groceries,Priya Patel,
STP-100652,R-009,Kurla,18.974637,72.93949,warehouse,medium,delayed,,2024-04-06,09:15,12:15,25,320.68,electronics,Vikram Singh,
STP-100653,R-012,Kurla,18.982286,72.894633,delivery,medium,pending,,2024-03-16,12:15,13:45,60,264.09,groceries,Priya Patel,Fragile
STP-100654,R-018,Andheri,19.167618,73.018938,warehouse,medium,pending,,2024-01-18,20:45,20:45,40,15.77,pharmaceuticals,Rahul Mehta,
STP-100655,R-020,Colaba,19.245965,72.957678,pickup,medium,failed,vehicle_issue,2025-04-09,13:15,13:15,49,71.87,groceries,Priya Patel,Urgent delivery
STP-100656,R-016,Thane,18.956957,72.90287,warehouse,low,delayed,,2025-07-25,11:30,12:45,10,363.15,electronics,Sneha Iyer,
STP-100657,R-019,Andheri,18.915893,73.000906,pickup,low,delayed,vehicle_issue,2025-04-21,07:45,13:30,35,438.18,electronics,Priya Patel,Urgent delivery
STP-100658,R-006,Panvel,19.171055,73.096803,delivery,high,delayed,,2025-09-05,12:45,17:00,53,411.08,pharmaceuticals,Sneha Iyer,
STP-100659,R-002,Borivali,19.238754,72.877613,delivery,low,delayed,,2024-05-12,21:15,21:15,43,200.82,groceries,Rahul Mehta,Leave at doorstep
STP-100660,R-019,Colaba,19.189972,72.948647,delivery,high,pending,weather,2024-12-05,20:45,20:45,33,134.66,groceries,Rahul Mehta,
STP-100661,R-006,Bandra,18.97471,72.985897,pickup,high,completed,,2024-08-02,09:45,20:00,9,66.35,electronics,Amit Sharma,Handle with care
STP-100662,R-013,Bandra,19.088045,73.095371,pickup,low,delayed,,2024-04-26,12:30,12:30,33,374.46,electronics,Sneha Iyer,
STP-100663,R-020,Dadar,19.023862,72.888916,pickup,medium,failed,,2025-06-13,11:30,15:00,33,388.24,pharmaceuticals,Amit Sharma,
STP-100664,R-007,Borivali,19.076904,72.902391,delivery,low,pending,,2024-06-12,09:15,11:00,17,408.99,electronics,Rahul Mehta,
STP-100665,R-014,Bandra,19.236752,72.852698,warehouse,high,failed,,2025-09-04,16:00,16:00,9,121.76,pharmaceuticals,Rahul Mehta,Fragile
STP-100666,R-012,Thane,19.136944,72.812836,warehouse,medium,delayed,traffic,2024-09-06,06:30,22:30,54,299.34,furniture,Priya Patel,Fragile
STP-100667,R-003,Bandra,19.273742,72.911954,warehouse,high,completed,,2025-07-02,16:45,17:00,34,178.24,furniture,Sneha Iyer,
STP-100668,R-003,Borivali,19.207484,72.791744,delivery,high,failed,,2024-08-15,08:45,16:45,10,472.78,electronics,Amit Sharma,
STP-100669,R-015,Bandra,18.93897,73.029919,warehouse,low,completed,,2025-08-23,14:00,14:00,47,422.91,pharmaceuticals,Priya Patel,
STP-100670,R-004,Bandra,19.285237,72.826496,pickup,high,failed,,2025-01-17,15:00,16:45,41,374.67,groceries,Sneha Iyer,Leave at doorstep
STP-100671,R-014,Andheri,18.965128,72.813462,delivery,low,failed,vehicle_issue,2025-01-15,21:15,21:15,40,450.35,electronics,Vikram Singh,
STP-100672,R-013,Andheri,19.223687,72.849373,delivery,medium,completed,customer_unavailable,2025-07-29,17:15,17:15,34,81.91,electronics,Vikram Singh,Fragile
STP-100673,R-017,Bandra,18.997877,73.097453,delivery,low,delayed,traffic,2025-06-15,22:00,22:00,55,33.08,groceries,Sneha Iyer,
STP-100674,R-010,Dadar,19.17521,72.92501,warehouse,low,pending,customer_unavailable,2025-12-31,08:15,13:00,25,475.25,pharmaceuticals,Amit Sharma,Handle with care
STP-100675,R-006,Powai,18.946272,72.800548,delivery,low,completed,,2024-02-27,14:15,15:15,46,403.09,groceries,Vikram Singh,
STP-100676,R-005,Andheri,19.212849,72.995722,delivery,medium,delayed,,2024-02-08,12:15,12:15,59,409.56,groceries,Rahul Mehta,
STP-100677,R-018,Colaba,19.040676,73.045221,delivery,medium,delayed,,2025-03-20,19:45,19:45,5,346.34,pharmaceuticals,Sneha Iyer,
STP-100678,R-009,Colaba,19.049629,72.798765,pickup,medium,delayed,weather,2025-03-07,19:15,19:15,47,471.03,pharmaceuticals,Amit Sharma,Fragile
STP-100679,R-011,Dadar,19.227811,72.926508,warehouse,low,failed,,2024-10-01,19:00,19:30,55,469.64,pharmaceuticals,Priya Patel,Call before arrival
STP-100680,R-007,Powai,19.053549,72.89298,pickup,medium,pending,,2024-11-26,15:15,16:15,13,312.25,furniture,Vikram Singh,Handle with care
STP-100681,R-009,Borivali,19.239731,72.855427,delivery,medium,pending,,2025-10-18,18:30,18:30,6,148.52,electronics,Vikram Singh,
STP-100682,R-018,Kurla,19.222552,73.025813,pickup,high,delayed,,2025-09-14,15:00,20:00,56,149.25,pharmaceuticals,Amit Sharma,
STP-100683,R-004,Kurla,19.25188,73.033569,warehouse,medium,failed,,2024-04-30,17:30,17:30,47,262.07,pharmaceuticals,Amit Sharma,
STP-100684,R-017,Colaba,19.183498,73.019098,pickup,high,completed,,2024-04-17,16:00,16:00,32,212.41,furniture,Sneha Iyer,
STP-100685,R-012,Powai,19.045596,72.805234,warehouse,high,pending,,2025-07-03,10:45,13:30,54,206.47,furniture,Rahul Mehta,
STP-100686,R-020,Andheri,19.041764,72.798049,delivery,high,completed,,2024-09-22,08:30,12:45,59,205.0,pharmaceuticals,Amit Sharma,Call before arrival
STP-100687,R-007,Andheri,19.092713,72.989783,pickup,medium,pending,,2025-11-03,22:00,22:00,10,210.41,pharmaceuticals,Sneha Iyer,
STP-100688,R-009,Dadar,19.269767,72.859749,warehouse,low,completed,,2024-12-31,20:00,20:00,17,249.63,furniture,Vikram Singh,Urgent delivery
STP-100689,R-017,Kurla,19.021149,72.798029,warehouse,low,failed,,2025-05-10,20:15,20:15,24,281.2,groceries,Vikram Singh,Urgent delivery
STP-100690,R-014,Andheri,19.028474,73.01089,delivery,low,failed,,2025-07-29,17:00,17:15,29,296.62,furniture,Rahul Mehta,
STP-100691,R-001,Colaba,19.033489,72.924357,delivery,medium,failed,,2024-10-26,22:30,22:30,7,155.64,pharmaceuticals,Amit Sharma,Urgent delivery
STP-100692,R-019,Kurla,19.109991,73.004936,delivery,medium,failed,weather,2025-03-22,14:15,19:45,60,96.59,pharmaceuticals,Sneha Iyer,
STP-100693,R-011,Kurla,18.957384,72.797646,warehouse,high,pending,traffic,2024-05-02,06:00,12:00,43,109.54,groceries,Amit Sharma,
STP-100694,R-005,Thane,19.117413,73.087265,warehouse,medium,delayed,,2024-02-04,08:45,20:30,16,158.96,furniture,Sneha Iyer,
STP-100695,R-020,Powai,19.118583,72.83877,delivery,high,completed,,2024-05-27,18:45,18:45,7,417.16,groceries,Priya Patel,Call before arrival
STP-100696,R-012,Borivali,18.926344,72.787885,warehouse,low,pending,traffic,2024-05-25,06:15,09:45,20,172.33,groceries,Sneha Iyer,Handle with care
STP-100697,R-016,Kurla,19.191639,72.957835,delivery,medium,failed,,2024-02-25,10:15,10:30,24,84.84,groceries,Amit Sharma,
STP-100698,R-007,Thane,18.906758,72.984122,pickup,high,delayed,,2025-08-18,06:45,22:00,44,375.98,electronics,Sneha Iyer,
STP-100699,R-020,Dadar,18.899805,72.98776,pickup,medium,delayed,,2024-08-01,10:00,18:15,47,491.6,furniture,Sneha Iyer,Call before arrival
STP-100700,R-017,Colaba,18.990893,73.061415,delivery,high,completed,,2024-04-19,21:45,21:45,44,428.45,furniture,Priya Patel,
STP-100701,R-009,Borivali,19.0739,72.846722,delivery,medium,failed,,2024-01-17,17:00,17:00,57,133.03,furniture,Sneha Iyer,
STP-100702,R-015,Andheri,19.175655,72.811835,delivery,high,delayed,,2024-02-19,08:00,08:00,44,73.42,pharmaceuticals,Sneha Iyer,
STP-100703,R-007,Borivali,19.022584,72.925601,warehouse,low,delayed,customer_unavailable,2024-03-16,11:45,14:45,54,145.57,electronics,Rahul Mehta,
STP-100704,R-002,Andheri,19.118381,72.985061,pickup,high,delayed,,2024-02-15,16:30,16:30,38,197.71,pharmaceuticals,Rahul Mehta,Urgent delivery
STP-100705,R-011,Bandra,18.935377,73.081966,pickup,medium,completed,,2024-01-10,19:45,19:45,42,401.0,furniture,Rahul Mehta,Leave at doorstep
STP-100706,R-005,Andheri,19.017151,72.847158,warehouse,medium,completed,,2024-05-07,14:30,18:00,59,266.59,electronics,Priya Patel,Call before arrival
STP-100707,R-018,Bandra,19.16604,72.898894,delivery,medium,failed,,2024-06-04,08:00,09:00,36,263.14,pharmaceuticals,Rahul Mehta,Urgent delivery
STP-100708,R-010,Dadar,19.115369,73.099314,pickup,low,completed,,2025-04-27,22:15,22:15,58,267.25,pharmaceuticals,Priya Patel,
STP-100709,R-016,Andheri,19.123074,73.038507,delivery,high,failed,weather,2024-08-05,10:15,18:15,24,173.22,electronics,Priya Patel,Fragile
STP-100710,R-019,Powai,19.060929,72.808361,warehouse,low,completed,,2024-05-29,16:00,18:15,12,140.56,furniture,Sneha Iyer,Call before arrival
STP-100711,R-016,Colaba,19.278181,72.799265,pickup,low,failed,,2024-04-09,06:00,10:15,34,189.25,electronics,Vikram Singh,Call before arrival
STP-100712,R-003,Powai,19.272166,73.028464,warehouse,medium,completed,,2025-03-13,12:30,15:45,32,74.99,pharmaceuticals,Priya Patel,Urgent delivery
STP-100713,R-010,Powai,19.248956,72.987791,warehouse,medium,pending,customer_unavailable,2024-02-29,20:15,20:15,40,458.57,furniture,Amit Sharma,
STP-100714,R-014,Powai,18.922514,73.027359,pickup,low,completed,,2024-07-26,13:00,13:00,49,476.5,electronics,Vikram Singh,Call before arrival
STP-100715,R-012,Dadar,18.925744,73.023102,delivery,high,completed,,2024-01-16,11:15,11:15,20,100.2,electronics,Sneha Iyer,
STP-100716,R-005,Andheri,18.961184,72.943496,delivery,low,failed,vehicle_issue,2025-03-06,09:15,11:45,48,429.76,furniture,Sneha Iyer,
STP-100717,R-010,Dadar,18.98866,73.069541,pickup,low,failed,,2025-05-10,16:00,22:15,32,334.86,pharmaceuticals,Priya Patel,
STP-100718,R-011,Bandra,19.07478,73.002601,warehouse,low,failed,customer_unavailable,2024-03-03,22:00,22:45,11,435.71,electronics,Sneha Iyer,
STP-100719,R-009,Bandra,19.143627,72.904499,delivery,high,failed,,2025-10-27,18:00,18:00,46,413.36,pharmaceuticals,Sneha Iyer,
STP-100720,R-016,Powai,19.194678,72.954051,warehouse,low,delayed,weather,2024-03-03,19:15,19:15,37,318.09,groceries,Rahul Mehta,
STP-100721,R-020,Kurla,18.989908,73.014342,warehouse,low,delayed,,2025-07-06,12:30,19:00,48,137.7,pharmaceuticals,Rahul Mehta,
STP-100722,R-002,Kurla,19.034177,73.071603,delivery,high,failed,,2025-08-03,21:30,21:30,39,54.7,electronics,Priya Patel,Call before arrival
STP-100723,R-006,Panvel,19.054858,72.825056,delivery,high,delayed,,2025-05-27,20:30,20:30,31,465.04,furniture,Amit Sharma,
STP-100724,R-001,Bandra,19.230754,72.791204,warehouse,medium,delayed,,2024-12-31,12:00,15:00,30,118.69,electronics,Amit Sharma,Leave at doorstep
STP-100725,R-015,Colaba,19.284085,72.906627,warehouse,low,completed,,2025-06-25,10:00,10:45,41,16.49,pharmaceuticals,Amit Sharma,
STP-100726,R-013,Kurla,19.029495,72.855115,delivery,high,completed,,2024-12-12,12:30,12:45,5,334.02,furniture,Rahul Mehta,
STP-100727,R-004,Colaba,19.054003,72.877755,pickup,high,delayed,customer_unavailable,2025-06-29,10:30,13:15,57,11.05,electronics,Priya Patel,
STP-100728,R-018,Colaba,18.988238,72.994428,pickup,high,completed,,2025-05-13,20:15,20:15,53,114.89,pharmaceuticals,Rahul Mehta,
STP-100729,R-018,Borivali,19.032933,72.945858,pickup,high,failed,,2025-05-05,07:30,07:30,36,257.53,electronics,Amit Sharma,
STP-100730,R-015,Colaba,19.107227,73.040828,delivery,low,delayed,,2025-05-25,17:45,17:45,32,28.68,furniture,Priya Patel,Urgent delivery
STP-100731,R-010,Kurla,19.295552,72.956001,warehouse,low,failed,,2025-11-01,20:45,21:45,15,272.79,electronics,Sneha Iyer,
STP-100732,R-006,Bandra,19.013658,73.032486,warehouse,low,delayed,,2025-10-05,11:30,17:45,15,347.57,groceries,Sneha Iyer,
STP-100733,R-004,Vashi,18.985477,72.785492,pickup,high,delayed,,2025-11-02,19:45,20:30,45,407.81,furniture,Amit Sharma,Fragile
STP-100734,R-001,Thane,19.024243,72.776251,warehouse,low,pending,vehicle_issue,2024-10-02,15:00,15:00,22,146.16,furniture,Priya Patel,Urgent delivery
STP-100735,R-016,Bandra,19.124683,72.904106,delivery,high,failed,,2024-02-06,16:00,19:00,55,147.73,groceries,Priya Patel,
STP-100736,R-008,Vashi,18.971371,72.960884,warehouse,medium,failed,,2025-06-07,13:00,13:45,35,75.32,furniture,Rahul Mehta,
STP-100737,R-006,Panvel,18.964481,73.033236,warehouse,low,completed,,2024-07-30,17:30,17:30,49,452.43,pharmaceuticals,Priya Patel,
STP-100738,R-003,Andheri,18.960624,73.082681,pickup,high,delayed,traffic,2024-09-09,22:15,22:15,18,262.29,groceries,Rahul Mehta,Urgent delivery
STP-100739,R-013,Andheri,18.909103,73.077407,warehouse,low,delayed,weather,2024-12-27,17:45,17:45,33,449.59,electronics,Priya Patel,
STP-100740,R-005,Bandra,19.083548,72.899872,warehouse,high,pending,,2024-11-30,14:15,19:00,51,440.42,furniture,Priya Patel,Handle with care
STP-100741,R-013,Thane,18.972288,72.874381,delivery,high,completed,customer_unavailable,2024-02-03,16:00,16:00,29,125.55,furniture,Priya Patel,Fragile
STP-100742,R-017,Thane,19.193779,73.091381,pickup,high,pending,,2024-01-26,17:30,17:30,31,343.23,pharmaceuticals,Priya Patel,
STP-100743,R-015,Borivali,19.147067,73.064174,warehouse,low,failed,,2024-11-11,22:15,22:15,23,355.74,pharmaceuticals,Sneha Iyer,Fragile
STP-100744,R-002,Kurla,19.061093,72.927001,warehouse,medium,delayed,,2025-07-28,06:45,06:45,43,459.66,furniture,Vikram Singh,
STP-100745,R-012,Borivali,19.118856,72.815212,pickup,low,pending,,2024-02-26,18:15,18:15,6,24.21,electronics,Vikram Singh,
STP-100746,R-016,Kurla,19.286352,72.9649,warehouse,low,delayed,,2025-12-08,08:00,15:15,15,326.4,furniture,Amit Sharma,
STP-100747,R-009,Andheri,19.28254,72.860652,warehouse,medium,pending,traffic,2024-11-24,06:00,15:45,5,77.84,furniture,Vikram Singh,
STP-100748,R-007,Bandra,18.90276,73.086359,delivery,medium,failed,,2024-05-24,06:00,15:00,37,327.03,groceries,Amit Sharma,
STP-100749,R-006,Colaba,18.922695,73.048703,warehouse,medium,pending,,2024-01-27,10:30,19:45,5,435.37,groceries,Amit Sharma,
STP-100750,R-007,Vashi,18.910778,72.851264,pickup,high,delayed,,2024-11-04,15:00,15:00,34,479.71,electronics,Amit Sharma,
STP-100751,R-002,Thane,19.08864,73.001416,warehouse,medium,failed,traffic,2024-06-30,10:30,10:45,19,81.1,furniture,Sneha Iyer,
STP-100752,R-010,Vashi,19.251513,72.841637,pickup,low,pending,,2025-05-24,18:00,19:15,12,99.32,pharmaceuticals,Amit Sharma,
STP-100753,R-001,Powai,19.095652,73.044718,delivery,low,pending,,2025-11-30,19:00,19:00,31,289.05,electronics,Sneha Iyer,Leave at doorstep
STP-100754,R-008,Colaba,19.282149,73.088113,warehouse,medium,failed,vehicle_issue,2025-12-27,13:00,14:45,58,389.29,groceries,Rahul Mehta,Leave at doorstep
STP-100755,R-018,Colaba,19.180206,73.01565,delivery,high,delayed,,2025-11-02,06:30,06:30,29,319.38,electronics,Vikram Singh,Handle with care
STP-100756,R-012,Kurla,18.900221,72.83059,pickup,low,delayed,weather,2024-07-13,13:15,14:00,46,270.3,groceries,Rahul Mehta,Leave at doorstep
STP-100757,R-010,Vashi,19.061388,73.038401,warehouse,medium,completed,customer_unavailable,2025-11-17,09:45,13:45,58,343.63,electronics,Amit Sharma,Leave at doorstep
STP-100758,R-015,Vashi,19.204044,73.093473,pickup,low,failed,vehicle_issue,2025-11-13,16:15,16:15,19,62.08,groceries,Sneha Iyer,Leave at doorstep
STP-100759,R-017,Thane,18.954165,73.005271,warehouse,low,failed,,2024-08-17,15:15,20:15,8,60.04,furniture,Sneha Iyer,Leave at doorstep
STP-100760,R-010,Kurla,19.213228,72.850751,pickup,low,delayed,customer_unavailable,2025-07-12,09:00,12:30,19,87.0,groceries,Vikram Singh,
STP-100761,R-006,Andheri,19.204241,72.950046,pickup,high,pending,,2024-06-16,19:30,19:30,12,166.96,electronics,Priya Patel,
STP-100762,R-018,Vashi,19.122756,72.849947,pickup,medium,pending,customer_unavailable,2024-03-10,16:00,16:00,31,312.64,pharmaceuticals,Priya Patel,
STP-100763,R-016,Bandra,18.964571,72.934675,warehouse,medium,completed,,2024-10-06,18:45,18:45,57,203.91,electronics,Sneha Iyer,Urgent delivery
STP-100764,R-013,Kurla,19.019922,73.040648,delivery,high,completed,weather,2025-12-03,21:30,21:30,23,84.3,electronics,Priya Patel,Fragile
STP-100765,R-001,Panvel,19.24787,72.915555,warehouse,low,delayed,,2025-02-27,08:00,12:30,50,481.64,groceries,Sneha Iyer,Fragile
STP-100766,R-005,Powai,19.128263,73.048945,pickup,medium,completed,customer_unavailable,2025-02-12,22:30,22:30,44,165.03,groceries,Rahul Mehta,Handle with care
STP-100767,R-010,Thane,19.072011,72.979024,warehouse,medium,pending,vehicle_issue,2025-08-20,07:00,13:15,54,347.77,pharmaceuticals,Amit Sharma,Call before arrival
STP-100768,R-016,Vashi,19.196262,73.061303,pickup,high,completed,,2024-07-26,22:45,22:45,32,275.98,furniture,Rahul Mehta,Handle with care
STP-100769,R-007,Kurla,19.16702,72.984566,warehouse,high,delayed,,2024-05-17,15:30,15:30,42,46.98,pharmaceuticals,Priya Patel,Leave at doorstep
STP-100770,R-011,Panvel,19.164091,72.799432,warehouse,high,failed,,2025-08-26,19:15,22:30,37,481.43,groceries,Amit Sharma,
STP-100771,R-015,Dadar,19.1776,72.868037,delivery,medium,completed,weather,2024-07-22,17:45,17:45,28,494.33,electronics,Vikram Singh,
STP-100772,R-009,Bandra,19.214075,73.095293,delivery,medium,completed,traffic,2024-10-26,09:45,16:45,58,212.76,electronics,Amit Sharma,
STP-100773,R-012,Kurla,19.222834,73.081865,delivery,medium,failed,,2025-03-12,14:30,21:45,53,54.34,pharmaceuticals,Amit Sharma,Fragile
STP-100774,R-005,Bandra,19.146286,72.848571,pickup,medium,pending,,2025-05-08,20:15,20:15,59,414.88,groceries,Rahul Mehta,Leave at doorstep
STP-100775,R-012,Colaba,18.90798,73.061267,warehouse,high,pending,vehicle_issue,2024-02-14,16:00,16:00,14,448.47,furniture,Vikram Singh,Fragile
STP-100776,R-012,Kurla,19.146573,73.00065,warehouse,high,delayed,customer_unavailable,2025-01-15,06:00,11:00,30,432.64,furniture,Sneha Iyer,Urgent delivery
STP-100777,R-003,Vashi,19.241737,72.824512,pickup,low,delayed,,2025-06-17,19:45,19:45,33,297.53,furniture,Sneha Iyer,Leave at doorstep
STP-100778,R-010,Andheri,18.891181,72.848761,warehouse,medium,delayed,,2024-04-29,08:15,19:00,19,22.87,electronics,Amit Sharma,Call before arrival
STP-100779,R-010,Bandra,19.281518,72.77954,delivery,medium,completed,,2024-07-12,15:45,15:45,27,74.17,pharmaceuticals,Amit Sharma,Call before arrival
STP-100780,R-003,Dadar,19.070011,72.976666,pickup,medium,failed,vehicle_issue,2025-07-28,22:00,22:00,27,160.23,pharmaceuticals,Rahul Mehta,Call before arrival
STP-100781,R-008,Kurla,19.06219,72.990047,delivery,high,delayed,,2025-03-12,11:30,19:30,7,75.41,pharmaceuticals,Sneha Iyer,
STP-100782,R-014,Powai,18.972344,73.029043,warehouse,low,failed,traffic,2024-10-16,06:30,18:00,49,470.46,groceries,Sneha Iyer,
STP-100783,R-011,Borivali,19.113953,72.866977,pickup,high,pending,,2025-10-10,19:00,19:00,60,199.83,furniture,Vikram Singh,Call before arrival
STP-100784,R-018,Borivali,19.278343,72.91506,warehouse,high,pending,,2024-07-20,22:00,22:00,13,418.3,furniture,Amit Sharma,Urgent delivery
STP-100785,R-013,Dadar,19.268851,72.875263,warehouse,low,delayed,,2025-04-24,14:30,22:00,25,443.19,pharmaceuticals,Sneha Iyer,
STP-100786,R-010,Andheri,19.28168,73.015964,pickup,high,delayed,,2024-03-19,11:15,13:30,17,93.67,furniture,Sneha Iyer,Call before arrival
STP-100787,R-011,Dadar,19.045325,72.90671,warehouse,high,failed,,2025-08-22,13:30,13:30,32,298.77,electronics,Vikram Singh,
STP-100788,R-013,Borivali,19.127075,72.785269,warehouse,medium,completed,traffic,2024-06-02,10:15,14:45,18,485.19,electronics,Sneha Iyer,
STP-100789,R-002,Dadar,19.107079,72.955335,warehouse,low,completed,,2024-03-11,14:45,14:45,57,118.24,pharmaceuticals,Rahul Mehta,
STP-100790,R-014,Panvel,19.038792,72.87881,delivery,medium,completed,,2025-08-30,19:15,20:30,47,426.27,furniture,Rahul Mehta,Fragile
STP-100791,R-018,Kurla,19.171244,72.873408,pickup,low,pending,,2024-09-02,13:30,15:30,45,247.34,pharmaceuticals,Vikram Singh,Handle with care
STP-100792,R-016,Bandra,19.032187,72.849506,warehouse,medium,failed,,2025-11-15,15:30,20:00,33,6.65,furniture,Priya Patel,Urgent delivery
STP-100793,R-017,Colaba,18.949887,73.030201,warehouse,high,failed,,2024-12-24,06:00,06:45,26,427.22,electronics,Sneha Iyer,
STP-100794,R-018,Powai,19.27297,72.926868,delivery,low,delayed,,2024-03-22,19:00,19:00,42,222.14,groceries,Rahul Mehta,Call before arrival
STP-100795,R-018,Panvel,19.220517,72.774223,pickup,medium,pending,,2024-04-28,16:15,16:15,29,203.41,groceries,Vikram Singh,Call before arrival
STP-100796,R-003,Thane,19.204867,73.064517,pickup,medium,pending,,2024-12-04,06:30,07:15,23,170.14,pharmaceuticals,Priya Patel,Urgent delivery
STP-100797,R-020,Dadar,19.067829,72.902094,pickup,high,completed,weather,2024-03-07,22:30,22:30,47,132.98,pharmaceuticals,Amit Sharma,Call before arrival
STP-100798,R-002,Thane,18.94168,72.895437,warehouse,medium,completed,,2025-08-10,19:15,19:15,41,416.68,furniture,Priya Patel,Call before arrival
STP-100799,R-011,Vashi,19.299979,72.870201,delivery,low,failed,,2025-07-05,08:30,17:00,17,458.69,groceries,Sneha Iyer,Leave at doorstep
STP-100800,R-010,Vashi,19.124098,72.83162,pickup,medium,delayed,,2024-11-07,06:00,10:00,9,95.52,furniture,Sneha Iyer,Fragile
STP-100801,R-013,Panvel,19.279142,73.081806,warehouse,medium,pending,,2025-07-18,22:30,22:30,13,319.11,furniture,Amit Sharma,
STP-100802,R-012,Dadar,19.283988,72.85908,warehouse,high,failed,weather,2025-08-13,12:30,13:30,50,170.29,furniture,Amit Sharma,
STP-100803,R-002,Vashi,19.254685,72.877516,warehouse,high,completed,,2024-12-07,14:00,14:00,8,319.16,furniture,Priya Patel,
STP-100804,R-002,Colaba,19.264837,72.817971,pickup,high,delayed,,2024-02-22,17:15,20:30,30,209.81,pharmaceuticals,Sneha Iyer,Handle with care
STP-100805,R-018,Bandra,18.947988,73.029638,delivery,high,delayed,traffic,2024-12-04,19:30,19:30,5,309.43,pharmaceuticals,Sneha Iyer,Urgent delivery
STP-100806,R-005,Powai,19.092621,72.978815,warehouse,high,delayed,,2025-03-20,15:30,15:30,14,446.79,pharmaceuticals,Priya Patel,
STP-100807,R-016,Kurla,19.238157,72.961589,pickup,medium,failed,,2025-08-24,21:30,21:30,54,217.65,groceries,Amit Sharma,
STP-100808,R-011,Kurla,19.169053,72.789708,delivery,low,pending,weather,2025-11-16,21:30,21:30,38,196.37,furniture,Amit Sharma,Leave at doorstep
STP-100809,R-020,Bandra,19.017697,72.927789,warehouse,high,delayed,,2025-12-24,17:00,21:00,49,365.01,pharmaceuticals,Vikram Singh,Leave at doorstep
STP-100810,R-016,Kurla,19.148787,73.090131,warehouse,low,completed,,2024-04-08,15:00,15:00,48,355.51,groceries,Vikram Singh,
STP-100811,R-018,Dadar,19.250253,73.040982,delivery,low,completed,weather,2024-03-30,11:30,22:30,38,487.08,groceries,Amit Sharma,Handle with care
STP-100812,R-013,Vashi,19.102171,72.803436,pickup,low,failed,,2024-05-22,11:00,17:00,40,77.7,electronics,Amit Sharma,Call before arrival
STP-100813,R-008,Borivali,19.146253,73.037115,pickup,high,completed,,2025-03-01,19:30,19:30,48,221.63,electronics,Sneha Iyer,Handle with care
STP-100814,R-010,Borivali,18.991431,72.825769,pickup,low,pending,weather,2025-07-24,21:30,21:30,30,169.21,furniture,Vikram Singh,
STP-100815,R-007,Andheri,19.287753,72.773684,pickup,high,failed,customer_unavailable,2024-11-02,15:00,17:15,43,167.5,groceries,Amit Sharma,Fragile
STP-100816,R-003,Bandra,19.077837,72.905397,pickup,high,failed,,2025-07-11,09:15,19:00,47,491.06,groceries,Sneha Iyer,Leave at doorstep
STP-100817,R-010,Thane,18.998418,72.953397,warehouse,low,pending,traffic,2024-09-11,22:00,22:00,34,289.6,groceries,Priya Patel,
STP-100818,R-004,Vashi,18.964592,72.835332,delivery,high,completed,customer_unavailable,2024-02-09,20:30,20:30,30,368.71,electronics,Amit Sharma,
STP-100819,R-004,Borivali,19.209047,73.06302,delivery,medium,pending,,2025-10-02,06:00,17:00,36,344.15,furniture,Vikram Singh,Fragile
STP-100820,R-008,Colaba,19.283744,72.889449,warehouse,low,pending,,2025-11-08,10:00,19:30,22,135.44,groceries,Sneha Iyer,Fragile
STP-100821,R-010,Vashi,19.268163,72.899808,pickup,low,failed,weather,2025-06-04,06:30,21:15,45,112.55,groceries,Amit Sharma,
STP-100822,R-015,Dadar,19.100027,73.028501,pickup,low,pending,,2024-05-04,16:00,16:00,53,476.76,electronics,Vikram Singh,
STP-100823,R-014,Dadar,19.045838,72.966758,pickup,medium,failed,vehicle_issue,2025-10-07,06:15,21:15,21,60.04,groceries,Vikram Singh,
STP-100824,R-017,Colaba,18.939765,72.789002,pickup,high,failed,,2025-04-08,07:15,08:15,41,390.17,groceries,Rahul Mehta,
STP-100825,R-014,Kurla,19.227851,72.995497,warehouse,high,pending,vehicle_issue,2025-10-09,20:45,20:45,52,66.26,groceries,Amit Sharma,
STP-100826,R-004,Borivali,18.961996,72.865503,pickup,low,pending,customer_unavailable,2024-05-31,11:00,11:00,5,176.9,electronics,Rahul Mehta,Urgent delivery
STP-100827,R-002,Panvel,19.128757,72.932418,pickup,high,delayed,,2025-02-19,13:15,13:15,18,14.44,pharmaceuticals,Rahul Mehta,Call before arrival
STP-100828,R-003,Powai,18.962704,72.833515,warehouse,medium,pending,,2024-05-04,09:00,09:00,53,132.96,groceries,Rahul Mehta,
STP-100829,R-013,Thane,18.90851,72.999468,warehouse,medium,completed,,2024-12-23,06:45,21:00,19,437.55,groceries,Amit Sharma,Leave at doorstep
STP-100830,R-005,Powai,19.241786,72.894185,delivery,medium,failed,,2024-03-06,21:45,21:45,15,184.23,pharmaceuticals,Sneha Iyer,Leave at doorstep
STP-100831,R-015,Powai,19.294698,72.775228,delivery,low,failed,,2025-11-17,21:30,21:30,20,289.08,electronics,Priya Patel,Call before arrival
STP-100832,R-001,Kurla,19.291486,73.019741,pickup,low,delayed,,2025-03-11,14:00,14:00,33,458.36,furniture,Sneha Iyer,Fragile
STP-100833,R-004,Colaba,19.217788,72.855205,delivery,high,failed,,2024-08-28,08:45,16:30,30,329.33,groceries,Amit Sharma,Handle with care
STP-100834,R-019,Powai,19.044325,72.858855,warehouse,high,failed,,2025-07-22,07:45,07:45,29,166.61,groceries,Vikram Singh,
STP-100835,R-013,Powai,19.043021,72.87597,pickup,medium,delayed,,2025-08-19,15:15,18:00,59,112.65,furniture,Priya Patel,
STP-100836,R-003,Kurla,18.926108,72.921481,pickup,medium,pending,vehicle_issue,2024-10-13,18:45,18:45,38,179.55,furniture,Vikram Singh,Leave at doorstep
STP-100837,R-018,Dadar,19.29223,72.945373,warehouse,low,delayed,,2025-02-04,21:45,21:45,49,342.7,furniture,Priya Patel,
STP-100838,R-011,Panvel,19.294455,73.009689,warehouse,high,completed,vehicle_issue,2025-02-09,18:15,18:15,57,433.37,pharmaceuticals,Amit Sharma,Fragile
STP-100839,R-019,Powai,19.107636,72.816014,pickup,high,completed,,2024-08-09,17:45,17:45,7,459.2,pharmaceuticals,Priya Patel,
STP-100840,R-002,Colaba,19.065081,72.912336,pickup,high,pending,,2024-03-11,15:00,19:00,10,104.87,groceries,Amit Sharma,
STP-100841,R-011,Kurla,19.093429,72.958387,delivery,medium,pending,,2025-10-13,10:15,15:45,37,29.61,electronics,Vikram Singh,
STP-100842,R-004,Kurla,19.250652,72.933303,delivery,low,pending,,2024-08-13,13:00,21:15,60,24.0,pharmaceuticals,Priya Patel,
STP-100843,R-017,Andheri,19.220126,73.005812,pickup,high,delayed,vehicle_issue,2024-02-25,20:45,20:45,38,113.6,pharmaceuticals,Sneha Iyer,
STP-100844,R-003,Dadar,18.927316,73.071655,pickup,medium,delayed,,2025-07-26,18:15,18:15,16,302.8,furniture,Sneha Iyer,
STP-100845,R-012,Colaba,19.175975,73.052972,delivery,medium,delayed,,2024-05-04,15:45,16:45,17,305.61,pharmaceuticals,Priya Patel,Leave at doorstep
STP-100846,R-002,Thane,18.893138,73.036815,delivery,low,delayed,,2025-11-03,08:45,20:45,8,326.03,electronics,Amit Sharma,
STP-100847,R-013,Kurla,19.017576,72.971533,pickup,low,failed,,2024-04-19,07:45,14:15,26,408.72,pharmaceuticals,Rahul Mehta,
STP-100848,R-018,Vashi,19.010066,72.984902,pickup,low,completed,,2024-09-16,19:45,19:45,6,225.17,furniture,Priya Patel,
STP-100849,R-014,Colaba,19.27036,73.092002,pickup,medium,completed,,2025-11-11,14:00,14:00,54,106.17,groceries,Sneha Iyer,
STP-100850,R-006,Dadar,18.941519,72.960679,warehouse,high,completed,,2024-02-25,16:15,16:15,43,133.56,furniture,Vikram Singh,Leave at doorstep
STP-100851,R-013,Andheri,19.137362,72.972703,delivery,medium,delayed,,2024-04-28,15:45,18:30,40,240.64,pharmaceuticals,Rahul Mehta,
STP-100852,R-009,Bandra,19.172564,72.812202,warehouse,high,pending,traffic,2024-04-30,12:30,22:15,44,74.74,electronics,Rahul Mehta,
STP-100853,R-016,Dadar,19.10973,72.970471,pickup,low,delayed,weather,2025-04-23,06:45,06:45,27,189.07,groceries,Vikram Singh,
STP-100854,R-001,Colaba,18.967663,73.016135,pickup,high,completed,traffic,2025-12-08,16:45,16:45,10,63.52,groceries,Priya Patel,
STP-100855,R-014,Bandra,18.973745,72.930629,delivery,high,completed,,2024-07-28,20:45,20:45,24,437.83,pharmaceuticals,Rahul Mehta,Leave at doorstep
STP-100856,R-012,Vashi,18.931679,73.038988,pickup,high,failed,,2025-12-11,20:15,20:15,6,463.11,groceries,Amit Sharma,
STP-100857,R-013,Borivali,19.013929,73.098897,delivery,low,completed,,2024-02-07,13:00,16:30,37,227.23,electronics,Amit Sharma,
STP-100858,R-019,Thane,19.085229,73.025584,pickup,high,delayed,,2024-11-05,06:15,06:30,53,399.89,electronics,Priya Patel,Call before arrival
STP-100859,R-002,Colaba,19.206545,73.036758,delivery,medium,failed,customer_unavailable,2024-01-24,09:30,10:00,28,32.9,electronics,Rahul Mehta,Leave at doorstep
STP-100860,R-002,Bandra,19.002306,72.807834,delivery,low,pending,,2024-02-09,09:15,12:30,37,94.28,electronics,Rahul Mehta,
STP-100861,R-016,Powai,19.225468,72.928527,delivery,high,failed,,2025-06-11,14:15,14:15,43,362.88,groceries,Vikram Singh,
STP-100862,R-007,Bandra,19.04982,72.995356,warehouse,medium,delayed,,2025-03-15,15:00,15:00,53,499.73,pharmaceuticals,Vikram Singh,Urgent delivery
STP-100863,R-016,Kurla,18.951261,72.775478,pickup,low,completed,,2024-04-22,14:15,14:15,30,38.16,electronics,Amit Sharma,Handle with care
STP-100864,R-001,Andheri,19.181263,73.046251,delivery,low,delayed,,2025-09-05,13:30,18:00,8,47.55,groceries,Priya Patel,Call before arrival
STP-100865,R-016,Dadar,19.057686,73.052117,warehouse,low,completed,,2024-11-03,14:00,21:15,6,202.62,groceries,Amit Sharma,
STP-100866,R-009,Thane,19.195675,73.064807,delivery,high,delayed,vehicle_issue,2024-04-01,22:30,22:30,59,415.34,pharmaceuticals,Priya Patel,
STP-100867,R-020,Powai,19.039139,72.852509,delivery,high,pending,,2025-04-17,10:45,18:00,57,433.66,furniture,Vikram Singh,Urgent delivery
STP-100868,R-011,Panvel,19.007227,72.8206,warehouse,medium,failed,,2025-03-05,20:00,20:00,49,267.85,pharmaceuticals,Rahul Mehta,Leave at doorstep
STP-100869,R-003,Dadar,19.202732,73.0086,pickup,high,completed,,2025-03-07,07:30,12:30,33,311.63,electronics,Rahul Mehta,
STP-100870,R-013,Bandra,18.913509,72.830228,pickup,medium,failed,,2024-06-26,08:30,19:15,50,438.14,pharmaceuticals,Rahul Mehta,
STP-100871,R-015,Bandra,18.895214,72.835723,warehouse,low,failed,,2024-11-30,21:00,22:00,58,58.69,furniture,Rahul Mehta,
STP-100872,R-020,Thane,19.042808,72.922901,warehouse,medium,completed,,2024-02-16,08:30,08:30,29,283.52,pharmaceuticals,Amit Sharma,Handle with care
STP-100873,R-015,Bandra,19.104214,72.930078,pickup,high,delayed,vehicle_issue,2025-01-19,10:45,20:15,37,368.82,electronics,Amit Sharma,Call before arrival
STP-100874,R-004,Bandra,18.919339,72.91076,pickup,medium,delayed,,2025-02-12,21:00,21:00,32,463.87,electronics,Priya Patel,Handle with care
STP-100875,R-004,Borivali,19.194915,73.019901,pickup,medium,delayed,,2024-01-23,09:00,21:30,39,283.22,pharmaceuticals,Vikram Singh,
STP-100876,R-007,Powai,19.200383,73.065492,delivery,medium,completed,,2025-08-28,14:30,19:15,33,292.31,electronics,Priya Patel,
STP-100877,R-007,Andheri,18.899247,73.04905,pickup,low,pending,weather,2025-01-04,08:45,08:45,5,295.22,groceries,Rahul Mehta,Fragile
STP-100878,R-009,Bandra,19.241156,73.052085,delivery,high,delayed,,2024-03-21,08:45,08:45,58,225.69,electronics,Amit Sharma,Handle with care
STP-100879,R-002,Andheri,19.052434,72.938197,delivery,medium,pending,traffic,2024-10-11,15:15,15:15,20,467.1,furniture,Priya Patel,
STP-100880,R-017,Vashi,19.088886,73.041554,delivery,low,completed,,2024-01-30,10:00,12:30,46,260.12,pharmaceuticals,Rahul Mehta,
STP-100881,R-010,Colaba,19.289406,73.00012,pickup,high,delayed,,2025-07-16,12:15,21:00,45,180.07,pharmaceuticals,Amit Sharma,Handle with care
STP-100882,R-001,Andheri,19.107559,72.830023,delivery,low,delayed,weather,2025-12-17,15:30,15:30,13,64.07,pharmaceuticals,Vikram Singh,
STP-100883,R-005,Kurla,19.185369,73.087438,pickup,high,completed,,2024-04-15,16:15,16:15,8,382.46,groceries,Vikram Singh,Handle with care
STP-100884,R-011,Panvel,19.188883,72.932871,pickup,high,delayed,customer_unavailable,2024-04-17,18:00,18:00,26,482.62,electronics,Vikram Singh,
STP-100885,R-018,Colaba,19.202296,73.0964,warehouse,high,completed,,2025-09-23,09:00,11:30,22,471.0,electronics,Amit Sharma,
STP-100886,R-003,Kurla,19.136418,72.95375,warehouse,medium,delayed,,2024-03-31,10:15,15:30,30,287.63,pharmaceuticals,Rahul Mehta,
STP-100887,R-004,Thane,19.298482,72.848634,warehouse,low,completed,weather,2024-07-11,19:00,19:00,11,349.99,groceries,Priya Patel,Urgent delivery
STP-100888,R-018,Dadar,18.952397,72.859513,pickup,medium,failed,,2025-01-09,08:00,12:15,55,407.31,pharmaceuticals,Vikram Singh,Call before arrival
STP-100889,R-018,Andheri,19.133563,72.927866,pickup,low,completed,,2024-07-17,22:00,22:00,35,26.64,furniture,Priya Patel,Leave at doorstep
STP-100890,R-013,Thane,18.904538,73.070796,warehouse,low,delayed,,2025-11-24,17:30,17:30,25,204.83,furniture,Rahul Mehta,Call before arrival
STP-100891,R-010,Vashi,19.234563,73.028342,delivery,medium,delayed,,2024-06-29,13:00,17:30,33,170.06,pharmaceuticals,Priya Patel,
STP-100892,R-016,Borivali,19.024933,73.091891,pickup,low,pending,traffic,2025-01-05,10:30,10:30,41,56.28,pharmaceuticals,Amit Sharma,
STP-100893,R-012,Powai,19.13754,72.81949,delivery,medium,failed,,2025-04-20,19:30,19:30,32,275.82,pharmaceuticals,Amit Sharma,Handle with care
STP-100894,R-011,Andheri,19.259164,73.013423,pickup,low,delayed,,2025-11-28,13:00,16:00,39,351.25,furniture,Amit Sharma,Leave at doorstep
STP-100895,R-001,Vashi,18.988141,73.02478,pickup,high,delayed,,2025-12-11,17:45,19:45,15,143.95,furniture,Priya Patel,
STP-100896,R-011,Kurla,18.991787,72.980637,pickup,medium,failed,,2025-10-04,10:00,13:15,59,164.2,furniture,Vikram Singh,
STP-100897,R-005,Panvel,19.203143,72.842672,delivery,high,completed,,2024-08-08,12:30,21:15,33,379.45,pharmaceuticals,Vikram Singh,
STP-100898,R-020,Vashi,19.042894,72.97149,warehouse,medium,delayed,,2025-09-17,14:45,21:30,18,350.22,groceries,Rahul Mehta,Call before arrival
STP-100899,R-014,Borivali,19.267597,72.835112,pickup,low,delayed,,2025-01-25,15:45,15:45,49,86.02,electronics,Sneha Iyer,Leave at doorstep
STP-100900,R-010,Colaba,19.189795,72.966559,warehouse,high,pending,vehicle_issue,2025-02-26,07:30,21:30,50,152.55,groceries,Vikram Singh,Call before arrival
STP-100901,R-006,Andheri,19.249859,72.967732,warehouse,high,failed,,2024-02-20,14:15,14:30,52,383.33,pharmaceuticals,Rahul Mehta,Call before arrival
STP-100902,R-011,Andheri,19.064948,72.944305,warehouse,low,completed,,2024-02-17,17:45,17:45,11,363.4,electronics,Priya Patel,
STP-100903,R-009,Borivali,19.129094,72.807505,delivery,high,pending,,2025-02-21,17:15,18:00,5,398.99,electronics,Priya Patel,
STP-100904,R-020,Thane,19.131379,73.097853,delivery,high,failed,weather,2024-11-19,12:30,13:00,12,226.56,electronics,Sneha Iyer,Urgent delivery
STP-100905,R-019,Bandra,19.131055,72.960122,delivery,low,delayed,,2024-09-02,13:45,13:45,58,179.59,groceries,Rahul Mehta,Call before arrival
STP-100906,R-020,Borivali,19.28911,72.833913,pickup,medium,completed,,2024-02-01,18:30,21:30,47,413.29,groceries,Priya Patel,
STP-100907,R-011,Dadar,19.023815,72.808515,pickup,low,pending,vehicle_issue,2025-12-23,12:15,12:15,51,78.64,pharmaceuticals,Amit Sharma,Leave at doorstep
STP-100908,R-008,Dadar,18.904527,72.967164,warehouse,medium,completed,,2024-07-24,21:30,21:30,23,257.57,electronics,Sneha Iyer,Urgent delivery
STP-100909,R-001,Powai,19.294829,73.044806,delivery,medium,failed,,2024-06-07,14:30,14:30,32,392.99,furniture,Vikram Singh,
STP-100910,R-011,Andheri,18.937549,72.770086,warehouse,low,completed,customer_unavailable,2024-05-15,12:45,12:45,5,311.09,electronics,Vikram Singh,
STP-100911,R-018,Colaba,19.253363,72.883837,pickup,medium,pending,,2025-08-29,08:30,18:15,25,49.43,pharmaceuticals,Priya Patel,Fragile
STP-100912,R-019,Bandra,19.170546,72.820815,warehouse,high,delayed,,2025-09-19,22:45,22:45,6,485.9,pharmaceuticals,Priya Patel,Leave at doorstep
STP-100913,R-003,Bandra,19.268345,72.991283,pickup,medium,completed,,2024-03-24,08:00,17:00,50,310.07,furniture,Sneha Iyer,
STP-100914,R-009,Powai,19.133987,72.957264,delivery,low,pending,,2025-07-08,17:30,17:30,36,443.22,groceries,Sneha Iyer,
STP-100915,R-020,Andheri,19.160807,73.012738,delivery,low,completed,,2024-04-06,14:30,22:15,33,120.19,furniture,Rahul Mehta,
STP-100916,R-005,Borivali,18.972062,73.030338,warehouse,high,completed,traffic,2025-07-22,06:30,11:00,7,34.92,electronics,Priya Patel,Handle with care
STP-100917,R-020,Andheri,19.017365,72.853916,delivery,low,pending,weather,2024-04-16,16:15,16:15,39,387.16,furniture,Vikram Singh,
STP-100918,R-012,Panvel,19.222278,72.910211,pickup,low,pending,traffic,2025-08-21,14:00,14:00,21,184.42,furniture,Priya Patel,
STP-100919,R-013,Panvel,18.905202,72.809074,warehouse,high,completed,,2025-10-08,17:15,17:15,52,82.41,pharmaceuticals,Priya Patel,
STP-100920,R-011,Kurla,19.228279,73.057219,pickup,high,delayed,,2025-11-07,16:30,16:30,8,138.8,groceries,Amit Sharma,
STP-100921,R-020,Borivali,19.199285,72.973178,delivery,medium,completed,,2024-04-18,20:15,20:15,15,54.1,pharmaceuticals,Sneha Iyer,
STP-100922,R-014,Colaba,19.234337,72.799536,pickup,medium,completed,,2025-11-21,11:45,22:30,48,185.5,pharmaceuticals,Rahul Mehta,Handle with care
STP-100923,R-013,Borivali,19.175041,72.974891,warehouse,high,failed,vehicle_issue,2024-08-28,09:30,09:30,46,386.84,electronics,Sneha Iyer,
STP-100924,R-014,Andheri,18.988552,72.943642,pickup,low,completed,,2025-01-04,08:15,18:15,30,353.18,electronics,Sneha Iyer,
STP-100925,R-008,Borivali,19.195608,72.812013,delivery,high,completed,,2024-09-21,22:15,22:15,31,233.13,furniture,Amit Sharma,
STP-100926,R-016,Panvel,18.89289,72.947529,warehouse,high,failed,,2025-10-30,17:30,17:30,5,195.38,furniture,Vikram Singh,Urgent delivery
STP-100927,R-019,Thane,19.153694,73.068227,delivery,high,completed,traffic,2024-02-11,06:00,19:15,31,160.52,pharmaceuticals,Amit Sharma,
STP-100928,R-005,Vashi,19.139446,72.991619,warehouse,medium,delayed,,2025-10-02,20:00,20:00,30,210.52,electronics,Sneha Iyer,Handle with care
STP-100929,R-017,Kurla,18.992888,72.842983,delivery,high,failed,,2025-11-10,21:45,21:45,19,399.57,pharmaceuticals,Vikram Singh,
STP-100930,R-010,Thane,19.019879,72.994981,delivery,medium,delayed,,2025-07-23,10:15,10:15,51,343.77,electronics,Rahul Mehta,Fragile
STP-100931,R-004,Colaba,19.280733,73.0922,pickup,medium,pending,weather,2025-09-16,08:30,21:00,53,475.24,electronics,Sneha Iyer,
STP-100932,R-003,Powai,19.197304,73.002424,warehouse,low,failed,traffic,2024-03-19,14:45,14:45,26,123.48,electronics,Priya Patel,
STP-100933,R-002,Vashi,18.977584,72.866024,delivery,medium,pending,traffic,2025-03-18,22:15,22:15,25,170.19,pharmaceuticals,Rahul Mehta,
STP-100934,R-010,Thane,19.217899,72.968265,delivery,high,delayed,,2025-02-19,10:45,19:30,49,245.45,furniture,Vikram Singh,
STP-100935,R-003,Andheri,19.219689,72.823565,delivery,medium,pending,,2025-06-03,19:30,22:15,34,310.46,pharmaceuticals,Priya Patel,
STP-100936,R-010,Andheri,19.074515,72.994228,delivery,low,completed,traffic,2025-11-13,07:45,08:45,44,203.29,groceries,Rahul Mehta,Fragile
STP-100937,R-009,Powai,18.9654,72.923444,warehouse,high,completed,,2025-08-23,21:15,21:15,11,139.93,pharmaceuticals,Vikram Singh,
STP-100938,R-014,Powai,19.072263,72.774323,delivery,medium,failed,,2025-01-16,21:00,21:00,33,198.31,electronics,Priya Patel,Urgent delivery
STP-100939,R-011,Dadar,19.299617,73.026428,pickup,medium,failed,,2024-02-25,19:00,19:00,44,28.65,furniture,Priya Patel,Fragile
STP-100940,R-006,Thane,19.184251,73.093189,warehouse,high,pending,,2025-10-16,11:30,17:45,48,88.45,pharmaceuticals,Rahul Mehta,Leave at doorstep
STP-100941,R-020,Kurla,19.27195,72.994384,pickup,low,completed,weather,2024-11-30,19:30,19:30,25,392.19,groceries,Sneha Iyer,Leave at doorstep
STP-100942,R-016,Borivali,19.272981,72.913904,pickup,low,failed,,2025-10-25,21:45,22:00,7,48.15,groceries,Vikram Singh,
STP-100943,R-015,Vashi,19.295503,72.869209,warehouse,high,completed,,2025-09-21,13:30,13:30,26,345.8,electronics,Rahul Mehta,
STP-100944,R-019,Powai,19.190744,73.047472,warehouse,high,failed,,2024-04-18,17:30,17:30,16,371.11,electronics,Amit Sharma,Fragile
STP-100945,R-007,Borivali,19.133043,72.95617,delivery,low,delayed,,2024-07-01,11:00,17:15,53,43.42,furniture,Rahul Mehta,Urgent delivery
STP-100946,R-002,Dadar,18.999436,72.958314,warehouse,low,failed,vehicle_issue,2025-04-11,14:30,14:30,6,90.14,groceries,Sneha Iyer,Urgent delivery
STP-100947,R-014,Andheri,18.948505,73.052988,warehouse,low,failed,,2025-06-22,15:00,15:00,20,462.82,pharmaceuticals,Vikram Singh,
STP-100948,R-002,Colaba,19.022787,73.012911,warehouse,medium,completed,customer_unavailable,2024-04-01,14:15,20:30,39,203.67,groceries,Sneha Iyer,
STP-100949,R-018,Colaba,19.247131,72.844557,pickup,medium,completed,,2024-06-21,17:15,17:15,37,31.56,furniture,Vikram Singh,Leave at doorstep
STP-100950,R-018,Andheri,19.128262,72.927628,warehouse,high,completed,traffic,2024-05-10,10:15,10:15,32,461.69,groceries,Priya Patel,Urgent delivery
STP-100951,R-003,Vashi,19.270666,72.960783,pickup,medium,delayed,,2024-12-05,10:30,11:45,47,395.92,groceries,Sneha Iyer,Leave at doorstep
STP-100952,R-003,Kurla,19.294979,73.044395,delivery,medium,failed,traffic,2024-01-22,06:15,13:45,51,54.36,pharmaceuticals,Rahul Mehta,Urgent delivery
STP-100953,R-011,Borivali,19.092004,72.912983,pickup,medium,completed,,2025-10-02,18:15,18:15,30,22.42,pharmaceuticals,Vikram Singh,
STP-100954,R-012,Bandra,19.014198,72.814669,delivery,low,failed,traffic,2024-09-10,22:15,22:15,55,361.63,groceries,Sneha Iyer,
STP-100955,R-003,Powai,18.939603,72.797811,delivery,medium,completed,,2025-04-11,21:15,21:15,57,397.02,furniture,Priya Patel,
STP-100956,R-012,Powai,18.99298,73.040182,warehouse,high,completed,vehicle_issue,2025-12-09,21:00,21:00,59,409.6,pharmaceuticals,Sneha Iyer,
STP-100957,R-007,Kurla,19.219477,73.02262,warehouse,high,completed,customer_unavailable,2024-06-02,18:15,18:15,15,180.7,pharmaceuticals,Vikram Singh,
STP-100958,R-020,Andheri,19.026687,73.013382,delivery,low,delayed,,2025-05-14,21:00,21:00,49,7.52,electronics,Vikram Singh,Leave at doorstep
STP-100959,R-004,Powai,19.290954,72.887395,warehouse,medium,completed,weather,2025-06-06,19:30,19:30,19,353.77,pharmaceuticals,Vikram Singh,
STP-100960,R-016,Andheri,19.094391,72.891608,warehouse,low,failed,,2025-02-10,14:30,16:15,60,476.37,pharmaceuticals,Vikram Singh,
STP-100961,R-007,Dadar,19.066127,73.093711,pickup,medium,failed,,2024-05-07,14:45,14:45,55,132.52,electronics,Priya Patel,Handle with care
STP-100962,R-016,Andheri,19.009282,73.018445,warehouse,low,pending,,2024-07-13,14:45,14:45,38,113.32,groceries,Vikram Singh,Fragile
STP-100963,R-018,Thane,19.247326,72.981194,delivery,medium,delayed,vehicle_issue,2025-07-22,19:00,19:00,52,205.02,groceries,Sneha Iyer,Leave at doorstep
STP-100964,R-008,Panvel,19.276994,72.872558,warehouse,medium,pending,vehicle_issue,2024-11-20,10:30,12:45,29,228.08,furniture,Rahul Mehta,Call before arrival
STP-100965,R-015,Andheri,19.134058,72.981921,pickup,high,pending,weather,2025-09-07,08:45,10:15,45,60.7,groceries,Priya Patel,Call before arrival
STP-100966,R-005,Andheri,19.270083,73.049793,pickup,medium,delayed,traffic,2025-05-29,06:00,20:45,55,302.86,groceries,Vikram Singh,
STP-100967,R-019,Panvel,19.296411,73.002855,warehouse,high,failed,,2024-07-22,11:00,22:45,21,257.79,electronics,Vikram Singh,
STP-100968,R-014,Panvel,19.101869,72.987588,warehouse,medium,failed,traffic,2024-04-11,09:00,16:00,55,77.84,pharmaceuticals,Sneha Iyer,
STP-100969,R-006,Andheri,19.237239,72.814575,warehouse,high,pending,,2024-08-12,07:15,07:45,23,81.24,pharmaceuticals,Amit Sharma,
STP-100970,R-008,Borivali,19.012388,72.904154,pickup,low,pending,,2025-08-13,17:15,17:15,11,315.03,groceries,Amit Sharma,
STP-100971,R-002,Borivali,19.272328,73.02013,warehouse,high,failed,customer_unavailable,2024-03-29,17:00,17:00,58,43.05,electronics,Vikram Singh,Fragile
STP-100972,R-001,Dadar,19.143812,72.999403,pickup,high,failed,customer_unavailable,2025-07-04,11:30,22:45,24,268.94,pharmaceuticals,Vikram Singh,
STP-100973,R-002,Colaba,19.01472,72.897021,warehouse,low,failed,customer_unavailable,2025-08-31,12:30,21:15,24,104.7,furniture,Priya Patel,
STP-100974,R-010,Colaba,19.241395,72.933668,delivery,high,pending,vehicle_issue,2024-05-02,08:15,08:15,26,265.91,pharmaceuticals,Priya Patel,
STP-100975,R-008,Andheri,18.933001,72.988363,pickup,high,pending,,2024-10-06,10:00,22:00,16,143.75,pharmaceuticals,Vikram Singh,
STP-100976,R-016,Colaba,19.049998,72.931749,warehouse,medium,pending,customer_unavailable,2024-10-24,15:15,15:15,16,360.08,groceries,Sneha Iyer,Call before arrival
STP-100977,R-010,Dadar,19.136735,73.078578,warehouse,low,delayed,,2025-03-21,14:00,14:00,29,95.36,pharmaceuticals,Priya Patel,
STP-100978,R-014,Powai,18.930712,72.983262,delivery,low,completed,weather,2024-12-31,22:30,22:30,7,57.45,groceries,Amit Sharma,
STP-100979,R-003,Panvel,19.032536,72.942493,pickup,medium,delayed,,2024-11-03,09:00,16:15,29,160.89,electronics,Priya Patel,
STP-100980,R-020,Dadar,19.225435,72.963101,delivery,low,pending,,2024-08-22,13:15,22:45,41,187.68,furniture,Sneha Iyer,
STP-100981,R-004,Panvel,19.209388,72.777108,warehouse,medium,failed,,2024-08-25,13:30,13:30,24,161.49,pharmaceuticals,Amit Sharma,Leave at doorstep
STP-100982,R-016,Borivali,19.124733,72.854463,pickup,high,delayed,,2024-04-10,10:30,12:30,26,217.33,pharmaceuticals,Amit Sharma,
STP-100983,R-017,Vashi,19.172923,72.774713,delivery,medium,pending,,2024-10-14,22:30,22:30,45,419.89,electronics,Amit Sharma,Call before arrival
STP-100984,R-004,Powai,19.252069,72.862069,warehouse,low,completed,traffic,2025-12-11,09:15,15:00,26,397.24,electronics,Sneha Iyer,Call before arrival
STP-100985,R-016,Andheri,19.085088,72.993054,warehouse,low,completed,,2025-10-25,07:00,07:00,34,403.5,furniture,Priya Patel,
STP-100986,R-018,Powai,19.179701,73.08739,warehouse,low,delayed,,2025-02-24,21:00,21:00,28,12.87,furniture,Priya Patel,Call before arrival
STP-100987,R-013,Andheri,19.155421,73.012609,warehouse,high,failed,customer_unavailable,2025-01-01,20:30,20:30,55,166.62,groceries,Priya Patel,
STP-100988,R-013,Vashi,18.974009,72.895891,delivery,high,delayed,,2024-03-31,20:00,20:00,55,254.88,electronics,Sneha Iyer,
STP-100989,R-018,Vashi,19.091493,72.80964,warehouse,medium,failed,,2025-04-23,12:15,12:15,42,67.14,furniture,Amit Sharma,Handle with care
STP-100990,R-001,Bandra,19.20011,72.841414,pickup,low,completed,traffic,2025-06-30,11:15,19:30,52,214.67,pharmaceuticals,Rahul Mehta,Leave at doorstep
STP-100991,R-020,Panvel,19.191437,72.907859,warehouse,medium,delayed,,2025-01-27,15:45,18:00,10,259.84,furniture,Amit Sharma,Leave at doorstep
STP-100992,R-011,Thane,19.240324,73.083845,warehouse,medium,failed,weather,2025-01-22,06:00,08:45,44,335.69,pharmaceuticals,Rahul Mehta,
STP-100993,R-013,Andheri,18.982056,73.034269,warehouse,low,failed,,2025-09-07,19:30,19:30,26,107.67,electronics,Priya Patel,
STP-100994,R-012,Panvel,18.932897,72.778361,delivery,medium,pending,customer_unavailable,2025-03-31,22:45,22:45,39,228.66,furniture,Amit Sharma,
STP-100995,R-019,Bandra,19.156699,72.795567,delivery,high,failed,weather,2025-06-06,09:30,09:45,6,10.27,pharmaceuticals,Vikram Singh,Handle with care
STP-100996,R-008,Thane,19.223972,72.804864,delivery,high,delayed,,2025-10-01,22:45,22:45,59,250.93,electronics,Sneha Iyer,
STP-100997,R-006,Borivali,18.942013,72.780061,delivery,high,delayed,,2024-11-28,21:00,21:00,58,339.89,electronics,Priya Patel,Call before arrival
STP-100998,R-007,Thane,19.116016,72.794846,pickup,high,completed,,2025-01-05,11:30,13:30,38,87.85,electronics,Vikram Singh,
STP-100999,R-014,Thane,19.038505,72.810761,delivery,medium,delayed,customer_unavailable,2024-05-19,15:00,15:00,9,39.32,electronics,Rahul Mehta,
STP-101000,R-006,Borivali,19.001129,72.916541,pickup,low,delayed,,2024-11-16,07:30,21:30,59,7.96,groceries,Vikram Singh,Call before arrival
STP-101001,R-005,Thane,19.036116,72.895644,pickup,high,pending,weather,2025-12-14,13:00,13:00,47,24.89,pharmaceuticals,Amit Sharma,Leave at doorstep
STP-101002,R-009,Vashi,18.982292,73.002217,pickup,medium,pending,traffic,2025-11-12,21:00,22:15,49,469.46,electronics,Sneha Iyer,Leave at doorstep
STP-101003,R-011,Colaba,18.967995,72.78143,delivery,medium,delayed,,2025-07-22,13:30,13:30,30,171.89,furniture,Rahul Mehta,Leave at doorstep
STP-101004,R-017,Powai,18.901174,73.077097,pickup,medium,completed,,2024-02-08,15:15,15:15,34,292.31,electronics,Rahul Mehta,Fragile
STP-101005,R-005,Andheri,18.963151,72.868231,delivery,high,delayed,,2024-10-02,21:00,21:00,26,22.52,electronics,Sneha Iyer,Handle with care
STP-101006,R-001,Colaba,19.237098,73.058339,delivery,high,failed,,2025-09-04,06:15,16:45,59,466.92,electronics,Sneha Iyer,
STP-101007,R-017,Kurla,19.162594,72.864236,warehouse,high,completed,,2025-07-09,10:00,10:00,21,285.45,pharmaceuticals,Amit Sharma,
STP-101008,R-018,Colaba,19.098486,73.086846,pickup,medium,pending,,2025-02-06,16:15,18:45,60,325.02,pharmaceuticals,Sneha Iyer,Fragile
STP-101009,R-010,Borivali,19.171203,73.005442,delivery,low,pending,traffic,2024-04-01,13:30,13:30,27,46.0,groceries,Amit Sharma,Call before arrival
STP-101010,R-012,Vashi,18.921017,72.958153,pickup,low,delayed,,2024-08-01,19:30,19:30,35,495.8,pharmaceuticals,Priya Patel,Leave at doorstep
STP-101011,R-005,Powai,18.994861,72.957406,pickup,high,completed,,2025-01-26,18:45,19:00,18,333.48,electronics,Rahul Mehta,
STP-101012,R-020,Borivali,19.129816,73.050974,warehouse,high,pending,traffic,2024-10-27,07:45,15:00,42,59.06,pharmaceuticals,Rahul Mehta,
STP-101013,R-006,Powai,19.122876,72.912668,pickup,high,delayed,,2024-03-23,09:45,19:45,26,272.38,furniture,Rahul Mehta,
STP-101014,R-006,Thane,19.047508,73.023331,delivery,high,failed,,2024-04-07,06:45,09:00,11,76.98,groceries,Priya Patel,
STP-101015,R-001,Borivali,18.969665,73.07121,warehouse,low,failed,,2024-08-04,07:15,07:15,32,206.74,furniture,Vikram Singh,Call before arrival
STP-101016,R-014,Kurla,19.003256,72.788239,pickup,high,failed,vehicle_issue,2025-09-07,10:00,10:45,10,404.12,furniture,Sneha Iyer,Call before arrival
STP-101017,R-002,Dadar,19.292774,72.94403,pickup,high,failed,,2025-03-19,11:45,13:45,60,88.55,pharmaceuticals,Rahul Mehta,
STP-101018,R-003,Thane,18.947289,72.905782,pickup,low,delayed,traffic,2024-06-14,19:30,22:30,53,67.76,electronics,Vikram Singh,
STP-101019,R-001,Andheri,19.040769,72.773707,pickup,high,failed,,2024-03-01,17:45,17:45,22,204.79,groceries,Sneha Iyer,Handle with care
STP-101020,R-010,Andheri,18.913025,72.845752,warehouse,high,pending,,2024-12-11,13:15,13:15,38,362.51,electronics,Sneha Iyer,Handle with care
STP-101021,R-002,Colaba,19.114919,72.869711,pickup,low,failed,,2025-10-18,19:45,19:45,37,370.04,electronics,Vikram Singh,Call before arrival
STP-101022,R-014,Borivali,19.247791,72.806713,warehouse,medium,completed,customer_unavailable,2025-06-28,08:45,19:00,14,239.2,furniture,Amit Sharma,Urgent delivery
STP-101023,R-005,Colaba,19.066513,73.091913,pickup,medium,completed,traffic,2025-02-21,12:30,21:30,25,47.33,groceries,Priya Patel,Leave at doorstep
STP-101024,R-019,Dadar,19.249549,72.951815,warehouse,low,failed,vehicle_issue,2024-07-22,22:45,22:45,7,90.84,pharmaceuticals,Rahul Mehta,Fragile
STP-101025,R-010,Thane,19.266893,72.869151,delivery,medium,failed,,2025-05-15,22:45,22:45,28,27.86,pharmaceuticals,Priya Patel,Call before arrival
STP-101026,R-012,Borivali,19.109754,73.078153,delivery,medium,completed,,2025-03-11,10:15,10:15,58,119.13,furniture,Amit Sharma,
STP-101027,R-005,Borivali,19.166064,72.952681,delivery,low,pending,,2025-12-29,13:30,20:00,23,345.35,groceries,Amit Sharma,
STP-101028,R-017,Andheri,19.086058,73.098362,pickup,medium,failed,,2025-06-02,15:00,20:30,39,270.89,furniture,Vikram Singh,
STP-101029,R-001,Andheri,18.949665,72.873767,delivery,high,delayed,customer_unavailable,2024-09-23,21:45,21:45,17,173.91,pharmaceuticals,Vikram Singh,Fragile
STP-101030,R-018,Borivali,19.135388,72.839976,delivery,high,delayed,,2025-01-12,22:15,22:15,30,316.8,electronics,Amit Sharma,Call before arrival
STP-101031,R-006,Powai,19.097449,73.079759,delivery,low,completed,customer_unavailable,2025-12-16,13:30,22:30,57,203.21,furniture,Vikram Singh,
STP-101032,R-012,Colaba,19.145169,72.928379,delivery,low,pending,,2025-01-12,13:30,13:30,8,23.26,groceries,Priya Patel,
STP-101033,R-015,Andheri,19.195381,72.844912,warehouse,low,completed,vehicle_issue,2024-07-03,10:00,10:00,47,326.06,groceries,Priya Patel,
STP-101034,R-001,Dadar,19.29423,72.819842,delivery,medium,failed,,2024-08-07,12:15,12:30,48,463.07,pharmaceuticals,Amit Sharma,Handle with care
STP-101035,R-008,Thane,19.026139,72.989826,warehouse,medium,pending,weather,2024-11-12,10:30,21:15,16,140.47,groceries,Vikram Singh,
STP-101036,R-014,Bandra,19.189372,72.779066,pickup,low,pending,,2024-07-08,12:30,13:45,27,104.87,furniture,Sneha Iyer,
STP-101037,R-020,Colaba,19.239692,72.949888,delivery,high,pending,traffic,2024-11-30,11:00,22:15,10,176.38,pharmaceuticals,Priya Patel,Call before arrival
STP-101038,R-013,Colaba,19.123423,73.092973,pickup,low,completed,weather,2024-08-24,21:45,21:45,47,481.49,electronics,Vikram Singh,Handle with care
STP-101039,R-015,Kurla,18.982279,72.914781,warehouse,high,delayed,vehicle_issue,2024-08-22,22:45,22:45,14,177.05,groceries,Rahul Mehta,Call before arrival
STP-101040,R-003,Colaba,19.096879,73.063796,pickup,low,delayed,,2024-09-12,09:30,13:15,11,388.86,pharmaceuticals,Rahul Mehta,
STP-101041,R-015,Panvel,18.986354,72.901003,delivery,low,failed,,2025-03-29,09:30,09:30,27,478.06,electronics,Amit Sharma,
STP-101042,R-006,Borivali,19.216687,72.98361,pickup,medium,pending,,2025-03-22,15:00,19:45,48,491.32,pharmaceuticals,Priya Patel,Leave at doorstep
STP-101043,R-018,Kurla,19.220887,73.068329,delivery,medium,pending,vehicle_issue,2024-07-20,12:15,15:45,38,232.78,pharmaceuticals,Priya Patel,Fragile
STP-101044,R-003,Bandra,19.29155,73.035292,pickup,low,failed,,2025-06-11,12:15,12:15,42,134.12,groceries,Amit Sharma,Handle with care
STP-101045,R-007,Andheri,18.904704,72.938452,warehouse,low,completed,,2024-05-25,16:30,16:30,34,360.76,groceries,Priya Patel,Call before arrival
STP-101046,R-002,Dadar,19.001187,72.780285,delivery,medium,delayed,,2025-11-14,13:30,14:00,11,255.59,electronics,Rahul Mehta,Fragile
STP-101047,R-015,Panvel,18.965479,73.013486,pickup,low,completed,weather,2024-03-03,13:45,13:45,9,452.59,electronics,Priya Patel,Handle with care
STP-101048,R-009,Vashi,19.052809,72.977025,delivery,high,failed,vehicle_issue,2025-11-19,10:45,10:45,28,110.35,furniture,Rahul Mehta,Handle with care
STP-101049,R-012,Thane,19.215825,73.02333,warehouse,low,failed,customer_unavailable,2024-10-14,19:15,19:15,15,72.94,groceries,Rahul Mehta,Fragile
STP-101050,R-018,Panvel,19.090575,72.770732,delivery,medium,delayed,,2024-11-21,21:00,21:00,36,232.22,electronics,Amit Sharma,Fragile
STP-101051,R-014,Bandra,19.232216,72.855483,warehouse,high,completed,vehicle_issue,2024-03-15,13:45,15:45,17,444.18,groceries,Amit Sharma,
STP-101052,R-010,Andheri,19.208183,72.994242,warehouse,low,pending,,2025-11-10,10:30,11:00,59,32.3,furniture,Rahul Mehta,
STP-101053,R-010,Bandra,19.009268,73.0138,pickup,low,completed,traffic,2025-01-02,15:00,15:00,11,210.84,furniture,Vikram Singh,Urgent delivery
STP-101054,R-010,Thane,19.253866,73.063325,delivery,low,completed,,2024-05-21,13:00,13:00,56,383.7,furniture,Sneha Iyer,Urgent delivery
STP-101055,R-003,Andheri,19.133464,73.004789,warehouse,medium,completed,vehicle_issue,2025-01-15,15:15,21:00,34,71.5,groceries,Rahul Mehta,Handle with care
STP-101056,R-017,Bandra,18.922045,72.817596,warehouse,low,delayed,,2024-02-22,11:30,16:15,34,86.22,groceries,Rahul Mehta,Call before arrival
STP-101057,R-011,Bandra,19.084256,72.935365,pickup,low,delayed,,2025-12-27,16:30,16:30,10,147.46,electronics,Sneha Iyer,
STP-101058,R-010,Panvel,19.186032,73.080027,warehouse,low,delayed,,2024-10-07,12:00,19:45,6,190.96,electronics,Sneha Iyer,
STP-101059,R-008,Colaba,19.091723,72.946286,warehouse,high,completed,,2024-11-04,10:00,15:30,30,136.6,electronics,Amit Sharma,Urgent delivery
STP-101060,R-011,Dadar,19.043123,73.056876,pickup,low,completed,,2024-03-10,19:30,19:30,19,57.16,pharmaceuticals,Vikram Singh,
STP-101061,R-008,Andheri,18.984454,73.028091,delivery,low,failed,,2024-08-18,20:45,20:45,45,422.97,pharmaceuticals,Priya Patel,
STP-101062,R-017,Bandra,18.940634,72.843195,delivery,low,failed,,2025-06-03,13:00,13:00,58,21.27,pharmaceuticals,Sneha Iyer,Call before arrival
STP-101063,R-014,Panvel,19.069712,72.901652,delivery,high,failed,,2025-09-23,17:45,18:45,36,498.63,pharmaceuticals,Priya Patel,Handle with care
STP-101064,R-003,Powai,19.051339,72.825946,pickup,medium,completed,vehicle_issue,2024-08-06,20:45,20:45,24,218.33,furniture,Amit Sharma,
STP-101065,R-011,Dadar,19.050136,72.824978,delivery,medium,completed,,2025-07-22,22:30,22:30,36,348.52,electronics,Rahul Mehta,
STP-101066,R-007,Colaba,19.233296,72.93553,delivery,medium,delayed,,2024-06-24,12:15,15:30,44,113.43,furniture,Sneha Iyer,
STP-101067,R-010,Borivali,18.934048,72.93764,pickup,high,pending,,2024-04-17,08:00,12:45,49,220.38,groceries,Sneha Iyer,Leave at doorstep
STP-101068,R-012,Colaba,19.160333,73.053741,warehouse,low,pending,weather,2024-03-09,19:00,19:00,22,227.44,furniture,Vikram Singh,Call before arrival
STP-101069,R-007,Dadar,18.935892,73.027984,pickup,low,failed,,2025-06-25,12:15,12:15,6,75.56,groceries,Amit Sharma,
STP-101070,R-010,Powai,18.901428,72.790143,warehouse,high,pending,vehicle_issue,2024-05-09,19:30,19:30,49,124.29,groceries,Rahul Mehta,Call before arrival
STP-101071,R-007,Dadar,19.012222,73.090146,warehouse,medium,completed,vehicle_issue,2024-08-23,08:45,18:30,51,407.8,electronics,Priya Patel,
STP-101072,R-004,Bandra,19.252821,72.802034,pickup,high,completed,traffic,2025-03-11,11:30,13:00,13,128.52,pharmaceuticals,Vikram Singh,Urgent delivery
STP-101073,R-002,Thane,19.164667,72.812273,warehouse,low,failed,,2024-12-14,10:00,11:15,6,342.49,electronics,Vikram Singh,
STP-101074,R-003,Panvel,19.060625,73.044727,warehouse,medium,pending,vehicle_issue,2025-07-05,20:00,20:00,55,7.23,pharmaceuticals,Rahul Mehta,
STP-101075,R-016,Powai,19.297522,72.955713,warehouse,low,completed,,2024-04-06,13:00,22:30,60,260.03,furniture,Amit Sharma,
STP-101076,R-003,Dadar,18.920125,73.006683,pickup,medium,pending,,2025-11-29,10:45,13:00,31,245.29,furniture,Priya Patel,Urgent delivery
STP-101077,R-019,Powai,19.272601,72.980706,delivery,low,pending,,2025-03-12,21:30,21:30,59,102.97,furniture,Amit Sharma,
STP-101078,R-012,Powai,18.988444,73.098235,warehouse,low,pending,,2024-05-13,20:45,20:45,40,44.29,pharmaceuticals,Amit Sharma,
STP-101079,R-018,Colaba,18.913101,72.985349,pickup,low,completed,,2025-05-03,21:00,21:00,15,478.87,electronics,Amit Sharma,
STP-101080,R-017,Colaba,19.287485,72.871815,warehouse,high,delayed,,2024-10-07,15:15,16:30,20,31.97,groceries,Rahul Mehta,Fragile
STP-101081,R-007,Bandra,19.047538,73.046777,pickup,low,completed,,2025-03-02,11:45,11:45,18,219.94,electronics,Sneha Iyer,Fragile
STP-101082,R-020,Andheri,19.259197,73.008436,delivery,high,delayed,,2024-10-22,13:15,13:15,21,158.42,electronics,Vikram Singh,Leave at doorstep
STP-101083,R-018,Vashi,19.035485,72.856623,pickup,high,pending,,2025-06-21,14:30,18:45,17,401.97,furniture,Sneha Iyer,Call before arrival
STP-101084,R-013,Bandra,19.073296,72.857351,delivery,low,completed,,2024-01-27,18:30,18:30,46,240.6,pharmaceuticals,Amit Sharma,Fragile
STP-101085,R-013,Kurla,19.242049,72.958668,warehouse,medium,pending,,2024-09-20,10:15,10:15,46,48.47,electronics,Rahul Mehta,
STP-101086,R-008,Dadar,18.953227,73.094927,pickup,medium,pending,traffic,2025-01-26,06:30,10:30,58,235.16,pharmaceuticals,Sneha Iyer,Leave at doorstep
STP-101087,R-001,Powai,19.283742,73.042367,delivery,high,completed,,2025-12-11,06:45,13:00,33,60.8,pharmaceuticals,Rahul Mehta,Handle with care
STP-101088,R-003,Dadar,19.023496,72.999321,delivery,high,delayed,customer_unavailable,2025-09-27,12:45,19:15,55,97.82,electronics,Amit Sharma,
STP-101089,R-015,Panvel,19.089239,72.778079,pickup,low,failed,traffic,2025-03-28,15:00,15:00,9,41.99,furniture,Vikram Singh,Urgent delivery
STP-101090,R-004,Kurla,18.945941,72.892554,warehouse,high,delayed,,2025-08-27,06:15,09:30,29,418.83,groceries,Priya Patel,Urgent delivery
STP-101091,R-009,Thane,19.268838,73.024538,warehouse,high,delayed,,2025-05-17,17:15,17:15,22,212.24,pharmaceuticals,Amit Sharma,
STP-101092,R-010,Colaba,19.119496,72.943127,warehouse,high,completed,vehicle_issue,2025-06-30,13:00,13:00,15,462.7,groceries,Sneha Iyer,Handle with care
STP-101093,R-020,Colaba,18.956626,73.027403,delivery,high,delayed,,2024-01-28,19:30,19:30,7,286.19,groceries,Amit Sharma,Handle with care
STP-101094,R-019,Bandra,19.095261,72.79224,warehouse,medium,pending,,2024-08-16,07:15,08:15,8,18.64,groceries,Sneha Iyer,
STP-101095,R-002,Borivali,18.919085,72.867837,pickup,high,failed,vehicle_issue,2025-08-10,18:45,18:45,43,25.08,pharmaceuticals,Priya Patel,Call before arrival
STP-101096,R-014,Powai,18.90224,72.839641,warehouse,medium,pending,vehicle_issue,2025-02-25,10:15,17:15,12,206.31,groceries,Sneha Iyer,Fragile
STP-101097,R-002,Thane,19.228231,72.787008,warehouse,medium,delayed,,2024-06-07,15:45,15:45,12,87.42,furniture,Priya Patel,
STP-101098,R-001,Andheri,19.192094,73.022302,delivery,low,failed,,2024-08-30,13:00,18:15,47,254.06,furniture,Amit Sharma,Call before arrival
STP-101099,R-009,Kurla,19.296182,72.845245,delivery,high,failed,weather,2025-09-15,18:45,18:45,13,224.38,electronics,Amit Sharma,
STP-101100,R-002,Colaba,19.091377,72.807204,warehouse,medium,pending,,2025-10-20,12:00,12:00,60,281.51,furniture,Vikram Singh,
STP-101101,R-011,Borivali,18.979614,72.924654,delivery,low,completed,,2025-07-01,12:30,18:30,60,433.24,furniture,Sneha Iyer,
STP-101102,R-005,Colaba,18.911446,73.079243,pickup,low,completed,vehicle_issue,2024-11-27,15:00,15:00,40,453.63,furniture,Amit Sharma,Fragile
STP-101103,R-014,Thane,19.246848,73.022822,warehouse,medium,delayed,,2024-01-15,17:15,18:45,6,5.04,electronics,Amit Sharma,Call before arrival
STP-101104,R-012,Colaba,18.948394,73.08153,warehouse,medium,failed,,2025-05-23,15:30,22:30,42,61.71,furniture,Priya Patel,
STP-101105,R-013,Andheri,18.951366,72.802106,delivery,high,completed,vehicle_issue,2024-11-18,11:45,12:15,47,177.82,furniture,Rahul Mehta,Handle with care
STP-101106,R-016,Borivali,18.928486,72.774421,warehouse,high,completed,traffic,2025-10-07,12:45,12:45,38,98.73,groceries,Priya Patel,Leave at doorstep
STP-101107,R-020,Andheri,19.081803,73.049537,warehouse,low,failed,,2025-10-21,21:30,21:30,26,193.43,furniture,Rahul Mehta,Leave at doorstep
STP-101108,R-010,Vashi,18.961304,72.919164,pickup,high,delayed,,2025-09-15,08:15,11:15,19,331.44,electronics,Priya Patel,
STP-101109,R-006,Dadar,19.031954,73.071491,delivery,low,failed,weather,2024-01-31,11:15,19:45,9,494.86,furniture,Vikram Singh,
STP-101110,R-009,Thane,18.939482,73.095756,pickup,low,failed,,2025-11-17,18:15,18:15,38,280.02,pharmaceuticals,Priya Patel,
STP-101111,R-014,Powai,19.055217,72.843796,warehouse,high,pending,weather,2025-04-04,07:45,14:45,24,179.01,electronics,Amit Sharma,Urgent delivery
STP-101112,R-012,Borivali,18.918026,72.865474,warehouse,high,delayed,,2024-04-12,08:30,21:30,30,135.08,pharmaceuticals,Amit Sharma,
STP-101113,R-019,Thane,19.043838,73.072259,delivery,low,pending,,2024-05-01,18:30,18:30,17,103.77,pharmaceuticals,Rahul Mehta,
STP-101114,R-005,Panvel,19.242916,72.854774,warehouse,medium,failed,customer_unavailable,2024-03-06,10:45,20:45,53,100.54,furniture,Sneha Iyer,
STP-101115,R-001,Powai,19.026237,72.799458,pickup,high,delayed,,2024-11-12,16:00,16:00,18,334.89,pharmaceuticals,Sneha Iyer,
STP-101116,R-008,Thane,19.031401,72.827574,pickup,high,delayed,,2024-06-18,16:00,22:15,50,299.52,pharmaceuticals,Priya Patel,Handle with care
STP-101117,R-017,Vashi,19.214902,73.0107,warehouse,medium,pending,customer_unavailable,2024-12-07,11:45,19:45,19,326.95,furniture,Priya Patel,
STP-101118,R-018,Vashi,19.128516,72.98272,delivery,high,completed,vehicle_issue,2025-03-31,17:00,17:00,33,184.3,pharmaceuticals,Sneha Iyer,Handle with care
STP-101119,R-020,Dadar,18.947451,72.917335,pickup,low,delayed,traffic,2024-06-25,12:45,18:30,38,225.32,groceries,Sneha Iyer,Leave at doorstep
STP-101120,R-012,Kurla,19.153743,72.900072,pickup,medium,completed,vehicle_issue,2024-03-22,20:15,20:15,19,471.88,furniture,Priya Patel,
STP-101121,R-010,Bandra,19.123353,72.841954,warehouse,low,pending,weather,2025-09-22,14:45,14:45,22,311.43,furniture,Amit Sharma,
STP-101122,R-013,Andheri,19.004676,72.864961,warehouse,high,delayed,,2025-12-24,17:00,17:00,37,196.94,electronics,Sneha Iyer,
STP-101123,R-001,Thane,19.14879,73.008369,delivery,low,delayed,vehicle_issue,2025-08-27,14:15,14:15,5,312.59,electronics,Rahul Mehta,Call before arrival
STP-101124,R-017,Thane,18.929583,72.87732,delivery,high,failed,traffic,2024-11-03,20:45,22:00,58,467.65,electronics,Vikram Singh,
STP-101125,R-017,Panvel,19.155706,73.082958,delivery,low,delayed,,2024-01-16,21:15,21:15,18,433.65,groceries,Sneha Iyer,
STP-101126,R-016,Borivali,18.939421,72.995992,delivery,medium,failed,,2025-06-03,21:30,21:30,24,14.32,furniture,Rahul Mehta,Handle with care
STP-101127,R-015,Powai,19.246387,73.014234,warehouse,high,failed,,2025-11-08,22:30,22:30,15,407.35,groceries,Vikram Singh,
STP-101128,R-012,Powai,19.211032,73.050951,warehouse,medium,delayed,,2024-10-09,20:00,22:45,39,328.71,groceries,Sneha Iyer,Fragile
STP-101129,R-016,Panvel,19.091551,73.085494,pickup,high,delayed,,2025-06-18,13:00,13:00,52,67.15,electronics,Amit Sharma,
STP-101130,R-007,Powai,19.086087,73.071558,delivery,medium,failed,weather,2025-12-23,18:45,22:30,51,474.56,furniture,Priya Patel,
STP-101131,R-007,Borivali,19.032944,72.900517,warehouse,medium,completed,,2025-10-15,08:45,08:45,60,495.92,electronics,Vikram Singh,
STP-101132,R-006,Bandra,18.969398,72.816719,delivery,low,failed,customer_unavailable,2024-01-04,14:00,16:15,17,468.62,electronics,Amit Sharma,Handle with care
STP-101133,R-003,Andheri,19.185512,72.947945,delivery,medium,pending,,2025-08-08,10:00,18:00,54,488.17,electronics,Priya Patel,
STP-101134,R-003,Andheri,18.964834,73.023816,pickup,high,pending,customer_unavailable,2024-08-26,11:45,21:00,16,199.93,pharmaceuticals,Amit Sharma,
STP-101135,R-019,Panvel,18.986203,72.90768,delivery,medium,delayed,,2024-06-24,19:00,19:00,17,267.15,electronics,Vikram Singh,Urgent delivery
STP-101136,R-002,Bandra,19.216126,73.093147,delivery,high,failed,,2024-10-18,11:00,14:00,43,357.98,groceries,Sneha Iyer,
STP-101137,R-016,Vashi,19.074824,72.80439,pickup,low,pending,customer_unavailable,2024-06-12,21:00,21:00,25,130.98,pharmaceuticals,Sneha Iyer,
STP-101138,R-001,Panvel,18.896857,72.78091,warehouse,medium,pending,,2024-12-20,06:00,07:30,47,232.69,groceries,Sneha Iyer,
STP-101139,R-020,Kurla,18.93762,72.80155,pickup,high,failed,customer_unavailable,2025-06-05,15:45,15:45,43,170.52,electronics,Priya Patel,
STP-101140,R-001,Andheri,18.964975,73.097204,warehouse,high,completed,weather,2025-02-17,20:00,20:00,30,380.94,furniture,Rahul Mehta,Handle with care
STP-101141,R-008,Powai,19.201239,73.096046,warehouse,low,delayed,,2025-02-08,12:00,13:30,6,440.0,furniture,Sneha Iyer,Urgent delivery
STP-101142,R-013,Kurla,19.023968,72.808304,warehouse,low,pending,,2025-05-12,11:30,22:00,44,437.61,furniture,Vikram Singh,Fragile
STP-101143,R-003,Dadar,19.058146,72.840237,pickup,low,pending,customer_unavailable,2024-10-07,08:30,21:45,43,140.6,groceries,Amit Sharma,
STP-101144,R-001,Powai,18.949232,72.813534,delivery,high,failed,,2024-03-09,15:00,15:00,7,32.16,groceries,Vikram Singh,Call before arrival
STP-101145,R-013,Andheri,18.947882,73.077339,delivery,low,failed,customer_unavailable,2024-12-25,08:30,14:00,44,265.68,furniture,Priya Patel,Leave at doorstep
STP-101146,R-019,Borivali,18.939301,72.941275,warehouse,low,delayed,weather,2025-10-10,10:45,10:45,36,105.27,pharmaceuticals,Sneha Iyer,Handle with care
STP-101147,R-007,Bandra,18.993877,73.036583,warehouse,low,failed,,2024-02-29,18:30,22:00,51,190.21,pharmaceuticals,Priya Patel,
STP-101148,R-012,Bandra,19.226096,72.807945,pickup,high,failed,,2024-07-15,09:30,17:45,11,17.33,furniture,Priya Patel,
STP-101149,R-016,Thane,18.999395,72.985645,warehouse,high,failed,,2025-10-22,07:00,16:30,57,219.64,furniture,Priya Patel,
STP-101150,R-008,Colaba,19.011485,73.026929,warehouse,low,failed,weather,2025-03-14,22:45,22:45,41,361.79,electronics,Amit Sharma,Handle with care
STP-101151,R-016,Panvel,19.271984,72.865311,warehouse,medium,completed,customer_unavailable,2024-06-14,13:15,13:15,59,473.53,electronics,Priya Patel,
STP-101152,R-012,Vashi,19.090845,72.991148,warehouse,high,failed,,2025-09-18,08:30,22:00,42,478.76,groceries,Amit Sharma,Handle with care
STP-101153,R-010,Powai,19.194397,72.909354,pickup,high,completed,,2025-04-13,16:45,21:00,45,51.36,groceries,Rahul Mehta,Fragile
STP-101154,R-007,Andheri,19.042622,72.984903,pickup,medium,completed,,2025-07-06,19:45,22:00,47,122.18,groceries,Amit Sharma,Leave at doorstep
STP-101155,R-005,Kurla,19.049205,72.848819,warehouse,high,pending,weather,2024-10-20,16:30,16:30,47,115.88,electronics,Amit Sharma,
STP-101156,R-016,Powai,19.182126,72.774081,warehouse,low,delayed,,2024-06-07,20:15,20:15,43,143.43,furniture,Priya Patel,Fragile
STP-101157,R-008,Vashi,19.178666,73.096012,delivery,medium,delayed,customer_unavailable,2024-04-30,20:45,20:45,35,402.45,electronics,Rahul Mehta,
STP-101158,R-017,Andheri,18.891597,72.949163,pickup,low,pending,,2025-05-16,14:15,22:30,29,364.74,groceries,Vikram Singh,
STP-101159,R-015,Colaba,19.068005,73.092358,warehouse,medium,pending,,2025-07-08,13:45,13:45,35,334.41,electronics,Sneha Iyer,
STP-101160,R-004,Colaba,18.893471,73.069444,warehouse,medium,pending,,2024-03-15,15:00,15:00,47,244.4,electronics,Rahul Mehta,Fragile
STP-101161,R-013,Vashi,18.907638,73.09413,delivery,medium,failed,,2024-02-24,16:45,16:45,19,447.45,pharmaceuticals,Amit Sharma,
STP-101162,R-002,Bandra,18.976481,72.874337,delivery,low,pending,traffic,2025-01-30,11:45,18:00,24,36.31,electronics,Priya Patel,Leave at doorstep
STP-101163,R-009,Borivali,19.211844,72.889907,warehouse,high,pending,,2024-05-18,09:15,22:00,33,409.2,pharmaceuticals,Vikram Singh,
STP-101164,R-016,Dadar,19.281642,72.97808,delivery,high,delayed,,2025-05-24,22:00,22:00,21,204.63,pharmaceuticals,Sneha Iyer,
STP-101165,R-017,Thane,19.263836,72.918385,pickup,low,failed,,2025-11-03,06:30,19:15,41,112.34,pharmaceuticals,Priya Patel,
STP-101166,R-010,Borivali,18.926923,73.026721,warehouse,low,failed,,2024-12-05,18:15,18:15,20,271.27,furniture,Sneha Iyer,
STP-101167,R-008,Borivali,19.074671,72.975535,warehouse,low,completed,weather,2024-02-05,09:15,12:30,56,314.5,pharmaceuticals,Amit Sharma,
STP-101168,R-010,Powai,19.102159,72.83282,warehouse,high,pending,,2024-11-12,06:45,14:45,33,278.52,pharmaceuticals,Sneha Iyer,Leave at doorstep
STP-101169,R-007,Borivali,18.96798,73.003797,warehouse,low,completed,vehicle_issue,2025-11-21,19:00,21:30,49,353.76,pharmaceuticals,Amit Sharma,Call before arrival
STP-101170,R-016,Dadar,18.894096,72.897396,warehouse,high,completed,customer_unavailable,2025-02-05,22:00,22:00,51,232.4,pharmaceuticals,Rahul Mehta,Urgent delivery
STP-101171,R-010,Kurla,19.211876,73.082282,warehouse,low,pending,,2025-10-16,08:15,15:15,18,22.86,furniture,Amit Sharma,
STP-101172,R-007,Bandra,19.297081,72.955576,delivery,high,completed,vehicle_issue,2025-05-18,11:45,11:45,33,225.4,electronics,Sneha Iyer,
STP-101173,R-018,Powai,19.076625,72.817589,warehouse,medium,failed,,2024-03-15,08:00,10:15,29,421.41,groceries,Amit Sharma,Handle with care
STP-101174,R-019,Colaba,18.971187,73.081658,delivery,medium,pending,,2024-01-17,22:45,22:45,11,101.85,groceries,Rahul Mehta,Fragile
STP-101175,R-005,Bandra,18.993882,72.835546,delivery,low,failed,,2025-07-28,18:45,21:15,29,330.54,groceries,Vikram Singh,Fragile
STP-101176,R-003,Bandra,18.927725,72.981025,pickup,low,delayed,,2025-10-13,12:30,12:30,12,379.19,furniture,Rahul Mehta,Call before arrival
STP-101177,R-003,Thane,19.079734,72.961495,warehouse,low,delayed,,2024-01-04,11:00,11:00,38,285.76,pharmaceuticals,Priya Patel,Urgent delivery
STP-101178,R-008,Borivali,18.911274,72.974065,delivery,medium,pending,,2025-07-03,20:30,20:30,39,280.58,pharmaceuticals,Priya Patel,
STP-101179,R-016,Powai,18.996095,73.088968,warehouse,high,delayed,,2024-01-28,16:30,16:30,13,347.98,pharmaceuticals,Rahul Mehta,
STP-101180,R-003,Dadar,19.239955,72.887281,delivery,medium,delayed,traffic,2025-05-18,08:15,15:00,18,301.97,pharmaceuticals,Sneha Iyer,Leave at doorstep
STP-101181,R-004,Powai,19.095666,73.083707,warehouse,low,completed,vehicle_issue,2024-09-16,11:00,11:00,41,497.72,pharmaceuticals,Amit Sharma,Urgent delivery
STP-101182,R-012,Vashi,18.96899,72.79958,pickup,low,completed,,2025-02-01,09:30,17:45,19,308.41,groceries,Rahul Mehta,
STP-101183,R-001,Bandra,19.137122,72.954126,warehouse,medium,delayed,,2025-02-08,15:00,22:00,7,413.4,furniture,Amit Sharma,Leave at doorstep
STP-101184,R-016,Kurla,19.23839,72.817852,delivery,low,pending,,2025-12-20,16:30,16:30,39,450.11,furniture,Priya Patel,
STP-101185,R-015,Dadar,18.951048,73.084645,warehouse,medium,pending,,2025-11-30,11:00,11:00,60,268.37,pharmaceuticals,Vikram Singh,
STP-101186,R-011,Thane,19.005873,72.827095,delivery,high,pending,,2024-12-24,12:30,20:00,30,432.82,groceries,Sneha Iyer,
STP-101187,R-003,Borivali,18.892593,72.884044,delivery,low,delayed,,2024-04-12,20:45,20:45,23,283.86,electronics,Rahul Mehta,Call before arrival
STP-101188,R-010,Panvel,19.001065,72.843896,delivery,medium,completed,customer_unavailable,2025-10-04,12:45,22:45,5,59.62,pharmaceuticals,Rahul Mehta,Leave at doorstep
STP-101189,R-001,Panvel,19.258371,72.860114,pickup,medium,failed,vehicle_issue,2025-08-02,08:30,19:00,19,465.88,electronics,Priya Patel,Handle with care
STP-101190,R-014,Andheri,18.898038,72.993931,delivery,high,pending,customer_unavailable,2024-10-18,16:00,16:00,58,21.44,groceries,Vikram Singh,Leave at doorstep
STP-101191,R-002,Thane,19.140692,73.043414,warehouse,medium,failed,,2025-12-06,19:15,19:15,32,346.27,pharmaceuticals,Sneha Iyer,Leave at doorstep
STP-101192,R-010,Colaba,18.940232,72.90735,pickup,high,failed,,2025-03-13,20:00,20:00,50,310.54,groceries,Priya Patel,Handle with care
STP-101193,R-015,Bandra,19.15053,72.881522,pickup,low,completed,,2025-10-16,19:15,19:15,37,468.42,furniture,Amit Sharma,Handle with care
STP-101194,R-016,Powai,19.027234,72.836953,delivery,high,completed,,2024-03-11,15:30,15:30,49,166.58,pharmaceuticals,Rahul Mehta,
STP-101195,R-018,Powai,18.987385,72.907102,delivery,low,pending,,2024-07-12,08:45,14:45,55,140.68,pharmaceuticals,Amit Sharma,Handle with care
STP-101196,R-004,Andheri,19.022865,72.795194,warehouse,medium,pending,,2024-08-23,21:30,21:30,40,489.06,electronics,Amit Sharma,
STP-101197,R-019,Bandra,19.000219,72.776131,warehouse,low,pending,,2025-11-05,12:15,22:00,60,244.02,groceries,Rahul Mehta,
STP-101198,R-009,Andheri,19.145689,73.077531,delivery,high,pending,vehicle_issue,2024-09-03,22:00,22:00,39,380.55,groceries,Priya Patel,Leave at doorstep
STP-101199,R-015,Vashi,19.297372,72.948311,warehouse,medium,failed,,2024-02-10,16:45,16:45,23,272.47,pharmaceuticals,Amit Sharma,
STP-101200,R-006,Thane,19.128738,73.085743,pickup,high,failed,,2024-06-03,12:45,14:45,21,304.74,pharmaceuticals,Priya Patel,
STP-101201,R-010,Dadar,19.232713,72.937918,delivery,medium,delayed,,2024-05-08,22:00,22:00,16,427.98,pharmaceuticals,Rahul Mehta,
STP-101202,R-010,Kurla,19.023333,72.815835,pickup,medium,completed,,2024-06-25,07:15,11:00,60,53.12,pharmaceuticals,Priya Patel,Leave at doorstep
STP-101203,R-016,Borivali,18.912835,72.953807,delivery,low,pending,,2024-05-14,18:00,18:00,32,420.05,pharmaceuticals,Sneha Iyer,
STP-101204,R-016,Andheri,19.026766,72.774581,warehouse,low,failed,vehicle_issue,2024-09-09,08:30,22:00,30,186.42,electronics,Vikram Singh,
STP-101205,R-006,Panvel,19.25704,72.959581,warehouse,medium,pending,,2025-04-18,16:30,16:30,36,34.77,pharmaceuticals,Sneha Iyer,Urgent delivery
STP-101206,R-009,Borivali,19.079928,72.917585,warehouse,medium,pending,,2025-03-08,07:30,15:30,16,35.28,furniture,Amit Sharma,Fragile
STP-101207,R-020,Colaba,19.092248,72.800626,warehouse,low,failed,,2025-01-15,08:15,22:45,41,193.95,furniture,Vikram Singh,Handle with care
STP-101208,R-012,Bandra,18.92302,73.032588,warehouse,low,failed,,2025-08-10,12:15,18:15,27,186.09,groceries,Amit Sharma,
STP-101209,R-020,Bandra,18.930085,72.856295,pickup,medium,completed,,2024-06-24,06:30,08:00,35,80.38,groceries,Amit Sharma,Call before arrival
STP-101210,R-012,Panvel,19.202003,72.974408,delivery,medium,failed,customer_unavailable,2025-04-18,14:45,14:45,44,43.46,electronics,Vikram Singh,Leave at doorstep
STP-101211,R-020,Dadar,18.902137,72.806083,delivery,medium,delayed,,2024-03-20,15:30,20:30,48,36.22,electronics,Priya Patel,Call before arrival
STP-101212,R-016,Vashi,18.932172,73.043755,delivery,high,completed,,2025-07-03,18:45,18:45,5,367.52,pharmaceuticals,Amit Sharma,
STP-101213,R-005,Borivali,18.919706,72.972656,warehouse,high,pending,,2024-04-27,10:30,18:00,49,492.93,groceries,Priya Patel,Fragile
STP-101214,R-001,Borivali,19.173024,72.794715,delivery,low,pending,,2024-02-17,16:15,19:00,6,105.87,groceries,Sneha Iyer,
STP-101215,R-010,Vashi,19.215255,73.043083,delivery,medium,failed,customer_unavailable,2025-05-20,17:15,20:45,47,300.23,groceries,Vikram Singh,
STP-101216,R-016,Dadar,19.158274,73.014639,pickup,low,completed,,2024-08-26,12:15,22:00,30,309.95,electronics,Rahul Mehta,Leave at doorstep
STP-101217,R-010,Andheri,18.969923,73.010211,delivery,medium,pending,,2025-12-24,14:00,20:00,58,465.4,furniture,Sneha Iyer,Urgent delivery
STP-101218,R-010,Powai,18.891798,72.837102,warehouse,medium,delayed,,2025-10-19,07:45,22:45,13,447.81,groceries,Vikram Singh,
STP-101219,R-013,Bandra,19.129798,72.932117,pickup,low,delayed,,2024-01-16,12:00,12:00,54,248.05,furniture,Vikram Singh,
STP-101220,R-008,Panvel,19.018519,73.069232,warehouse,low,completed,,2024-07-05,12:00,19:00,59,330.69,groceries,Sneha Iyer,Urgent delivery
STP-101221,R-015,Thane,19.273996,72.821524,warehouse,low,failed,,2024-05-31,22:15,22:15,44,140.66,pharmaceuticals,Sneha Iyer,Call before arrival
STP-101222,R-003,Thane,18.970737,72.872987,delivery,medium,delayed,,2024-02-28,11:45,19:45,11,170.6,groceries,Sneha Iyer,
STP-101223,R-016,Bandra,19.252439,73.009108,delivery,high,completed,,2025-11-21,22:00,22:00,36,5.99,groceries,Priya Patel,Urgent delivery
STP-101224,R-007,Vashi,19.182577,72.944711,delivery,high,delayed,,2024-08-17,20:30,20:30,37,215.86,furniture,Rahul Mehta,Urgent delivery
STP-101225,R-003,Dadar,19.072471,72.945173,pickup,high,failed,,2025-05-06,13:15,13:15,16,289.02,pharmaceuticals,Priya Patel,
STP-101226,R-015,Thane,19.244386,72.793257,warehouse,low,completed,customer_unavailable,2024-08-30,07:30,18:30,21,407.23,groceries,Priya Patel,Urgent delivery
STP-101227,R-013,Dadar,18.941319,72.809959,pickup,low,delayed,vehicle_issue,2025-04-23,21:45,22:15,47,490.83,pharmaceuticals,Amit Sharma,
STP-101228,R-008,Thane,18.996677,72.835072,pickup,medium,delayed,,2024-05-12,22:00,22:00,17,364.14,furniture,Amit Sharma,Leave at doorstep
STP-101229,R-006,Borivali,18.953601,73.073967,pickup,low,completed,,2024-07-07,20:30,20:30,50,201.06,electronics,Rahul Mehta,Fragile
STP-101230,R-017,Powai,19.118397,73.096346,pickup,high,failed,customer_unavailable,2025-03-31,08:15,21:30,17,340.23,groceries,Sneha Iyer,
STP-101231,R-005,Dadar,18.894736,72.965735,pickup,low,completed,,2025-07-14,09:45,12:45,49,258.51,electronics,Rahul Mehta,Handle with care
STP-101232,R-003,Thane,19.120615,73.062755,delivery,low,failed,traffic,2024-11-18,18:30,18:30,10,88.49,groceries,Vikram Singh,Leave at doorstep
STP-101233,R-001,Vashi,18.988474,72.815717,delivery,low,delayed,,2024-06-05,12:30,12:30,49,332.05,furniture,Sneha Iyer,Leave at doorstep
STP-101234,R-017,Thane,19.178106,73.050894,warehouse,high,pending,vehicle_issue,2024-01-26,20:30,20:30,10,143.42,furniture,Priya Patel,Handle with care
STP-101235,R-007,Dadar,18.97594,72.809658,warehouse,high,failed,,2025-03-22,19:30,19:30,16,378.86,electronics,Rahul Mehta,
STP-101236,R-011,Bandra,19.122138,73.052442,pickup,medium,pending,,2024-08-10,12:45,12:45,14,319.84,electronics,Priya Patel,
STP-101237,R-013,Andheri,19.290417,73.083239,delivery,medium,failed,,2024-07-22,09:45,21:00,20,88.82,electronics,Rahul Mehta,
STP-101238,R-020,Powai,19.036727,72.925258,warehouse,medium,completed,,2024-09-17,22:30,22:30,49,335.5,electronics,Sneha Iyer,Leave at doorstep
STP-101239,R-015,Thane,18.89504,72.986293,warehouse,low,pending,,2025-10-11,06:30,19:30,56,144.32,furniture,Priya Patel,
STP-101240,R-004,Thane,19.236789,72.902639,delivery,low,delayed,,2024-07-21,15:15,15:15,9,365.2,groceries,Sneha Iyer,Leave at doorstep
STP-101241,R-007,Thane,19.075405,72.880567,delivery,high,completed,weather,2024-01-20,14:45,20:45,39,421.81,electronics,Amit Sharma,
STP-101242,R-016,Dadar,18.902961,73.05941,pickup,high,delayed,,2024-05-26,09:15,09:15,43,88.34,electronics,Priya Patel,Urgent delivery
STP-101243,R-011,Vashi,19.187477,72.849345,warehouse,medium,pending,,2025-10-14,12:15,14:30,6,212.46,pharmaceuticals,Sneha Iyer,Call before arrival
STP-101244,R-003,Bandra,19.225425,73.089934,pickup,high,delayed,,2024-09-16,21:45,21:45,17,14.3,electronics,Rahul Mehta,
STP-101245,R-019,Dadar,19.004142,72.955778,delivery,low,delayed,,2024-10-20,14:45,20:00,9,31.35,groceries,Rahul Mehta,Fragile
STP-101246,R-013,Bandra,19.007435,72.955157,pickup,medium,failed,,2024-07-12,20:00,20:00,31,300.91,pharmaceuticals,Rahul Mehta,
STP-101247,R-020,Thane,19.091545,72.863694,warehouse,high,delayed,,2025-02-21,10:00,12:30,30,137.5,electronics,Amit Sharma,Fragile
STP-101248,R-019,Dadar,19.241603,72.950573,delivery,low,completed,,2024-07-18,21:00,21:00,38,34.1,electronics,Rahul Mehta,Handle with care
STP-101249,R-008,Thane,19.276205,72.973649,delivery,high,delayed,,2025-05-25,13:15,14:15,51,330.67,groceries,Vikram Singh,
STP-101250,R-012,Colaba,18.950594,72.824502,pickup,high,failed,,2025-04-07,22:45,22:45,10,101.45,furniture,Priya Patel,
STP-101251,R-019,Andheri,19.04531,73.079013,pickup,medium,failed,,2024-09-10,06:15,20:30,16,399.81,electronics,Vikram Singh,Urgent delivery
STP-101252,R-001,Andheri,19.14931,72.821634,pickup,low,pending,,2025-02-09,10:15,10:15,60,165.98,groceries,Priya Patel,Handle with care
STP-101253,R-002,Powai,19.124114,72.788015,warehouse,low,delayed,,2024-11-11,08:15,19:45,25,301.48,furniture,Sneha Iyer,Urgent delivery
STP-101254,R-013,Bandra,19.102629,72.771556,warehouse,high,delayed,,2024-07-17,12:15,12:15,59,260.88,pharmaceuticals,Amit Sharma,
STP-101255,R-002,Kurla,18.923211,72.812523,delivery,medium,failed,vehicle_issue,2024-04-24,12:15,15:30,49,400.34,groceries,Amit Sharma,
STP-101256,R-003,Andheri,18.958237,73.072496,delivery,high,delayed,,2025-07-25,09:45,21:30,44,347.96,pharmaceuticals,Rahul Mehta,Call before arrival
STP-101257,R-005,Bandra,19.240049,73.093379,delivery,medium,pending,,2025-07-07,21:30,21:30,21,81.03,electronics,Sneha Iyer,
STP-101258,R-008,Andheri,18.962062,72.780539,pickup,medium,pending,customer_unavailable,2025-12-26,20:30,22:00,60,475.83,pharmaceuticals,Amit Sharma,
STP-101259,R-004,Bandra,18.938185,72.85135,warehouse,low,completed,,2024-08-14,11:30,12:30,17,434.67,groceries,Amit Sharma,Fragile
STP-101260,R-002,Vashi,18.9679,72.772716,warehouse,high,completed,,2025-06-19,06:15,20:15,51,242.81,pharmaceuticals,Priya Patel,
STP-101261,R-017,Colaba,19.018811,72.860235,pickup,low,delayed,weather,2024-07-21,15:45,15:45,21,403.85,groceries,Vikram Singh,Urgent delivery
STP-101262,R-018,Vashi,18.909845,73.034635,pickup,medium,pending,,2024-08-26,10:30,20:30,58,283.98,furniture,Rahul Mehta,
STP-101263,R-004,Dadar,19.198537,72.978739,delivery,medium,failed,,2024-09-04,15:00,19:15,12,250.66,groceries,Rahul Mehta,Fragile
STP-101264,R-010,Andheri,19.254297,72.870879,warehouse,high,pending,,2025-01-20,15:15,22:00,28,486.12,electronics,Priya Patel,Leave at doorstep
STP-101265,R-020,Borivali,19.294465,72.918924,warehouse,high,failed,vehicle_issue,2024-10-03,14:00,14:00,51,318.54,pharmaceuticals,Amit Sharma,
STP-101266,R-006,Powai,19.160855,72.946519,delivery,medium,delayed,traffic,2025-05-17,13:45,13:45,30,335.26,groceries,Vikram Singh,
STP-101267,R-019,Bandra,18.974743,72.811156,delivery,low,completed,,2024-12-01,11:45,13:30,52,325.47,furniture,Vikram Singh,
STP-101268,R-002,Vashi,18.929402,72.868463,delivery,high,failed,,2024-10-05,12:30,17:30,59,304.95,electronics,Amit Sharma,Fragile
STP-101269,R-015,Borivali,19.195459,72.823985,delivery,medium,failed,,2025-02-28,06:30,12:30,57,351.8,groceries,Priya Patel,Call before arrival
STP-101270,R-004,Borivali,19.180304,72.960477,warehouse,medium,completed,vehicle_issue,2024-06-18,08:00,21:15,20,203.02,pharmaceuticals,Sneha Iyer,
STP-101271,R-005,Colaba,19.261665,72.872315,warehouse,low,completed,traffic,2025-01-04,06:15,08:00,30,75.36,groceries,Rahul Mehta,Handle with care
STP-101272,R-005,Panvel,18.92554,72.863341,warehouse,high,pending,,2024-06-20,14:00,16:15,55,477.77,groceries,Vikram Singh,Call before arrival
STP-101273,R-003,Bandra,19.069717,72.831651,warehouse,high,delayed,vehicle_issue,2025-05-12,22:15,22:15,13,74.9,electronics,Priya Patel,
STP-101274,R-001,Vashi,19.027372,72.812899,warehouse,medium,failed,,2024-07-18,11:30,22:45,49,106.99,pharmaceuticals,Sneha Iyer,
STP-101275,R-013,Thane,19.099698,72.983319,delivery,low,pending,customer_unavailable,2024-07-20,21:45,21:45,8,443.78,electronics,Rahul Mehta,Leave at doorstep
STP-101276,R-013,Colaba,18.9384,72.906551,pickup,medium,delayed,vehicle_issue,2025-11-09,10:30,18:45,44,243.94,furniture,Rahul Mehta,Handle with care
STP-101277,R-015,Kurla,19.135185,72.837624,warehouse,high,completed,,2024-04-04,11:45,22:45,27,256.78,electronics,Rahul Mehta,Fragile
STP-101278,R-001,Dadar,19.140645,72.91534,delivery,low,pending,,2024-10-02,13:00,16:45,60,253.94,pharmaceuticals,Vikram Singh,Handle with care
STP-101279,R-006,Dadar,18.991953,73.00851,delivery,low,delayed,,2025-05-23,10:00,10:00,37,184.39,electronics,Rahul Mehta,
STP-101280,R-008,Powai,19.148096,72.887269,delivery,high,pending,traffic,2024-02-28,15:00,15:00,41,494.95,furniture,Priya Patel,Urgent delivery
STP-101281,R-011,Colaba,19.281564,72.849368,pickup,high,completed,,2024-02-14,15:45,15:45,52,482.51,furniture,Rahul Mehta,Leave at doorstep
STP-101282,R-011,Dadar,19.172707,72.863031,delivery,medium,completed,,2025-07-25,07:15,09:00,46,451.32,electronics,Amit Sharma,Leave at doorstep
STP-101283,R-004,Thane,19.021396,72.931323,delivery,medium,completed,traffic,2024-05-18,21:15,21:15,6,253.2,pharmaceuticals,Amit Sharma,Call before arrival
STP-101284,R-016,Dadar,19.01033,72.986732,pickup,medium,failed,traffic,2025-08-21,22:00,22:00,53,15.93,pharmaceuticals,Vikram Singh,Urgent delivery
STP-101285,R-012,Powai,18.897163,73.058004,pickup,low,failed,,2024-09-02,21:00,21:00,18,164.06,electronics,Rahul Mehta,Fragile
STP-101286,R-011,Andheri,19.142291,72.845201,pickup,low,completed,,2025-06-18,15:15,21:15,18,33.73,groceries,Sneha Iyer,Call before arrival
STP-101287,R-004,Thane,18.925838,72.954098,delivery,low,completed,,2024-10-13,13:15,13:15,42,409.89,pharmaceuticals,Priya Patel,Urgent delivery
STP-101288,R-010,Kurla,19.200522,73.062928,warehouse,low,completed,customer_unavailable,2025-05-11,16:45,16:45,34,235.32,groceries,Sneha Iyer,
STP-101289,R-005,Powai,18.971854,73.025694,pickup,high,completed,,2025-09-18,21:30,21:30,30,233.01,electronics,Rahul Mehta,
STP-101290,R-001,Colaba,18.980257,73.020645,pickup,high,delayed,,2025-06-30,06:15,20:00,7,250.94,electronics,Rahul Mehta,
STP-101291,R-006,Colaba,18.999851,72.929134,warehouse,medium,completed,,2025-09-02,16:00,18:00,6,48.57,groceries,Rahul Mehta,Fragile
STP-101292,R-020,Vashi,19.151028,72.91326,delivery,low,pending,,2025-01-06,19:00,19:00,18,295.23,pharmaceuticals,Vikram Singh,Leave at doorstep
STP-101293,R-011,Andheri,19.069807,73.098137,warehouse,medium,failed,weather,2025-09-02,20:15,20:15,33,246.12,electronics,Rahul Mehta,Urgent delivery
STP-101294,R-005,Vashi,19.291929,72.910044,warehouse,low,failed,customer_unavailable,2024-04-17,06:00,07:15,52,161.56,electronics,Sneha Iyer,
STP-101295,R-002,Kurla,19.282999,73.009204,warehouse,medium,delayed,,2024-02-16,18:45,18:45,59,220.69,pharmaceuticals,Sneha Iyer,Call before arrival
STP-101296,R-008,Andheri,19.120808,72.998336,delivery,low,failed,traffic,2025-07-09,20:00,20:00,40,174.13,pharmaceuticals,Rahul Mehta,
STP-101297,R-019,Colaba,18.960716,73.049622,pickup,medium,delayed,weather,2024-11-06,18:00,18:00,35,499.39,furniture,Priya Patel,Call before arrival
STP-101298,R-001,Panvel,18.9922,72.959307,delivery,high,delayed,,2025-05-14,16:15,16:15,12,66.96,pharmaceuticals,Amit Sharma,Leave at doorstep
STP-101299,R-018,Kurla,19.029161,73.052831,delivery,low,failed,traffic,2025-11-30,20:15,20:15,24,434.1,electronics,Amit Sharma,
STP-101300,R-015,Andheri,18.941768,72.81913,delivery,medium,failed,,2024-10-24,08:15,22:15,23,301.22,groceries,Amit Sharma,Call before arrival
STP-101301,R-020,Powai,19.265643,72.811876,warehouse,medium,failed,,2025-05-06,08:15,11:45,8,283.86,electronics,Priya Patel,
STP-101302,R-006,Borivali,19.056444,72.826616,delivery,medium,completed,,2025-08-04,22:00,22:00,23,30.06,electronics,Sneha Iyer,Fragile
STP-101303,R-015,Borivali,19.149921,72.932711,warehouse,low,completed,,2025-12-28,13:45,18:15,42,132.74,furniture,Priya Patel,
STP-101304,R-005,Powai,18.932139,72.878396,pickup,high,failed,,2025-09-06,13:00,22:30,54,18.46,pharmaceuticals,Priya Patel,Fragile
STP-101305,R-012,Kurla,19.037225,73.027654,warehouse,medium,delayed,,2024-06-10,09:00,09:00,53,491.26,furniture,Sneha Iyer,
STP-101306,R-002,Vashi,19.001567,72.959468,warehouse,medium,delayed,vehicle_issue,2025-06-01,18:30,18:30,23,261.19,groceries,Amit Sharma,
STP-101307,R-013,Borivali,19.147711,72.931672,warehouse,low,failed,traffic,2024-01-18,08:30,09:15,17,41.71,groceries,Priya Patel,
STP-101308,R-017,Vashi,18.999508,72.86926,delivery,medium,failed,,2025-09-17,18:00,18:00,27,143.46,furniture,Amit Sharma,
STP-101309,R-015,Colaba,19.227468,73.032771,pickup,low,pending,,2025-11-05,15:15,15:15,39,273.68,pharmaceuticals,Sneha Iyer,
STP-101310,R-012,Kurla,18.9845,72.818302,delivery,medium,failed,,2025-01-03,13:15,13:15,21,107.96,electronics,Rahul Mehta,Urgent delivery
STP-101311,R-010,Andheri,19.275138,72.883915,pickup,medium,completed,,2024-10-16,14:45,16:45,16,149.17,electronics,Vikram Singh,Call before arrival
STP-101312,R-007,Andheri,19.142692,72.9369,delivery,high,pending,,2025-05-12,08:30,12:00,19,115.32,electronics,Rahul Mehta,
STP-101313,R-016,Vashi,19.188999,72.813755,warehouse,high,delayed,vehicle_issue,2024-01-25,10:15,13:00,26,24.86,furniture,Rahul Mehta,Leave at doorstep
STP-101314,R-009,Panvel,19.039239,72.943875,warehouse,high,completed,,2024-07-12,21:15,21:15,51,416.22,furniture,Sneha Iyer,
STP-101315,R-011,Vashi,19.026345,73.084774,delivery,medium,completed,,2025-05-18,07:30,18:30,20,110.69,furniture,Sneha Iyer,
STP-101316,R-010,Thane,19.272961,72.907398,pickup,medium,completed,,2024-09-02,21:00,21:00,38,15.54,electronics,Vikram Singh,
STP-101317,R-020,Kurla,18.979179,73.076252,pickup,high,pending,,2024-11-25,22:15,22:15,32,311.25,groceries,Priya Patel,Handle with care
STP-101318,R-007,Dadar,19.010557,73.008711,warehouse,low,delayed,customer_unavailable,2025-12-08,19:30,19:30,49,220.87,groceries,Priya Patel,
STP-101319,R-011,Kurla,19.257154,72.885169,pickup,high,delayed,,2025-03-10,18:30,18:30,55,440.46,furniture,Vikram Singh,Fragile
STP-101320,R-015,Bandra,19.170844,72.99325,delivery,low,failed,weather,2024-11-15,12:30,12:30,37,387.57,electronics,Priya Patel,
STP-101321,R-008,Powai,18.964747,72.954004,pickup,low,delayed,traffic,2025-01-11,09:45,22:30,24,251.72,pharmaceuticals,Vikram Singh,Fragile
STP-101322,R-002,Panvel,19.109514,73.035577,warehouse,high,pending,,2025-02-02,18:00,20:30,25,170.88,electronics,Rahul Mehta,Fragile
STP-101323,R-007,Andheri,19.237533,72.97467,warehouse,medium,failed,,2025-04-08,18:30,18:30,57,132.75,furniture,Sneha Iyer,Fragile
STP-101324,R-003,Andheri,19.250858,72.834549,pickup,high,completed,vehicle_issue,2025-08-12,22:45,22:45,48,478.25,electronics,Amit Sharma,Call before arrival
STP-101325,R-004,Borivali,18.92409,73.036999,delivery,high,delayed,,2025-01-09,19:15,19:15,11,331.12,furniture,Amit Sharma,Fragile
STP-101326,R-004,Powai,18.91157,72.812289,delivery,high,delayed,,2025-08-15,13:45,19:00,21,182.81,groceries,Sneha Iyer,
STP-101327,R-005,Colaba,19.104199,72.788973,warehouse,high,completed,traffic,2024-05-23,13:45,13:45,44,136.01,pharmaceuticals,Rahul Mehta,
STP-101328,R-013,Kurla,18.972549,72.792158,pickup,high,delayed,,2025-02-22,10:00,10:00,28,268.33,electronics,Vikram Singh,
STP-101329,R-012,Thane,19.208489,72.830964,delivery,medium,completed,,2025-10-23,20:15,20:15,58,246.6,pharmaceuticals,Vikram Singh,
STP-101330,R-018,Kurla,19.29656,73.030652,delivery,low,delayed,,2024-07-29,19:15,19:15,35,249.24,electronics,Rahul Mehta,Leave at doorstep
STP-101331,R-011,Panvel,18.922091,72.819566,warehouse,medium,failed,,2024-12-18,16:45,16:45,45,252.5,furniture,Rahul Mehta,Handle with care
STP-101332,R-018,Colaba,19.238272,72.787885,warehouse,high,failed,,2024-06-26,17:45,22:00,19,281.55,furniture,Vikram Singh,
STP-101333,R-007,Vashi,19.222997,73.016533,pickup,high,failed,,2025-07-31,19:00,19:00,49,211.58,electronics,Amit Sharma,Handle with care
STP-101334,R-006,Powai,19.259044,72.779732,pickup,medium,completed,,2024-09-05,06:15,19:45,33,123.95,pharmaceuticals,Rahul Mehta,
STP-101335,R-018,Borivali,19.090054,73.098786,warehouse,low,completed,traffic,2025-04-27,18:30,18:30,35,252.06,electronics,Rahul Mehta,Leave at doorstep
STP-101336,R-015,Colaba,19.082466,73.032763,delivery,high,delayed,,2024-08-26,12:15,12:15,9,435.71,groceries,Rahul Mehta,Call before arrival
STP-101337,R-003,Bandra,19.005922,72.920098,pickup,medium,completed,,2025-06-13,20:30,20:30,57,142.22,pharmaceuticals,Priya Patel,Fragile
STP-101338,R-009,Powai,19.128512,72.968659,warehouse,medium,completed,,2024-09-14,06:45,14:30,47,189.11,electronics,Priya Patel,Leave at doorstep
STP-101339,R-015,Borivali,18.89072,72.797596,warehouse,medium,failed,,2025-09-17,15:15,18:15,26,108.51,pharmaceuticals,Sneha Iyer,Handle with care
STP-101340,R-004,Kurla,19.006671,72.883476,warehouse,low,delayed,,2025-07-15,06:00,15:30,36,323.31,furniture,Priya Patel,
STP-101341,R-017,Panvel,19.298548,72.916545,delivery,medium,delayed,,2025-09-11,18:15,18:15,26,169.41,groceries,Amit Sharma,
STP-101342,R-014,Thane,19.245629,72.848021,warehouse,high,delayed,,2025-06-23,08:00,15:30,58,181.15,pharmaceuticals,Priya Patel,
STP-101343,R-019,Thane,19.124194,73.043564,warehouse,low,delayed,,2025-04-18,10:45,10:45,9,53.75,groceries,Rahul Mehta,Urgent delivery
STP-101344,R-015,Bandra,19.13727,72.985424,delivery,medium,delayed,,2024-05-24,19:45,19:45,27,172.31,groceries,Sneha Iyer,
STP-101345,R-007,Andheri,18.967239,72.956867,pickup,medium,pending,,2025-04-20,13:30,13:30,58,377.67,pharmaceuticals,Sneha Iyer,
STP-101346,R-002,Dadar,19.086034,72.998161,warehouse,medium,pending,,2024-05-10,06:45,10:00,27,474.91,groceries,Vikram Singh,Handle with care
STP-101347,R-005,Kurla,19.16567,72.822411,warehouse,low,completed,traffic,2025-08-21,21:15,22:45,37,408.75,pharmaceuticals,Vikram Singh,Handle with care
STP-101348,R-006,Andheri,19.112236,72.804494,delivery,low,delayed,customer_unavailable,2025-12-12,10:45,12:45,48,105.74,electronics,Priya Patel,Leave at doorstep
STP-101349,R-003,Dadar,19.187246,73.038166,warehouse,high,failed,,2024-11-08,08:45,08:45,56,265.48,pharmaceuticals,Amit Sharma,
STP-101350,R-007,Powai,19.026195,73.023576,delivery,low,failed,,2025-12-16,20:45,20:45,14,197.43,furniture,Amit Sharma,
STP-101351,R-015,Powai,19.139606,72.851957,delivery,low,delayed,,2025-10-29,12:15,13:15,38,497.32,furniture,Vikram Singh,Handle with care
STP-101352,R-008,Panvel,19.002263,73.038911,pickup,high,completed,,2025-10-09,19:45,19:45,13,184.68,groceries,Vikram Singh,Fragile
STP-101353,R-015,Powai,19.280697,72.860175,warehouse,low,failed,,2024-01-19,21:00,21:00,18,472.42,groceries,Vikram Singh,Urgent delivery
STP-101354,R-019,Panvel,19.017483,73.065213,warehouse,medium,completed,,2025-11-09,14:00,14:00,19,99.88,electronics,Priya Patel,
STP-101355,R-011,Colaba,19.16436,72.860146,pickup,low,failed,traffic,2025-09-08,08:45,14:15,50,119.22,pharmaceuticals,Priya Patel,Fragile
STP-101356,R-006,Thane,19.12967,72.91097,pickup,medium,completed,,2024-03-19,12:15,17:30,41,462.51,groceries,Amit Sharma,
STP-101357,R-015,Powai,19.056486,72.868817,warehouse,high,delayed,,2025-07-20,17:00,17:00,42,466.58,electronics,Vikram Singh,
STP-101358,R-018,Dadar,19.001815,72.772542,delivery,low,delayed,,2024-01-05,16:15,16:15,24,196.52,furniture,Vikram Singh,
STP-101359,R-009,Kurla,19.255757,72.785081,delivery,high,delayed,traffic,2024-03-24,14:00,18:00,57,372.34,furniture,Vikram Singh,
STP-101360,R-005,Bandra,19.188397,73.021352,pickup,high,delayed,,2025-02-11,10:00,18:45,14,304.49,pharmaceuticals,Amit Sharma,
STP-101361,R-006,Bandra,19.015498,72.943954,delivery,medium,delayed,,2024-10-13,10:15,13:15,15,221.14,pharmaceuticals,Vikram Singh,
STP-101362,R-001,Kurla,19.205647,72.890594,pickup,low,completed,weather,2025-01-14,14:45,18:45,35,91.19,furniture,Rahul Mehta,
STP-101363,R-006,Andheri,18.93863,72.91227,delivery,medium,failed,,2025-12-22,08:45,08:45,24,8.97,furniture,Priya Patel,Urgent delivery
STP-101364,R-013,Borivali,19.11561,72.967799,delivery,high,pending,,2025-12-10,20:45,20:45,16,29.29,pharmaceuticals,Amit Sharma,Handle with care
STP-101365,R-001,Dadar,19.249327,72.880015,delivery,medium,failed,,2024-03-08,08:45,10:00,27,125.43,furniture,Vikram Singh,Call before arrival
STP-101366,R-010,Kurla,19.160052,73.099407,pickup,low,completed,,2025-01-16,21:45,21:45,13,86.69,furniture,Rahul Mehta,
STP-101367,R-019,Kurla,18.995487,72.922762,delivery,low,delayed,,2024-07-23,22:30,22:30,23,369.49,pharmaceuticals,Amit Sharma,Leave at doorstep
STP-101368,R-001,Dadar,18.980322,72.952268,delivery,low,pending,vehicle_issue,2024-11-22,20:45,20:45,9,8.9,furniture,Priya Patel,
STP-101369,R-010,Bandra,18.988573,72.779347,delivery,medium,failed,traffic,2024-02-04,08:15,20:45,37,143.47,groceries,Sneha Iyer,
STP-101370,R-014,Vashi,19.059329,72.863256,pickup,high,failed,,2024-01-07,21:45,21:45,42,316.95,groceries,Sneha Iyer,Call before arrival
STP-101371,R-015,Vashi,19.182523,72.97187,pickup,high,pending,,2025-02-10,07:30,11:45,23,481.17,furniture,Vikram Singh,
STP-101372,R-011,Thane,19.121114,73.032381,pickup,medium,failed,,2024-11-18,08:00,17:30,7,295.07,electronics,Rahul Mehta,Urgent delivery
STP-101373,R-010,Dadar,19.260137,72.781773,delivery,medium,delayed,,2024-12-31,16:00,16:00,43,315.39,groceries,Priya Patel,Fragile
STP-101374,R-003,Dadar,19.221045,73.019716,pickup,medium,pending,,2024-05-16,22:45,22:45,55,168.09,electronics,Sneha Iyer,Handle with care
STP-101375,R-017,Bandra,18.988755,72.985904,pickup,high,pending,,2025-06-24,16:45,16:45,33,308.51,pharmaceuticals,Priya Patel,Handle with care
STP-101376,R-013,Andheri,18.9302,73.037084,delivery,low,completed,,2025-10-15,22:30,22:30,59,469.4,groceries,Vikram Singh,Call before arrival
STP-101377,R-011,Vashi,19.150112,73.057575,delivery,low,pending,weather,2024-05-19,14:30,15:00,18,241.76,groceries,Vikram Singh,
STP-101378,R-016,Powai,19.230744,73.025016,warehouse,low,failed,vehicle_issue,2024-09-13,10:15,10:15,28,166.76,electronics,Amit Sharma,Call before arrival
STP-101379,R-013,Vashi,19.038347,73.096816,pickup,medium,failed,,2024-04-30,19:15,19:15,39,78.24,pharmaceuticals,Sneha Iyer,Handle with care
STP-101380,R-005,Bandra,19.209652,73.053245,delivery,low,completed,,2025-08-11,13:00,13:00,42,335.42,groceries,Sneha Iyer,Urgent delivery
STP-101381,R-019,Andheri,19.289819,73.019192,delivery,low,failed,,2025-01-08,19:45,19:45,49,468.34,electronics,Amit Sharma,Leave at doorstep
STP-101382,R-002,Kurla,19.244774,72.885228,delivery,high,failed,,2024-03-13,14:45,22:30,44,247.64,furniture,Sneha Iyer,Leave at doorstep
STP-101383,R-017,Panvel,19.081205,73.01989,pickup,low,delayed,,2024-11-19,21:15,21:15,59,222.52,pharmaceuticals,Vikram Singh,Handle with care
STP-101384,R-018,Thane,19.280214,73.022948,delivery,high,pending,,2025-08-27,19:00,19:00,26,254.82,pharmaceuticals,Rahul Mehta,
STP-101385,R-002,Vashi,19.208327,72.810846,delivery,low,pending,vehicle_issue,2024-05-22,11:00,15:30,33,215.01,electronics,Rahul Mehta,Handle with care
STP-101386,R-002,Colaba,19.250732,72.81787,warehouse,high,failed,,2025-10-18,06:15,12:15,5,362.14,groceries,Amit Sharma,
STP-101387,R-002,Borivali,19.162927,73.096284,pickup,low,failed,,2025-01-19,17:45,22:30,59,192.2,furniture,Amit Sharma,
STP-101388,R-005,Colaba,19.206624,72.86451,warehouse,low,completed,,2025-08-04,06:00,12:45,41,285.33,pharmaceuticals,Priya Patel,Urgent delivery
STP-101389,R-018,Bandra,19.122187,72.924838,delivery,medium,failed,,2025-02-26,07:00,22:00,31,108.44,electronics,Vikram Singh,Leave at doorstep
STP-101390,R-018,Borivali,18.950515,72.876489,warehouse,medium,failed,,2024-12-11,10:15,21:45,59,110.73,pharmaceuticals,Priya Patel,
STP-101391,R-016,Colaba,19.109122,73.059566,delivery,high,delayed,vehicle_issue,2024-08-28,08:00,08:00,31,143.7,groceries,Amit Sharma,
STP-101392,R-019,Vashi,18.991858,72.878314,warehouse,low,failed,,2025-02-04,15:00,17:45,42,206.43,groceries,Vikram Singh,Leave at doorstep
STP-101393,R-015,Powai,19.001165,73.050304,delivery,high,failed,,2024-02-17,21:30,21:30,50,448.53,groceries,Priya Patel,Call before arrival
STP-101394,R-003,Kurla,19.226954,73.07298,warehouse,low,failed,,2024-06-20,18:00,18:00,47,130.07,furniture,Rahul Mehta,Fragile
STP-101395,R-006,Thane,18.891956,72.780281,pickup,low,delayed,,2024-04-27,10:30,22:15,27,378.18,furniture,Sneha Iyer,Urgent delivery
STP-101396,R-009,Dadar,19.296353,72.988052,warehouse,medium,pending,traffic,2024-01-16,12:30,21:15,13,117.05,electronics,Rahul Mehta,Handle with care
STP-101397,R-010,Colaba,19.195715,73.084372,pickup,low,failed,customer_unavailable,2025-09-01,22:15,22:15,30,373.39,furniture,Vikram Singh,
STP-101398,R-012,Andheri,19.12822,73.085363,pickup,low,delayed,,2024-07-20,13:30,13:30,53,53.95,furniture,Amit Sharma,
STP-101399,R-019,Dadar,18.900522,72.829292,warehouse,low,completed,,2024-10-25,09:00,09:00,6,242.44,furniture,Vikram Singh,
STP-101400,R-014,Colaba,19.209069,73.0867,warehouse,high,delayed,,2024-08-04,22:45,22:45,50,347.6,groceries,Rahul Mehta,Handle with care
STP-101401,R-006,Dadar,19.070487,72.893246,warehouse,high,pending,,2024-02-06,22:00,22:00,17,355.32,groceries,Sneha Iyer,
STP-101402,R-019,Panvel,19.182574,72.821166,delivery,high,delayed,,2025-08-14,16:30,16:30,48,32.93,groceries,Amit Sharma,
STP-101403,R-007,Vashi,18.897969,72.980445,pickup,medium,failed,weather,2024-01-19,10:00,12:30,51,335.71,groceries,Vikram Singh,Fragile
STP-101404,R-020,Kurla,19.252029,72.831461,warehouse,medium,pending,vehicle_issue,2025-09-05,21:15,21:15,39,379.18,furniture,Amit Sharma,
STP-101405,R-019,Thane,19.098299,72.879253,delivery,medium,pending,,2024-03-29,19:45,19:45,53,80.73,pharmaceuticals,Amit Sharma,Urgent delivery
STP-101406,R-020,Borivali,18.964441,73.096644,warehouse,high,completed,,2025-09-25,21:45,21:45,40,236.98,electronics,Rahul Mehta,
STP-101407,R-012,Colaba,19.048431,73.048467,pickup,high,delayed,,2025-02-19,09:15,13:00,56,27.28,furniture,Rahul Mehta,Urgent delivery
STP-101408,R-014,Vashi,18.912882,72.964601,pickup,medium,pending,,2025-11-20,07:00,16:45,38,216.6,pharmaceuticals,Rahul Mehta,Handle with care
STP-101409,R-010,Bandra,19.041335,72.886858,pickup,medium,failed,traffic,2024-01-17,13:00,22:00,47,418.9,electronics,Sneha Iyer,
STP-101410,R-001,Vashi,19.027124,72.960026,warehouse,high,completed,,2024-11-06,10:45,10:45,48,376.75,furniture,Vikram Singh,Call before arrival
STP-101411,R-015,Kurla,19.184839,73.032831,delivery,low,failed,,2024-04-29,21:00,21:00,43,113.22,pharmaceuticals,Amit Sharma,
STP-101412,R-012,Colaba,19.255563,72.850981,delivery,high,completed,,2025-10-11,12:45,12:45,14,160.38,furniture,Amit Sharma,Fragile
STP-101413,R-013,Andheri,19.240584,73.007608,delivery,medium,delayed,,2025-01-25,12:15,12:15,32,488.61,furniture,Amit Sharma,
STP-101414,R-013,Dadar,18.981726,72.849818,warehouse,low,delayed,,2025-01-06,21:00,21:00,19,326.83,groceries,Rahul Mehta,Urgent delivery
STP-101415,R-003,Thane,19.11623,73.026676,delivery,medium,failed,vehicle_issue,2025-08-31,15:00,15:00,42,451.62,electronics,Vikram Singh,Leave at doorstep
STP-101416,R-005,Dadar,19.261617,73.072387,delivery,medium,delayed,,2024-10-01,09:30,22:00,60,116.7,groceries,Rahul Mehta,
STP-101417,R-018,Borivali,18.98013,72.869168,warehouse,medium,delayed,,2025-05-19,20:45,20:45,60,132.61,electronics,Rahul Mehta,Fragile
STP-101418,R-005,Kurla,19.274763,72.980056,delivery,low,delayed,,2024-08-04,17:45,17:45,6,242.97,furniture,Amit Sharma,
STP-101419,R-020,Andheri,19.051805,72.847685,pickup,low,completed,,2025-08-01,07:45,14:00,57,476.56,pharmaceuticals,Rahul Mehta,
STP-101420,R-004,Colaba,19.26583,72.805576,pickup,medium,delayed,,2025-08-29,09:15,14:30,50,313.78,electronics,Priya Patel,Leave at doorstep
STP-101421,R-005,Vashi,19.205353,72.821865,delivery,medium,failed,,2024-04-11,06:30,09:15,11,456.68,groceries,Vikram Singh,Fragile
STP-101422,R-008,Panvel,19.233051,72.962914,pickup,low,delayed,,2025-09-17,08:15,18:45,24,145.38,furniture,Amit Sharma,
STP-101423,R-008,Borivali,19.017744,72.814203,delivery,high,completed,,2024-03-03,15:45,15:45,41,202.05,groceries,Sneha Iyer,Leave at doorstep
STP-101424,R-005,Andheri,18.953542,72.804317,warehouse,high,pending,,2025-11-01,18:00,21:00,37,289.31,pharmaceuticals,Amit Sharma,
STP-101425,R-012,Thane,19.29454,72.870816,delivery,low,pending,,2025-06-09,16:15,20:00,25,114.73,furniture,Vikram Singh,Call before arrival
STP-101426,R-019,Colaba,18.957025,72.835727,warehouse,high,pending,weather,2025-10-12,18:45,18:45,16,391.32,electronics,Amit Sharma,Call before arrival
STP-101427,R-014,Colaba,18.895309,73.070703,warehouse,low,completed,traffic,2024-11-14,11:45,15:30,47,230.61,pharmaceuticals,Sneha Iyer,
STP-101428,R-007,Panvel,19.083184,73.039161,pickup,high,delayed,,2024-06-02,17:45,17:45,21,206.77,electronics,Vikram Singh,
STP-101429,R-006,Colaba,18.908234,72.808205,pickup,medium,delayed,,2024-04-03,21:15,21:15,39,236.23,electronics,Priya Patel,
STP-101430,R-016,Powai,18.981614,73.023695,pickup,low,pending,,2025-05-20,10:45,10:45,19,41.84,groceries,Sneha Iyer,Call before arrival
STP-101431,R-015,Dadar,19.284355,72.790368,warehouse,high,completed,,2024-11-18,17:45,22:00,42,484.51,groceries,Amit Sharma,Leave at doorstep
STP-101432,R-018,Kurla,19.269048,72.775893,warehouse,low,delayed,,2025-06-25,09:30,16:15,16,164.39,furniture,Sneha Iyer,Fragile
STP-101433,R-014,Dadar,18.932352,72.833384,delivery,medium,failed,,2024-12-09,12:00,12:00,48,469.48,electronics,Sneha Iyer,
STP-101434,R-018,Colaba,19.213331,73.037641,warehouse,medium,pending,,2024-11-20,18:30,18:30,32,346.74,groceries,Amit Sharma,Call before arrival
STP-101435,R-006,Kurla,19.120301,73.013861,pickup,low,completed,,2024-07-17,09:15,22:45,38,187.52,groceries,Amit Sharma,Handle with care
STP-101436,R-010,Dadar,19.042773,72.980688,delivery,high,failed,,2024-12-19,09:00,11:30,35,207.47,groceries,Priya Patel,Leave at doorstep
STP-101437,R-014,Dadar,18.956611,72.974321,delivery,high,completed,weather,2025-10-20,10:00,11:30,58,37.53,furniture,Vikram Singh,Fragile
STP-101438,R-018,Bandra,19.219209,72.822713,pickup,high,delayed,weather,2025-12-31,19:45,21:00,60,258.87,groceries,Priya Patel,
STP-101439,R-008,Vashi,19.031364,73.087885,warehouse,low,delayed,,2025-07-11,15:00,15:00,23,301.36,groceries,Amit Sharma,
STP-101440,R-019,Panvel,19.171431,72.799916,warehouse,low,failed,weather,2025-07-30,06:30,15:00,55,473.68,electronics,Rahul Mehta,Urgent delivery
STP-101441,R-010,Andheri,19.018529,73.092046,warehouse,medium,failed,weather,2024-03-27,08:00,10:30,19,138.04,electronics,Priya Patel,
STP-101442,R-002,Bandra,19.057558,73.08421,pickup,low,delayed,,2024-03-12,19:00,19:00,22,139.8,groceries,Amit Sharma,Fragile
STP-101443,R-004,Colaba,19.012155,72.93925,warehouse,medium,pending,,2024-01-20,19:15,19:45,38,76.47,pharmaceuticals,Vikram Singh,Handle with care
STP-101444,R-013,Thane,19.152157,72.996572,delivery,low,failed,,2024-07-09,16:30,16:30,12,218.64,groceries,Sneha Iyer,
STP-101445,R-007,Panvel,18.956312,72.868419,delivery,medium,completed,weather,2024-02-23,21:30,21:30,18,224.9,electronics,Sneha Iyer,
STP-101446,R-007,Kurla,19.016262,72.834414,pickup,medium,completed,,2025-08-16,18:00,21:30,32,332.45,electronics,Amit Sharma,Leave at doorstep
STP-101447,R-003,Thane,19.28111,73.035347,warehouse,high,pending,,2025-06-02,14:45,14:45,8,316.41,furniture,Priya Patel,
STP-101448,R-002,Panvel,19.237272,72.867571,pickup,high,pending,,2025-06-02,14:00,14:00,36,499.1,electronics,Amit Sharma,Call before arrival
STP-101449,R-010,Kurla,18.989084,72.815273,warehouse,medium,completed,,2024-07-14,19:00,19:00,21,10.23,pharmaceuticals,Vikram Singh,
STP-101450,R-013,Powai,19.014291,73.031837,delivery,medium,failed,vehicle_issue,2024-10-30,12:30,12:30,11,154.72,electronics,Priya Patel,Handle with care
STP-101451,R-011,Thane,19.080443,72.919869,delivery,high,delayed,,2024-11-02,18:15,21:45,20,179.96,groceries,Vikram Singh,Handle with care
STP-101452,R-006,Kurla,19.027022,72.952452,warehouse,low,pending,,2025-10-15,17:45,17:45,19,330.29,groceries,Rahul Mehta,
STP-101453,R-016,Dadar,19.162339,72.828977,pickup,medium,pending,vehicle_issue,2025-08-13,07:15,19:15,48,468.49,pharmaceuticals,Sneha Iyer,Call before arrival
STP-101454,R-007,Powai,18.954157,73.069169,pickup,medium,delayed,,2025-06-02,18:00,18:00,50,202.92,electronics,Amit Sharma,Handle with care
STP-101455,R-017,Vashi,18.940298,72.887401,delivery,high,delayed,,2025-01-02,21:15,21:15,10,46.14,electronics,Amit Sharma,Call before arrival
STP-101456,R-012,Vashi,19.031995,73.056181,pickup,low,delayed,,2025-07-06,14:30,19:30,13,230.69,furniture,Priya Patel,Call before arrival
STP-101457,R-016,Bandra,19.232564,72.799651,pickup,high,failed,,2025-12-07,09:30,21:15,7,39.29,electronics,Priya Patel,Handle with care
STP-101458,R-017,Andheri,18.939965,72.822054,warehouse,low,pending,,2025-04-27,13:15,13:15,40,411.43,electronics,Rahul Mehta,
STP-101459,R-008,Bandra,19.144749,72.986509,delivery,medium,pending,,2025-05-08,12:30,12:30,18,421.75,groceries,Amit Sharma,
STP-101460,R-010,Borivali,19.040649,72.992299,pickup,medium,completed,,2024-01-08,19:30,19:30,13,423.14,groceries,Amit Sharma,Fragile
STP-101461,R-019,Colaba,19.012906,72.99593,delivery,medium,pending,,2025-05-03,17:15,17:15,43,341.34,groceries,Sneha Iyer,Leave at doorstep
STP-101462,R-008,Colaba,19.19314,72.892777,warehouse,high,failed,,2024-06-20,06:30,22:00,15,70.04,pharmaceuticals,Rahul Mehta,
STP-101463,R-013,Colaba,19.174899,72.931509,warehouse,high,completed,weather,2024-12-19,21:45,22:00,34,21.56,pharmaceuticals,Rahul Mehta,Leave at doorstep
STP-101464,R-001,Bandra,19.020715,72.820595,delivery,high,failed,traffic,2025-06-27,13:30,13:30,48,24.93,pharmaceuticals,Rahul Mehta,
STP-101465,R-001,Powai,19.11683,73.043469,warehouse,high,failed,,2025-03-05,11:45,19:15,17,133.63,groceries,Priya Patel,Fragile
STP-101466,R-015,Vashi,19.143023,72.800574,delivery,low,failed,,2024-08-19,16:30,16:30,21,320.93,pharmaceuticals,Vikram Singh,
STP-101467,R-012,Bandra,18.89595,72.892854,delivery,medium,failed,,2025-05-03,13:30,17:45,47,23.64,furniture,Vikram Singh,
STP-101468,R-012,Powai,19.271988,73.093478,delivery,medium,failed,vehicle_issue,2025-02-21,06:00,19:45,23,431.21,groceries,Sneha Iyer,Urgent delivery
STP-101469,R-012,Andheri,18.999102,72.802806,warehouse,low,completed,,2024-07-31,10:30,10:30,29,437.03,furniture,Sneha Iyer,
STP-101470,R-012,Borivali,19.223093,72.884803,pickup,low,completed,,2025-08-26,09:15,11:00,57,422.56,groceries,Amit Sharma,Fragile
STP-101471,R-015,Panvel,18.890222,72.917924,warehouse,medium,delayed,,2024-06-13,08:15,20:45,52,17.02,pharmaceuticals,Sneha Iyer,Call before arrival
STP-101472,R-002,Dadar,19.159049,73.096694,pickup,high,pending,,2025-03-05,19:00,22:15,27,208.43,groceries,Vikram Singh,Fragile
STP-101473,R-010,Panvel,19.0749,72.943308,warehouse,medium,completed,,2025-10-24,21:45,21:45,55,253.65,furniture,Amit Sharma,
STP-101474,R-007,Colaba,19.174137,72.971103,delivery,high,failed,,2024-03-20,19:15,19:15,5,355.27,electronics,Priya Patel,
STP-101475,R-007,Bandra,19.0998,72.842784,delivery,medium,failed,customer_unavailable,2025-07-24,18:00,19:30,35,65.4,electronics,Sneha Iyer,Leave at doorstep
STP-101476,R-014,Powai,19.081279,73.074472,delivery,low,delayed,,2024-11-27,08:30,12:00,59,162.97,furniture,Sneha Iyer,Call before arrival
STP-101477,R-012,Andheri,19.12096,72.912377,delivery,medium,completed,,2024-06-07,09:30,09:30,5,100.79,electronics,Rahul Mehta,Fragile
STP-101478,R-019,Borivali,19.052045,72.913919,warehouse,medium,completed,traffic,2024-01-27,17:45,18:00,52,103.65,electronics,Sneha Iyer,
STP-101479,R-001,Panvel,19.101857,72.936294,pickup,high,pending,,2025-04-01,14:00,14:00,31,73.0,pharmaceuticals,Rahul Mehta,Leave at doorstep
STP-101480,R-001,Thane,18.959895,72.923826,warehouse,medium,failed,,2024-09-04,10:00,10:45,12,371.63,groceries,Rahul Mehta,
STP-101481,R-014,Bandra,19.071811,72.964127,pickup,high,delayed,weather,2024-01-20,13:45,13:45,55,385.99,groceries,Sneha Iyer,
STP-101482,R-004,Vashi,19.179065,72.896636,pickup,high,failed,weather,2024-06-11,11:30,13:45,7,491.43,electronics,Vikram Singh,Leave at doorstep
STP-101483,R-004,Dadar,19.204749,72.807675,delivery,medium,failed,,2025-09-10,18:30,18:30,59,317.49,furniture,Sneha Iyer,
STP-101484,R-004,Thane,19.187303,73.092983,delivery,high,completed,weather,2025-03-16,11:00,12:45,16,284.59,pharmaceuticals,Rahul Mehta,Urgent delivery
STP-101485,R-018,Panvel,19.041667,73.052857,warehouse,high,delayed,,2025-05-10,17:00,17:00,17,442.66,furniture,Priya Patel,Leave at doorstep
STP-101486,R-007,Borivali,19.136737,72.990722,warehouse,high,completed,,2024-11-15,20:45,20:45,23,375.03,groceries,Sneha Iyer,
STP-101487,R-001,Powai,18.909731,73.061698,pickup,medium,failed,traffic,2024-12-08,10:45,10:45,49,120.89,furniture,Rahul Mehta,
STP-101488,R-015,Colaba,18.978775,72.9407,warehouse,high,completed,,2024-08-01,17:15,17:45,58,74.53,groceries,Rahul Mehta,
STP-101489,R-001,Borivali,19.110103,72.929941,delivery,low,delayed,,2025-06-03,22:15,22:15,41,11.44,pharmaceuticals,Sneha Iyer,
STP-101490,R-001,Bandra,18.919172,73.022488,pickup,medium,pending,vehicle_issue,2024-05-27,14:45,14:45,38,347.47,groceries,Sneha Iyer,Fragile
STP-101491,R-018,Bandra,19.235988,72.811186,pickup,high,failed,weather,2024-03-15,22:30,22:30,14,175.02,furniture,Sneha Iyer,
STP-101492,R-011,Kurla,19.199977,72.964524,pickup,high,completed,,2025-01-19,08:00,19:15,20,254.83,furniture,Rahul Mehta,
STP-101493,R-013,Dadar,19.204258,73.082403,pickup,medium,failed,,2024-12-19,07:30,14:45,53,185.27,furniture,Amit Sharma,Leave at doorstep
STP-101494,R-018,Borivali,19.244911,72.995624,delivery,high,completed,,2025-04-30,21:45,21:45,36,462.81,pharmaceuticals,Rahul Mehta,
STP-101495,R-009,Panvel,19.139311,73.039704,pickup,medium,pending,vehicle_issue,2024-11-13,09:15,09:15,8,351.97,electronics,Vikram Singh,
STP-101496,R-013,Borivali,19.070036,72.770898,delivery,high,delayed,,2025-05-19,06:45,09:15,11,312.99,groceries,Sneha Iyer,
STP-101497,R-004,Andheri,19.21795,72.880458,pickup,high,delayed,,2025-04-10,17:15,17:15,23,159.18,furniture,Vikram Singh,
STP-101498,R-003,Panvel,19.242139,72.912207,delivery,low,failed,,2025-06-05,15:30,15:30,12,220.91,pharmaceuticals,Vikram Singh,Fragile
STP-101499,R-008,Powai,18.980743,72.942801,delivery,medium,pending,traffic,2025-04-01,08:45,08:45,33,222.93,electronics,Rahul Mehta,Urgent delivery
STP-101500,R-004,Panvel,19.061495,72.809404,pickup,low,pending,,2025-04-22,06:15,20:30,33,245.86,pharmaceuticals,Sneha Iyer,
STP-101501,R-020,Thane,19.0638,72.964159,delivery,high,pending,traffic,2025-09-29,22:45,22:45,14,325.74,furniture,Amit Sharma,Urgent delivery
STP-101502,R-015,Borivali,18.920985,72.994423,pickup,medium,pending,,2025-02-25,06:30,13:45,36,25.11,electronics,Sneha Iyer,
STP-101503,R-008,Bandra,18.956451,72.825231,delivery,medium,pending,,2025-06-05,19:00,19:00,21,83.72,pharmaceuticals,Amit Sharma,
STP-101504,R-005,Panvel,18.908898,72.804125,pickup,low,failed,,2024-04-15,12:15,12:15,55,182.57,groceries,Sneha Iyer,Urgent delivery
STP-101505,R-020,Vashi,19.287327,73.063445,delivery,medium,pending,,2025-05-31,21:45,21:45,21,489.65,pharmaceuticals,Sneha Iyer,
STP-101506,R-016,Vashi,18.89868,72.822972,pickup,medium,failed,,2024-08-25,22:30,22:30,36,382.95,groceries,Rahul Mehta,Urgent delivery
STP-101507,R-003,Thane,18.894327,72.868939,delivery,high,failed,,2024-04-04,09:00,15:00,28,385.57,electronics,Priya Patel,
STP-101508,R-011,Colaba,18.928972,72.836204,delivery,medium,failed,,2025-02-12,06:30,17:00,54,272.49,electronics,Amit Sharma,Call before arrival
STP-101509,R-004,Colaba,18.952151,72.969814,pickup,low,failed,,2024-07-19,22:30,22:30,54,224.93,groceries,Priya Patel,
STP-101510,R-005,Borivali,18.905603,72.80018,delivery,medium,completed,,2025-06-10,20:30,20:30,20,18.51,groceries,Amit Sharma,Leave at doorstep
STP-101511,R-008,Dadar,18.919633,72.810166,pickup,medium,delayed,,2024-06-12,15:45,15:45,49,365.76,electronics,Rahul Mehta,Fragile
STP-101512,R-004,Thane,19.200754,73.048823,warehouse,medium,pending,,2024-01-13,21:45,21:45,30,424.19,furniture,Amit Sharma,Call before arrival
STP-101513,R-019,Thane,19.233165,73.093542,pickup,medium,completed,,2024-01-23,09:15,13:30,7,268.71,furniture,Amit Sharma,Leave at doorstep
STP-101514,R-006,Kurla,18.996539,73.091661,warehouse,medium,pending,,2024-07-05,09:45,16:45,37,463.52,groceries,Amit Sharma,
STP-101515,R-006,Panvel,19.168331,72.901701,delivery,medium,delayed,,2024-08-20,18:30,18:30,35,410.4,groceries,Amit Sharma,
STP-101516,R-001,Thane,19.175066,72.929379,warehouse,high,delayed,customer_unavailable,2025-03-13,08:30,13:30,51,333.2,pharmaceuticals,Sneha Iyer,
STP-101517,R-006,Andheri,19.293145,72.851231,warehouse,medium,failed,,2024-06-12,22:15,22:15,21,33.7,pharmaceuticals,Priya Patel,
STP-101518,R-019,Andheri,18.934608,73.067868,pickup,high,pending,,2024-03-27,22:30,22:30,55,317.83,pharmaceuticals,Rahul Mehta,
STP-101519,R-005,Andheri,19.034736,73.016492,delivery,medium,pending,traffic,2025-12-25,07:30,21:45,32,446.24,groceries,Rahul Mehta,Urgent delivery
STP-101520,R-017,Vashi,19.085506,72.819778,warehouse,medium,pending,vehicle_issue,2025-11-10,14:15,14:30,8,48.21,furniture,Rahul Mehta,
STP-101521,R-001,Andheri,19.221497,72.932941,delivery,low,failed,,2025-10-28,07:15,16:30,30,8.89,pharmaceuticals,Priya Patel,
STP-101522,R-014,Bandra,19.080942,72.994427,delivery,high,failed,vehicle_issue,2024-11-13,21:00,22:15,55,156.54,pharmaceuticals,Amit Sharma,Fragile
STP-101523,R-018,Kurla,19.053082,72.835547,pickup,low,failed,,2024-03-28,06:00,13:30,34,317.68,pharmaceuticals,Priya Patel,
STP-101524,R-013,Borivali,18.999866,72.874318,warehouse,medium,pending,,2025-10-13,12:30,12:30,44,426.75,pharmaceuticals,Rahul Mehta,
STP-101525,R-012,Vashi,18.955609,72.770568,pickup,low,pending,,2024-12-02,14:15,14:15,16,459.63,groceries,Rahul Mehta,
STP-101526,R-009,Panvel,19.234087,72.89738,warehouse,medium,failed,,2025-03-31,09:15,11:45,28,110.83,furniture,Rahul Mehta,
STP-101527,R-015,Dadar,18.968429,73.068414,pickup,low,failed,,2025-07-30,19:00,19:00,30,181.89,groceries,Rahul Mehta,
STP-101528,R-012,Dadar,19.138199,72.882455,delivery,low,delayed,traffic,2025-02-16,19:00,19:00,47,126.52,pharmaceuticals,Priya Patel,
STP-101529,R-014,Panvel,18.903808,72.958456,warehouse,medium,failed,,2025-12-31,08:45,08:45,42,441.77,pharmaceuticals,Sneha Iyer,
STP-101530,R-004,Andheri,18.969985,73.063647,delivery,medium,pending,,2025-01-31,19:00,19:00,38,272.0,electronics,Rahul Mehta,Fragile
STP-101531,R-012,Kurla,19.252618,73.055694,delivery,high,completed,,2024-09-30,11:15,11:15,10,269.55,electronics,Vikram Singh,
STP-101532,R-001,Powai,19.240223,73.040076,pickup,low,failed,,2024-05-13,16:30,16:30,14,302.79,pharmaceuticals,Vikram Singh,Call before arrival
STP-101533,R-005,Andheri,18.969461,72.999643,warehouse,high,failed,traffic,2024-01-26,11:15,11:15,46,274.56,electronics,Rahul Mehta,Urgent delivery
STP-101534,R-004,Vashi,19.171664,73.075821,pickup,high,pending,vehicle_issue,2025-05-17,20:00,20:00,38,150.23,furniture,Priya Patel,
STP-101535,R-016,Vashi,18.925966,72.9487,warehouse,low,failed,,2024-02-26,11:00,11:00,16,109.47,furniture,Priya Patel,Leave at doorstep
STP-101536,R-020,Panvel,19.011039,72.971189,pickup,low,completed,,2024-05-14,18:30,18:30,47,242.17,furniture,Vikram Singh,Handle with care
STP-101537,R-005,Thane,18.918623,72.801325,warehouse,low,completed,,2025-06-07,15:45,20:15,40,219.23,electronics,Amit Sharma,Fragile
STP-101538,R-001,Colaba,19.100856,72.965206,pickup,low,delayed,,2025-07-01,14:00,15:15,57,186.75,furniture,Priya Patel,Urgent delivery
STP-101539,R-018,Andheri,18.947205,72.771135,pickup,high,failed,weather,2025-11-21,21:00,21:00,31,405.58,pharmaceuticals,Priya Patel,Leave at doorstep
STP-101540,R-005,Colaba,19.155107,73.081736,delivery,low,delayed,,2025-01-02,15:45,15:45,12,483.81,electronics,Priya Patel,Fragile
STP-101541,R-016,Powai,19.211902,72.941661,pickup,high,delayed,weather,2024-08-22,13:00,21:30,47,39.38,groceries,Priya Patel,Leave at doorstep
STP-101542,R-005,Bandra,19.219677,72.840223,delivery,low,delayed,,2025-12-06,15:00,15:00,34,377.68,furniture,Sneha Iyer,Urgent delivery
STP-101543,R-011,Vashi,19.207705,72.936536,warehouse,low,failed,,2025-04-14,18:45,18:45,15,216.66,furniture,Vikram Singh,
STP-101544,R-001,Powai,19.041632,73.053819,delivery,high,completed,vehicle_issue,2024-12-18,12:15,12:15,47,19.05,furniture,Rahul Mehta,Fragile
STP-101545,R-013,Thane,19.128498,72.800372,warehouse,low,completed,,2024-02-17,20:45,20:45,30,337.35,electronics,Priya Patel,Leave at doorstep
STP-101546,R-009,Bandra,19.295844,72.89857,delivery,medium,completed,vehicle_issue,2025-10-02,12:00,17:45,39,212.59,pharmaceuticals,Priya Patel,
STP-101547,R-018,Thane,19.056163,73.095402,pickup,low,delayed,,2025-02-05,13:15,13:15,19,146.13,electronics,Priya Patel,
STP-101548,R-012,Borivali,18.900793,72.867439,warehouse,high,delayed,,2025-06-23,18:30,21:00,36,191.78,groceries,Priya Patel,
STP-101549,R-020,Powai,18.935781,72.796252,delivery,high,pending,,2024-03-16,09:00,16:15,10,119.65,groceries,Amit Sharma,
STP-101550,R-020,Kurla,19.035297,72.779037,warehouse,medium,completed,,2025-02-20,17:30,17:30,28,404.62,electronics,Rahul Mehta,
STP-101551,R-011,Andheri,19.097697,72.809159,warehouse,medium,failed,,2024-10-29,13:00,13:00,27,116.36,groceries,Amit Sharma,Leave at doorstep
STP-101552,R-013,Vashi,18.922778,72.979759,delivery,medium,delayed,vehicle_issue,2025-09-25,20:30,20:30,45,441.73,pharmaceuticals,Vikram Singh,
STP-101553,R-011,Powai,18.969566,72.988915,delivery,low,completed,,2024-07-30,08:45,13:15,42,412.55,furniture,Priya Patel,
STP-101554,R-010,Thane,19.078318,72.873223,pickup,low,pending,,2025-09-06,22:30,22:30,58,302.51,furniture,Vikram Singh,Call before arrival
STP-101555,R-010,Vashi,18.922772,72.914102,pickup,high,failed,,2025-07-26,17:30,17:30,41,209.95,pharmaceuticals,Amit Sharma,
STP-101556,R-017,Vashi,18.999537,72.855733,pickup,high,completed,,2025-05-22,09:30,18:30,13,10.22,furniture,Rahul Mehta,Handle with care
STP-101557,R-005,Bandra,19.21377,73.022278,pickup,high,delayed,,2025-06-12,14:15,20:30,6,52.53,pharmaceuticals,Amit Sharma,
STP-101558,R-010,Vashi,19.190093,72.810152,warehouse,low,completed,customer_unavailable,2024-06-02,11:00,11:00,31,30.12,pharmaceuticals,Rahul Mehta,Urgent delivery
STP-101559,R-017,Borivali,19.156723,72.778148,warehouse,high,failed,,2025-11-29,10:00,10:15,32,235.53,pharmaceuticals,Vikram Singh,Leave at doorstep
STP-101560,R-003,Dadar,18.909425,72.794924,pickup,medium,failed,,2025-07-07,18:00,18:00,43,114.43,groceries,Vikram Singh,Call before arrival
STP-101561,R-018,Colaba,19.069495,72.88404,warehouse,medium,failed,customer_unavailable,2024-05-22,09:15,09:30,57,267.94,electronics,Priya Patel,
STP-101562,R-012,Powai,18.920017,72.983211,warehouse,medium,pending,vehicle_issue,2024-01-31,13:15,13:15,47,433.55,furniture,Amit Sharma,
STP-101563,R-002,Powai,18.901832,72.951644,pickup,medium,pending,,2024-06-08,17:15,20:00,43,344.08,pharmaceuticals,Priya Patel,Urgent delivery
STP-101564,R-004,Andheri,19.053588,72.916663,pickup,low,delayed,,2024-05-19,21:15,21:15,54,324.3,furniture,Priya Patel,Leave at doorstep
STP-101565,R-005,Borivali,19.229502,73.095601,warehouse,low,pending,,2025-05-20,09:45,15:00,53,463.97,groceries,Rahul Mehta,Leave at doorstep
STP-101566,R-006,Borivali,19.260853,72.79043,pickup,high,failed,,2025-08-12,18:15,18:15,15,134.0,electronics,Sneha Iyer,Call before arrival
STP-101567,R-003,Andheri,19.238729,72.883877,warehouse,medium,delayed,weather,2025-12-16,22:45,22:45,38,150.42,groceries,Rahul Mehta,
STP-101568,R-018,Panvel,19.074697,72.942068,pickup,medium,pending,,2025-10-26,14:00,22:00,6,386.74,pharmaceuticals,Rahul Mehta,Call before arrival
STP-101569,R-019,Powai,18.906022,72.831471,delivery,low,pending,,2024-11-28,20:15,20:15,44,235.72,furniture,Vikram Singh,Leave at doorstep
STP-101570,R-016,Thane,18.901181,73.017138,pickup,high,failed,,2024-10-27,14:45,14:45,34,397.32,groceries,Priya Patel,
STP-101571,R-015,Panvel,19.130827,73.013909,pickup,medium,completed,vehicle_issue,2025-04-17,08:45,19:45,28,325.29,furniture,Rahul Mehta,Handle with care
STP-101572,R-001,Andheri,19.261178,72.906391,warehouse,high,pending,,2025-08-07,17:00,20:00,60,415.23,pharmaceuticals,Amit Sharma,
STP-101573,R-020,Colaba,19.220533,72.956698,pickup,low,failed,,2024-05-11,20:15,20:15,27,343.7,pharmaceuticals,Priya Patel,Fragile
STP-101574,R-019,Vashi,19.263219,72.865666,warehouse,low,delayed,,2025-10-25,17:45,17:45,28,268.2,pharmaceuticals,Amit Sharma,
STP-101575,R-008,Dadar,19.248194,72.938863,pickup,medium,pending,customer_unavailable,2024-01-25,12:00,19:45,56,114.45,furniture,Sneha Iyer,
STP-101576,R-014,Powai,18.961719,73.047665,pickup,high,completed,customer_unavailable,2025-01-22,21:30,21:30,17,238.14,furniture,Amit Sharma,Fragile
STP-101577,R-011,Panvel,19.266731,72.96364,pickup,high,delayed,traffic,2024-09-16,07:00,08:15,30,139.19,furniture,Sneha Iyer,Handle with care
STP-101578,R-013,Borivali,19.175511,73.088835,warehouse,low,delayed,traffic,2025-11-02,18:45,18:45,5,86.14,pharmaceuticals,Sneha Iyer,Urgent delivery
STP-101579,R-005,Powai,19.131222,72.82072,delivery,medium,delayed,,2024-11-14,18:45,18:45,50,76.51,pharmaceuticals,Rahul Mehta,Urgent delivery
STP-101580,R-007,Borivali,18.944186,73.073891,delivery,high,failed,traffic,2024-12-12,11:45,11:45,36,334.06,groceries,Amit Sharma,Leave at doorstep
STP-101581,R-011,Powai,18.932708,73.025399,delivery,low,pending,,2024-01-25,07:45,21:15,48,208.02,groceries,Priya Patel,Call before arrival
STP-101582,R-003,Thane,19.0568,72.916634,delivery,high,failed,,2025-09-02,08:45,12:00,60,230.28,electronics,Vikram Singh,Handle with care
STP-101583,R-003,Andheri,18.955167,73.099448,pickup,low,pending,,2024-12-14,09:45,09:45,41,471.52,groceries,Priya Patel,
STP-101584,R-009,Dadar,19.271008,72.986454,pickup,low,completed,,2025-06-27,22:30,22:30,17,483.94,electronics,Rahul Mehta,
STP-101585,R-015,Panvel,18.957888,73.036908,delivery,low,pending,customer_unavailable,2025-03-30,13:00,22:45,15,90.56,pharmaceuticals,Vikram Singh,Call before arrival
STP-101586,R-001,Panvel,18.903152,72.777613,pickup,medium,pending,,2024-09-16,07:30,09:15,11,173.49,groceries,Rahul Mehta,
STP-101587,R-007,Borivali,19.082341,73.056689,delivery,low,delayed,,2025-03-03,06:00,21:00,56,364.98,groceries,Amit Sharma,Fragile
STP-101588,R-011,Panvel,19.186443,73.03102,delivery,medium,failed,vehicle_issue,2024-10-17,17:00,17:00,5,339.65,groceries,Priya Patel,Urgent delivery
STP-101589,R-013,Vashi,18.940046,73.014901,pickup,low,failed,,2025-03-03,19:45,19:45,10,230.47,electronics,Amit Sharma,Handle with care
STP-101590,R-016,Borivali,19.054196,72.787546,pickup,medium,delayed,,2024-04-14,21:15,21:15,56,311.4,electronics,Priya Patel,Handle with care
STP-101591,R-008,Dadar,19.186836,72.8441,delivery,high,pending,,2024-03-01,11:00,22:15,22,326.99,electronics,Rahul Mehta,Fragile
STP-101592,R-015,Dadar,19.1228,72.879778,delivery,high,delayed,,2025-10-01,21:30,21:30,36,217.5,furniture,Vikram Singh,Urgent delivery
STP-101593,R-015,Andheri,19.020011,73.068889,delivery,high,failed,weather,2025-09-06,13:30,18:30,38,105.01,groceries,Priya Patel,
STP-101594,R-005,Powai,19.149767,72.979911,warehouse,medium,completed,traffic,2024-06-17,13:45,15:00,11,118.99,pharmaceuticals,Rahul Mehta,Urgent delivery
STP-101595,R-010,Colaba,19.103141,73.021272,delivery,low,completed,,2025-06-09,10:00,10:00,50,473.32,pharmaceuticals,Sneha Iyer,Handle with care
STP-101596,R-009,Vashi,19.232472,72.798938,pickup,high,failed,,2025-11-18,06:45,06:45,50,417.53,groceries,Vikram Singh,
STP-101597,R-014,Andheri,18.939905,72.823051,pickup,high,failed,,2025-07-11,17:45,17:45,58,33.55,electronics,Vikram Singh,Urgent delivery
STP-101598,R-012,Colaba,19.091694,72.793467,pickup,medium,pending,vehicle_issue,2025-08-25,11:45,14:00,10,203.42,groceries,Priya Patel,
STP-101599,R-003,Vashi,19.268787,72.77763,delivery,medium,completed,,2025-03-27,10:15,14:45,33,7.69,furniture,Amit Sharma,
STP-101600,R-020,Thane,18.977241,72.836998,warehouse,low,delayed,traffic,2025-08-07,18:15,18:15,41,418.47,electronics,Priya Patel,Fragile
STP-101601,R-015,Kurla,19.210895,73.037377,warehouse,medium,delayed,vehicle_issue,2025-02-13,20:15,20:15,26,499.63,electronics,Priya Patel,Urgent delivery
STP-101602,R-010,Borivali,19.110603,72.797855,warehouse,medium,failed,,2024-09-29,16:15,16:15,47,377.38,electronics,Vikram Singh,Leave at doorstep
STP-101603,R-007,Powai,18.996925,73.040689,warehouse,medium,delayed,,2025-03-16,16:30,17:45,31,165.7,electronics,Sneha Iyer,Fragile
STP-101604,R-007,Panvel,19.069164,72.889022,warehouse,high,completed,,2024-05-29,12:15,16:15,30,330.34,groceries,Vikram Singh,
STP-101605,R-017,Powai,18.944228,72.801408,pickup,medium,delayed,,2025-02-07,15:30,19:45,7,51.79,groceries,Amit Sharma,
STP-101606,R-012,Powai,19.021143,72.798276,delivery,medium,delayed,,2024-02-03,22:00,22:00,49,243.39,groceries,Rahul Mehta,
STP-101607,R-001,Colaba,19.141484,72.948863,warehouse,low,pending,,2024-04-24,21:45,21:45,38,487.26,electronics,Amit Sharma,
STP-101608,R-006,Powai,18.963408,72.857783,delivery,medium,failed,,2024-03-13,11:00,20:45,7,337.86,electronics,Vikram Singh,
STP-101609,R-007,Dadar,19.235545,72.800389,pickup,low,pending,weather,2024-08-30,16:30,16:30,34,432.06,electronics,Sneha Iyer,
STP-101610,R-002,Dadar,19.054345,72.838924,pickup,medium,completed,,2024-07-30,12:15,18:45,36,319.71,pharmaceuticals,Rahul Mehta,Fragile
STP-101611,R-019,Borivali,18.953526,72.957863,pickup,low,completed,,2025-04-22,17:45,17:45,7,123.24,pharmaceuticals,Priya Patel,
STP-101612,R-018,Panvel,19.275169,72.806495,warehouse,low,failed,,2024-10-29,14:15,14:15,46,33.22,groceries,Priya Patel,Handle with care
STP-101613,R-016,Kurla,18.943883,72.864578,pickup,high,delayed,,2025-12-08,18:15,18:15,54,85.32,pharmaceuticals,Sneha Iyer,
STP-101614,R-002,Borivali,19.052184,72.919872,delivery,high,completed,,2025-02-03,19:00,19:00,7,298.5,groceries,Vikram Singh,
STP-101615,R-009,Borivali,19.189252,72.844399,warehouse,medium,completed,,2024-05-21,07:00,12:30,23,260.57,pharmaceuticals,Amit Sharma,
STP-101616,R-020,Panvel,19.00042,72.934921,delivery,medium,delayed,,2024-11-28,08:30,08:30,47,451.77,electronics,Sneha Iyer,Leave at doorstep
STP-101617,R-020,Bandra,19.067992,72.856619,delivery,high,pending,,2025-03-04,06:00,07:45,53,14.97,pharmaceuticals,Vikram Singh,Urgent delivery
STP-101618,R-012,Colaba,19.093377,72.867213,delivery,medium,failed,,2024-05-05,10:30,10:30,49,320.71,groceries,Amit Sharma,Fragile
STP-101619,R-011,Powai,19.258242,72.96259,pickup,low,delayed,,2025-02-14,21:45,21:45,19,57.06,pharmaceuticals,Amit Sharma,
STP-101620,R-014,Powai,19.18926,72.862406,pickup,medium,delayed,,2024-09-10,15:30,15:30,51,368.95,furniture,Sneha Iyer,
STP-101621,R-015,Kurla,18.947212,72.932641,delivery,medium,failed,,2025-08-24,20:45,20:45,22,307.55,pharmaceuticals,Rahul Mehta,
STP-101622,R-011,Borivali,18.987738,72.834669,warehouse,low,pending,,2024-08-01,17:00,17:00,18,386.68,furniture,Vikram Singh,
STP-101623,R-014,Dadar,18.920232,73.054955,pickup,low,failed,,2024-05-22,11:30,11:30,22,436.28,furniture,Amit Sharma,
STP-101624,R-009,Bandra,18.921839,73.019024,delivery,low,pending,customer_unavailable,2025-12-06,17:15,17:15,40,74.64,pharmaceuticals,Amit Sharma,Urgent delivery
STP-101625,R-015,Borivali,18.929508,72.864042,delivery,low,failed,,2024-03-30,16:30,18:00,57,235.26,pharmaceuticals,Amit Sharma,
STP-101626,R-007,Panvel,18.989196,73.075805,delivery,low,pending,,2025-11-04,22:15,22:15,59,294.61,groceries,Amit Sharma,Leave at doorstep
STP-101627,R-018,Kurla,18.971083,72.871868,pickup,low,completed,weather,2024-08-03,07:00,17:00,13,113.75,groceries,Sneha Iyer,
STP-101628,R-013,Powai,18.905863,72.839569,delivery,low,delayed,,2025-12-23,16:45,16:45,32,158.6,pharmaceuticals,Priya Patel,
STP-101629,R-013,Powai,19.297981,73.052972,pickup,medium,failed,,2025-11-12,13:30,13:30,11,165.99,groceries,Amit Sharma,
STP-101630,R-011,Powai,19.242801,72.772223,pickup,high,pending,,2024-04-08,18:00,18:00,34,302.38,pharmaceuticals,Amit Sharma,Call before arrival
STP-101631,R-009,Panvel,18.914922,72.77519,delivery,medium,pending,,2025-10-05,15:30,18:15,56,185.77,groceries,Priya Patel,
STP-101632,R-007,Kurla,19.124234,73.040522,warehouse,high,pending,,2024-10-02,18:30,19:00,16,212.14,furniture,Priya Patel,Fragile
STP-101633,R-013,Vashi,19.27934,73.075678,pickup,low,delayed,weather,2024-08-30,10:30,13:15,38,474.12,furniture,Vikram Singh,
STP-101634,R-009,Colaba,19.111299,72.906393,delivery,medium,completed,weather,2024-11-10,20:15,20:15,33,281.64,furniture,Sneha Iyer,
STP-101635,R-015,Panvel,19.145906,72.840418,pickup,medium,delayed,,2025-10-24,21:15,21:15,50,476.41,pharmaceuticals,Rahul Mehta,
STP-101636,R-004,Powai,19.044857,72.797636,delivery,low,failed,,2024-01-23,16:15,20:00,60,297.04,furniture,Priya Patel,
STP-101637,R-018,Vashi,19.14963,73.079496,delivery,low,delayed,,2025-08-02,11:00,22:15,21,327.38,pharmaceuticals,Priya Patel,Leave at doorstep
STP-101638,R-020,Kurla,19.115669,72.902544,delivery,low,completed,customer_unavailable,2024-01-21,10:45,17:30,13,101.8,groceries,Rahul Mehta,
STP-101639,R-004,Borivali,19.067817,73.035828,delivery,medium,completed,,2025-07-29,22:15,22:15,58,490.5,groceries,Amit Sharma,
STP-101640,R-001,Bandra,19.062017,72.908627,pickup,medium,delayed,,2025-10-28,21:45,21:45,49,381.13,pharmaceuticals,Rahul Mehta,
STP-101641,R-003,Colaba,19.178892,72.788753,delivery,low,delayed,,2024-07-08,16:45,20:15,33,463.83,groceries,Vikram Singh,
STP-101642,R-010,Dadar,18.942804,72.816901,pickup,low,failed,,2024-04-21,16:45,16:45,14,360.14,electronics,Amit Sharma,
STP-101643,R-003,Panvel,18.969376,73.024332,warehouse,high,delayed,weather,2025-05-21,22:00,22:00,38,165.34,groceries,Amit Sharma,
STP-101644,R-004,Powai,19.199382,73.040029,pickup,low,completed,vehicle_issue,2024-08-30,08:30,08:30,18,270.89,furniture,Priya Patel,
STP-101645,R-013,Bandra,19.293379,72.953298,warehouse,medium,pending,,2025-03-05,17:15,19:15,35,162.59,groceries,Sneha Iyer,
STP-101646,R-004,Dadar,18.927407,72.812272,delivery,medium,delayed,,2024-12-05,13:15,13:15,48,235.15,pharmaceuticals,Amit Sharma,
STP-101647,R-007,Powai,19.156963,72.89821,pickup,high,delayed,weather,2025-12-23,13:15,13:15,16,321.54,groceries,Priya Patel,Fragile
STP-101648,R-004,Powai,19.09906,72.861051,delivery,medium,pending,vehicle_issue,2024-07-29,11:00,12:30,38,141.02,groceries,Rahul Mehta,Leave at doorstep
STP-101649,R-005,Borivali,19.011556,73.039031,delivery,medium,completed,,2025-03-28,12:15,18:45,11,57.76,electronics,Vikram Singh,
STP-101650,R-007,Vashi,19.108023,72.979086,warehouse,medium,failed,,2024-06-11,06:00,08:45,9,457.83,groceries,Amit Sharma,Fragile
STP-101651,R-011,Vashi,18.968273,72.900716,delivery,low,failed,weather,2024-12-13,16:15,16:15,40,378.82,groceries,Amit Sharma,
STP-101652,R-014,Powai,19.299145,72.908564,warehouse,low,failed,,2024-12-26,15:30,15:30,58,99.91,groceries,Sneha Iyer,Fragile
STP-101653,R-018,Andheri,18.985901,72.950589,pickup,medium,completed,,2024-08-14,22:45,22:45,9,353.19,groceries,Rahul Mehta,Urgent delivery
STP-101654,R-009,Panvel,19.027285,72.773515,warehouse,high,delayed,,2024-09-13,11:00,11:00,15,282.52,electronics,Rahul Mehta,Leave at doorstep
STP-101655,R-008,Powai,18.911434,72.845477,delivery,low,delayed,,2025-09-10,12:30,12:30,20,361.98,electronics,Amit Sharma,
STP-101656,R-003,Borivali,19.199903,72.839058,pickup,medium,completed,,2024-11-04,07:30,17:15,21,338.17,furniture,Vikram Singh,
STP-101657,R-016,Panvel,19.215694,72.876721,delivery,high,completed,,2024-08-08,10:15,11:00,36,361.48,pharmaceuticals,Amit Sharma,Urgent delivery
STP-101658,R-006,Vashi,19.223659,73.009727,warehouse,high,pending,,2025-05-10,06:45,18:00,22,353.21,electronics,Vikram Singh,Leave at doorstep
STP-101659,R-003,Bandra,19.273237,72.777129,pickup,medium,completed,weather,2025-06-20,08:30,12:00,47,238.19,furniture,Priya Patel,Handle with care
STP-101660,R-010,Colaba,18.976565,72.826575,warehouse,low,pending,weather,2025-02-10,19:30,22:45,19,33.19,groceries,Sneha Iyer,
STP-101661,R-015,Thane,19.174501,72.874001,delivery,high,failed,weather,2025-07-10,18:30,18:30,47,245.66,groceries,Sneha Iyer,
STP-101662,R-002,Thane,18.919552,72.939324,warehouse,medium,pending,,2025-03-10,19:30,21:30,45,215.9,furniture,Amit Sharma,Handle with care
STP-101663,R-019,Andheri,19.125532,72.78934,warehouse,medium,completed,,2024-05-04,16:00,19:45,46,148.11,pharmaceuticals,Sneha Iyer,Urgent delivery
STP-101664,R-020,Andheri,19.030219,72.776627,pickup,low,delayed,vehicle_issue,2025-01-24,12:15,22:15,38,41.52,groceries,Amit Sharma,
STP-101665,R-002,Borivali,19.086994,72.83741,warehouse,high,pending,,2024-12-30,11:15,11:30,10,395.57,pharmaceuticals,Sneha Iyer,
STP-101666,R-012,Dadar,18.931094,72.950583,delivery,high,delayed,,2025-10-03,16:00,22:30,53,67.51,furniture,Sneha Iyer,
STP-101667,R-003,Kurla,19.1967,72.991544,delivery,low,completed,customer_unavailable,2024-10-08,17:00,17:00,33,389.13,pharmaceuticals,Amit Sharma,Fragile
STP-101668,R-015,Thane,19.163675,73.012536,warehouse,medium,completed,,2024-05-18,18:00,18:00,44,148.57,electronics,Sneha Iyer,Fragile
STP-101669,R-009,Dadar,19.006742,72.976807,warehouse,low,failed,,2025-04-17,09:00,11:15,39,495.45,pharmaceuticals,Amit Sharma,Leave at doorstep
STP-101670,R-001,Borivali,18.950192,72.799051,warehouse,medium,delayed,,2025-05-26,19:30,20:30,54,107.28,groceries,Vikram Singh,Handle with care
STP-101671,R-013,Kurla,19.15506,72.991141,pickup,high,pending,vehicle_issue,2025-10-03,10:45,10:45,19,280.41,pharmaceuticals,Rahul Mehta,
STP-101672,R-012,Bandra,19.262072,72.991993,warehouse,high,completed,weather,2024-03-13,07:00,07:00,7,187.68,groceries,Vikram Singh,Leave at doorstep
STP-101673,R-014,Panvel,19.267981,72.95892,pickup,medium,completed,,2024-08-06,13:45,13:45,54,72.06,furniture,Priya Patel,
STP-101674,R-005,Panvel,19.192909,73.002417,warehouse,high,delayed,,2025-09-07,12:15,21:15,25,180.39,electronics,Amit Sharma,Urgent delivery
STP-101675,R-014,Bandra,19.166145,72.782138,delivery,medium,failed,weather,2025-08-27,07:30,22:00,56,377.02,electronics,Sneha Iyer,
STP-101676,R-007,Powai,18.918929,72.806928,delivery,low,delayed,customer_unavailable,2025-01-19,18:45,18:45,11,252.68,electronics,Sneha Iyer,
STP-101677,R-019,Colaba,18.899158,72.844016,warehouse,medium,pending,,2024-05-04,19:30,19:30,31,341.26,electronics,Vikram Singh,
STP-101678,R-020,Borivali,19.20242,72.952148,delivery,medium,pending,vehicle_issue,2025-03-16,22:45,22:45,35,92.24,groceries,Vikram Singh,Urgent delivery
STP-101679,R-013,Colaba,19.10932,72.90332,delivery,medium,delayed,,2025-08-18,14:45,14:45,17,202.41,pharmaceuticals,Vikram Singh,Handle with care
STP-101680,R-016,Vashi,19.218086,72.859275,warehouse,high,failed,,2025-01-29,19:45,19:45,11,443.17,electronics,Vikram Singh,Leave at doorstep
STP-101681,R-011,Andheri,19.106381,73.030208,warehouse,high,pending,,2025-08-21,21:30,21:30,17,267.21,pharmaceuticals,Vikram Singh,Call before arrival
STP-101682,R-012,Panvel,19.28873,72.862467,pickup,high,delayed,,2024-09-26,18:00,18:00,19,136.23,pharmaceuticals,Amit Sharma,Urgent delivery
STP-101683,R-002,Borivali,18.900376,72.860336,delivery,low,completed,,2024-06-20,14:45,14:45,13,180.37,groceries,Priya Patel,
STP-101684,R-004,Bandra,18.917486,72.93507,delivery,high,completed,,2024-10-09,20:30,20:30,60,413.82,electronics,Vikram Singh,Urgent delivery
STP-101685,R-013,Colaba,18.900765,73.013366,pickup,high,completed,,2025-02-27,17:30,17:30,24,341.76,electronics,Priya Patel,Fragile
STP-101686,R-004,Colaba,19.011739,72.874565,delivery,low,delayed,,2024-06-17,11:30,14:00,32,460.04,furniture,Amit Sharma,Urgent delivery
STP-101687,R-020,Powai,19.242561,72.878806,pickup,medium,pending,,2025-03-12,13:15,16:00,45,112.21,groceries,Amit Sharma,
STP-101688,R-019,Thane,18.992302,73.047392,pickup,medium,completed,,2025-07-07,09:15,16:00,55,381.25,furniture,Priya Patel,
STP-101689,R-007,Powai,19.004235,72.777743,delivery,low,failed,,2024-05-24,11:45,21:00,47,163.35,pharmaceuticals,Sneha Iyer,
STP-101690,R-011,Kurla,19.293174,72.841317,pickup,high,failed,,2024-07-29,10:15,15:00,50,201.86,furniture,Vikram Singh,Leave at doorstep
STP-101691,R-007,Colaba,18.99688,73.00647,pickup,low,pending,,2025-10-01,18:15,18:15,54,385.42,furniture,Vikram Singh,
STP-101692,R-002,Dadar,19.015002,72.948043,pickup,low,delayed,,2025-09-25,15:15,15:15,17,67.6,furniture,Vikram Singh,
STP-101693,R-012,Vashi,19.216933,73.015131,warehouse,high,delayed,,2024-11-25,14:45,15:00,17,177.75,pharmaceuticals,Vikram Singh,
STP-101694,R-019,Borivali,19.072179,73.04557,pickup,low,completed,,2024-09-29,18:00,18:00,32,217.08,furniture,Vikram Singh,
STP-101695,R-001,Panvel,19.07874,73.077777,pickup,medium,failed,,2024-11-01,09:15,12:30,13,164.99,pharmaceuticals,Amit Sharma,Fragile
STP-101696,R-016,Borivali,19.260337,72.879701,warehouse,high,delayed,,2025-05-22,06:15,07:15,38,263.63,pharmaceuticals,Priya Patel,
STP-101697,R-010,Vashi,19.074458,72.927348,delivery,high,failed,,2025-10-08,10:15,16:15,18,183.2,furniture,Priya Patel,
STP-101698,R-017,Panvel,18.922177,72.812321,warehouse,low,pending,,2024-08-10,21:45,21:45,54,91.5,furniture,Priya Patel,Fragile
STP-101699,R-014,Panvel,19.161783,73.074611,pickup,medium,completed,,2024-02-04,22:00,22:00,18,453.86,pharmaceuticals,Rahul Mehta,Leave at doorstep
STP-101700,R-007,Dadar,19.219259,73.004881,pickup,high,completed,,2025-12-23,15:15,16:45,26,62.18,groceries,Rahul Mehta,
STP-101701,R-009,Bandra,19.295058,73.007278,delivery,low,failed,,2024-02-24,09:15,20:00,7,263.65,pharmaceuticals,Vikram Singh,Urgent delivery
STP-101702,R-014,Thane,18.942228,72.863038,delivery,low,failed,,2024-08-17,10:15,13:30,19,72.85,electronics,Rahul Mehta,Urgent delivery
STP-101703,R-009,Dadar,19.204948,72.931172,pickup,low,pending,,2024-09-07,14:15,21:15,44,355.93,furniture,Sneha Iyer,
STP-101704,R-005,Dadar,19.262434,73.060951,warehouse,low,failed,vehicle_issue,2024-11-16,19:30,22:00,9,186.04,electronics,Rahul Mehta,
STP-101705,R-019,Thane,19.205495,72.946147,warehouse,medium,failed,,2025-10-26,12:30,12:30,29,399.51,groceries,Sneha Iyer,
STP-101706,R-013,Panvel,19.215773,72.8449,delivery,medium,failed,,2024-05-29,13:00,13:00,33,318.04,furniture,Sneha Iyer,Fragile
STP-101707,R-010,Panvel,19.072622,72.793071,pickup,high,delayed,traffic,2025-08-13,16:30,21:15,36,438.4,furniture,Priya Patel,Call before arrival
STP-101708,R-012,Panvel,19.114745,72.975007,delivery,low,pending,,2024-06-19,19:30,19:30,32,188.25,furniture,Amit Sharma,Handle with care
STP-101709,R-003,Andheri,19.232192,72.866597,delivery,medium,failed,,2024-01-27,21:00,21:00,15,376.48,furniture,Sneha Iyer,Call before arrival
STP-101710,R-001,Bandra,19.23343,73.079253,pickup,low,delayed,customer_unavailable,2024-11-03,13:45,13:45,39,93.87,furniture,Rahul Mehta,Urgent delivery
STP-101711,R-007,Andheri,19.228827,73.067414,delivery,low,failed,customer_unavailable,2024-07-21,09:30,19:30,38,484.46,furniture,Sneha Iyer,Urgent delivery
STP-101712,R-017,Powai,19.04047,72.854707,delivery,high,failed,,2024-07-27,19:30,19:30,23,216.85,groceries,Rahul Mehta,Fragile
STP-101713,R-002,Panvel,19.098373,72.78018,pickup,medium,completed,,2024-10-11,11:45,11:45,32,31.76,groceries,Sneha Iyer,
STP-101714,R-014,Borivali,19.272287,72.792846,warehouse,low,failed,,2024-09-22,16:00,19:00,13,376.43,furniture,Vikram Singh,Call before arrival
STP-101715,R-014,Powai,19.242068,72.79235,warehouse,low,pending,weather,2025-04-15,13:45,17:00,13,249.4,furniture,Priya Patel,Fragile
STP-101716,R-004,Panvel,19.06926,73.050988,warehouse,high,pending,,2025-02-07,17:45,19:00,13,432.85,pharmaceuticals,Rahul Mehta,Fragile
STP-101717,R-014,Andheri,19.137186,72.904452,delivery,medium,completed,,2024-07-01,07:15,10:30,19,69.97,pharmaceuticals,Amit Sharma,Handle with care
STP-101718,R-020,Powai,19.164547,72.991427,pickup,high,completed,,2025-12-23,14:15,14:15,58,55.12,pharmaceuticals,Amit Sharma,Call before arrival
STP-101719,R-004,Vashi,19.097822,72.773853,delivery,medium,pending,,2024-09-19,16:30,16:30,38,289.49,furniture,Rahul Mehta,Urgent delivery
STP-101720,R-019,Colaba,19.298958,73.00028,warehouse,high,completed,,2025-07-05,07:45,16:15,35,359.23,electronics,Sneha Iyer,Call before arrival
STP-101721,R-014,Borivali,19.258832,72.968386,pickup,medium,delayed,traffic,2025-06-20,12:45,12:45,60,139.77,groceries,Sneha Iyer,
STP-101722,R-013,Thane,19.045283,72.922855,delivery,medium,delayed,,2025-03-12,19:00,19:00,29,448.56,groceries,Rahul Mehta,Handle with care
STP-101723,R-018,Thane,18.993505,72.986027,delivery,low,pending,traffic,2024-12-10,17:45,21:15,8,197.17,groceries,Vikram Singh,Leave at doorstep
STP-101724,R-016,Bandra,19.091418,72.948756,delivery,low,failed,,2025-03-31,22:30,22:30,33,19.47,groceries,Vikram Singh,Urgent delivery
STP-101725,R-014,Thane,19.121704,72.99353,pickup,high,completed,,2024-05-28,21:30,21:30,32,344.92,furniture,Rahul Mehta,
STP-101726,R-008,Colaba,19.260124,72.892614,warehouse,low,completed,,2025-05-31,16:30,16:30,42,393.17,furniture,Amit Sharma,
STP-101727,R-014,Panvel,19.053243,72.903031,warehouse,high,delayed,,2025-11-19,22:30,22:30,21,79.6,groceries,Sneha Iyer,
STP-101728,R-020,Powai,19.222582,72.878559,warehouse,medium,delayed,traffic,2025-12-26,16:30,16:30,28,444.06,pharmaceuticals,Rahul Mehta,
STP-101729,R-014,Thane,19.095838,73.037402,warehouse,high,delayed,,2025-01-08,14:00,14:15,17,355.79,pharmaceuticals,Rahul Mehta,
STP-101730,R-001,Dadar,19.22705,72.923571,warehouse,medium,completed,,2024-10-30,20:15,20:15,25,236.82,furniture,Amit Sharma,
STP-101731,R-001,Bandra,18.963953,73.06263,delivery,low,failed,,2025-07-08,08:15,11:30,30,186.28,pharmaceuticals,Amit Sharma,Handle with care
STP-101732,R-004,Colaba,18.967992,72.866689,delivery,medium,delayed,weather,2025-12-11,18:30,18:30,18,149.52,furniture,Amit Sharma,
STP-101733,R-012,Dadar,19.150201,72.830798,pickup,low,delayed,,2024-03-28,08:15,08:15,40,386.45,pharmaceuticals,Priya Patel,
STP-101734,R-008,Colaba,18.906724,73.047228,warehouse,high,completed,traffic,2025-02-25,07:15,08:15,47,431.3,pharmaceuticals,Priya Patel,Call before arrival
STP-101735,R-010,Kurla,19.230265,73.024489,warehouse,high,failed,traffic,2025-06-10,14:30,18:45,26,388.76,pharmaceuticals,Amit Sharma,
STP-101736,R-011,Bandra,19.278319,73.053423,pickup,high,completed,,2024-12-07,16:30,16:30,12,364.31,groceries,Sneha Iyer,
STP-101737,R-009,Dadar,19.038092,72.82798,warehouse,high,failed,customer_unavailable,2024-04-04,10:30,10:30,19,401.39,furniture,Vikram Singh,Fragile
STP-101738,R-013,Powai,18.927129,72.836457,warehouse,medium,delayed,,2024-06-28,16:30,20:15,35,379.33,groceries,Vikram Singh,Fragile
STP-101739,R-020,Bandra,19.271241,72.873123,pickup,medium,failed,,2024-02-26,13:15,13:15,35,452.37,pharmaceuticals,Rahul Mehta,
STP-101740,R-007,Andheri,19.25007,72.947321,pickup,high,delayed,vehicle_issue,2024-09-28,20:15,20:15,30,267.4,electronics,Sneha Iyer,
STP-101741,R-010,Andheri,19.174711,72.861419,warehouse,low,completed,,2025-05-10,15:45,20:00,21,377.21,pharmaceuticals,Rahul Mehta,Fragile
STP-101742,R-018,Kurla,19.270509,73.075751,delivery,low,delayed,,2024-11-09,21:30,21:30,40,157.19,electronics,Vikram Singh,
STP-101743,R-003,Dadar,19.111424,72.989116,delivery,medium,delayed,,2025-03-16,11:45,11:45,32,319.28,pharmaceuticals,Rahul Mehta,
STP-101744,R-014,Borivali,19.069142,72.890526,delivery,low,delayed,customer_unavailable,2024-11-15,16:00,19:45,55,175.68,groceries,Amit Sharma,Handle with care
STP-101745,R-005,Powai,19.112524,73.085731,delivery,medium,delayed,,2024-12-15,16:45,16:45,14,146.06,furniture,Sneha Iyer,Handle with care
STP-101746,R-011,Powai,19.23027,72.848256,delivery,medium,completed,traffic,2024-05-25,08:00,10:15,46,99.9,electronics,Sneha Iyer,
STP-101747,R-018,Andheri,19.127212,72.962014,pickup,low,pending,,2024-01-21,13:15,13:15,59,70.91,electronics,Sneha Iyer,Call before arrival
STP-101748,R-019,Colaba,19.255693,72.955711,delivery,low,pending,,2024-05-02,14:45,14:45,7,164.45,groceries,Vikram Singh,Fragile
STP-101749,R-012,Andheri,19.190746,73.093585,delivery,medium,failed,,2025-05-15,19:30,19:30,30,143.39,electronics,Sneha Iyer,Urgent delivery
STP-101750,R-006,Borivali,19.09216,72.869737,delivery,medium,pending,vehicle_issue,2025-01-26,13:30,20:45,19,490.48,furniture,Priya Patel,Fragile
STP-101751,R-008,Colaba,18.905711,73.016661,delivery,medium,completed,,2025-01-15,12:45,18:45,13,153.74,furniture,Vikram Singh,
STP-101752,R-015,Vashi,19.134327,72.915846,delivery,medium,completed,,2025-08-23,10:45,18:00,15,337.62,furniture,Rahul Mehta,
STP-101753,R-002,Andheri,19.011369,73.0071,delivery,low,pending,,2024-04-13,07:30,07:45,35,359.37,electronics,Amit Sharma,
STP-101754,R-014,Panvel,19.044872,73.062383,delivery,low,pending,weather,2024-06-19,13:15,13:15,24,406.36,pharmaceuticals,Amit Sharma,Fragile
STP-101755,R-013,Kurla,19.153262,72.795912,warehouse,medium,failed,,2025-03-29,11:45,20:15,38,485.7,furniture,Vikram Singh,
STP-101756,R-015,Colaba,18.97443,72.928889,pickup,low,delayed,,2024-11-21,09:00,09:00,14,219.76,groceries,Sneha Iyer,
STP-101757,R-011,Andheri,19.282205,72.99954,warehouse,medium,failed,,2025-03-30,21:00,21:00,22,377.38,groceries,Sneha Iyer,
STP-101758,R-009,Colaba,19.127482,72.911318,warehouse,high,failed,customer_unavailable,2024-06-01,18:30,21:30,9,280.26,pharmaceuticals,Priya Patel,
STP-101759,R-016,Colaba,18.923371,72.905793,warehouse,high,completed,,2025-09-17,09:45,20:30,9,123.42,electronics,Rahul Mehta,
STP-101760,R-004,Panvel,18.890615,73.068003,pickup,low,delayed,,2024-01-17,13:45,16:30,31,340.11,pharmaceuticals,Rahul Mehta,Fragile
STP-101761,R-005,Panvel,19.114482,73.07703,warehouse,medium,completed,,2024-10-13,20:45,20:45,42,236.25,groceries,Rahul Mehta,
STP-101762,R-004,Panvel,19.213911,72.792484,delivery,medium,completed,,2025-09-03,15:45,15:45,48,88.87,pharmaceuticals,Rahul Mehta,Call before arrival
STP-101763,R-017,Vashi,19.295463,73.001869,warehouse,high,pending,traffic,2025-02-09,09:00,18:15,42,439.29,pharmaceuticals,Priya Patel,
STP-101764,R-019,Dadar,18.995392,73.030256,pickup,medium,completed,,2025-11-30,12:45,16:30,46,157.81,pharmaceuticals,Priya Patel,Fragile
STP-101765,R-018,Dadar,19.282336,72.924771,pickup,high,delayed,traffic,2024-03-26,06:00,12:45,35,494.91,furniture,Priya Patel,
STP-101766,R-010,Bandra,19.268275,73.075628,delivery,medium,failed,traffic,2024-02-22,18:30,18:30,8,333.37,electronics,Rahul Mehta,
STP-101767,R-018,Thane,18.969406,72.864098,warehouse,medium,pending,,2024-11-12,09:15,21:30,50,335.46,pharmaceuticals,Vikram Singh,
STP-101768,R-006,Vashi,19.005968,73.081195,delivery,high,delayed,,2024-07-19,08:45,17:15,19,68.72,groceries,Sneha Iyer,
STP-101769,R-009,Borivali,19.162992,72.869099,pickup,high,delayed,,2025-01-05,09:30,20:00,9,248.38,electronics,Rahul Mehta,Leave at doorstep
STP-101770,R-020,Colaba,19.260171,72.869729,delivery,high,pending,,2025-06-23,21:00,21:00,47,439.54,groceries,Rahul Mehta,
STP-101771,R-017,Andheri,19.059394,72.817419,pickup,low,completed,vehicle_issue,2025-09-14,20:30,20:30,27,450.26,electronics,Vikram Singh,Urgent delivery
STP-101772,R-006,Colaba,19.230639,72.824475,warehouse,medium,pending,,2025-11-20,18:15,19:15,42,418.44,electronics,Vikram Singh,
STP-101773,R-013,Powai,19.062636,72.7708,warehouse,high,delayed,,2024-12-01,08:45,18:15,11,12.92,groceries,Priya Patel,Leave at doorstep
STP-101774,R-001,Panvel,19.04845,73.06971,delivery,low,completed,,2024-04-29,10:45,20:00,45,239.61,furniture,Vikram Singh,Fragile
STP-101775,R-013,Colaba,18.926999,73.001328,delivery,high,delayed,,2024-09-23,08:00,11:15,51,68.29,groceries,Sneha Iyer,
STP-101776,R-020,Vashi,19.230366,72.830519,pickup,high,pending,vehicle_issue,2024-04-08,15:15,19:00,52,340.77,furniture,Priya Patel,Call before arrival
STP-101777,R-009,Thane,19.123413,72.862536,delivery,high,failed,,2024-03-14,18:15,18:15,8,39.7,furniture,Priya Patel,
STP-101778,R-006,Borivali,19.13067,73.004421,warehouse,high,completed,,2024-07-02,22:45,22:45,7,283.81,pharmaceuticals,Sneha Iyer,
STP-101779,R-019,Bandra,19.169788,72.952109,delivery,medium,pending,,2024-06-24,10:30,14:30,41,48.07,electronics,Rahul Mehta,Call before arrival
STP-101780,R-013,Powai,19.146156,72.790201,delivery,medium,completed,,2024-11-17,08:30,18:45,15,406.3,furniture,Rahul Mehta,Fragile
STP-101781,R-010,Panvel,19.187845,73.036236,delivery,high,failed,,2024-09-03,12:00,12:00,37,14.56,groceries,Amit Sharma,Fragile
STP-101782,R-005,Dadar,18.922068,72.876071,delivery,medium,completed,,2025-12-09,17:30,17:45,16,23.91,groceries,Sneha Iyer,
STP-101783,R-008,Panvel,19.27061,73.036788,warehouse,high,delayed,traffic,2025-11-16,19:30,22:45,47,168.25,groceries,Vikram Singh,Fragile
STP-101784,R-010,Thane,19.260682,72.907153,delivery,low,pending,,2025-06-20,07:45,17:30,53,477.76,pharmaceuticals,Sneha Iyer,Urgent delivery
STP-101785,R-011,Andheri,19.280186,72.772333,delivery,medium,failed,,2025-10-30,12:15,17:15,23,446.29,furniture,Vikram Singh,
STP-101786,R-010,Powai,19.171711,72.819292,warehouse,high,completed,,2024-05-13,08:15,09:30,32,36.37,groceries,Priya Patel,Fragile
STP-101787,R-011,Colaba,18.909484,72.935002,warehouse,high,pending,customer_unavailable,2024-09-10,18:45,18:45,24,17.58,furniture,Vikram Singh,
STP-101788,R-010,Vashi,19.191269,72.893925,delivery,low,failed,vehicle_issue,2025-07-29,12:00,18:15,44,72.06,furniture,Rahul Mehta,
STP-101789,R-009,Vashi,19.048808,72.830261,delivery,low,pending,,2025-10-08,07:00,15:30,39,393.46,electronics,Vikram Singh,
STP-101790,R-006,Thane,18.90432,73.098651,warehouse,low,completed,weather,2025-09-25,22:15,22:15,25,140.67,pharmaceuticals,Vikram Singh,Call before arrival
STP-101791,R-006,Colaba,19.103804,73.021244,warehouse,low,pending,customer_unavailable,2024-02-25,18:45,18:45,57,96.25,electronics,Priya Patel,Urgent delivery
STP-101792,R-005,Borivali,19.004727,72.971246,pickup,high,failed,vehicle_issue,2025-11-17,17:15,17:15,29,357.19,groceries,Priya Patel,Call before arrival
STP-101793,R-014,Colaba,19.023213,72.893673,warehouse,high,pending,,2025-01-12,21:45,21:45,18,496.03,furniture,Sneha Iyer,Urgent delivery
STP-101794,R-008,Thane,18.916586,72.821511,warehouse,high,completed,,2025-06-07,15:30,19:00,24,248.98,groceries,Vikram Singh,
STP-101795,R-015,Vashi,19.227323,73.006168,pickup,medium,pending,,2025-09-11,06:00,21:45,16,332.91,groceries,Priya Patel,Urgent delivery
STP-101796,R-019,Thane,19.251185,72.946176,warehouse,medium,completed,,2024-01-16,17:15,17:15,19,489.8,electronics,Amit Sharma,
STP-101797,R-015,Powai,19.126342,72.938379,pickup,high,delayed,,2025-03-15,21:45,21:45,36,248.74,pharmaceuticals,Amit Sharma,Call before arrival
STP-101798,R-002,Andheri,19.224465,72.983628,pickup,high,failed,traffic,2025-02-08,20:30,20:30,43,266.8,groceries,Amit Sharma,Urgent delivery
STP-101799,R-019,Vashi,19.23753,72.811104,pickup,high,pending,,2024-05-02,16:15,21:30,12,264.7,furniture,Sneha Iyer,Handle with care
STP-101800,R-018,Panvel,19.031614,72.864664,pickup,high,completed,,2025-01-31,12:45,13:45,47,91.29,furniture,Sneha Iyer,Call before arrival
STP-101801,R-010,Colaba,19.031477,72.798705,delivery,low,delayed,,2025-08-30,07:00,10:45,58,403.6,pharmaceuticals,Amit Sharma,Fragile
STP-101802,R-016,Thane,19.288072,72.894838,pickup,high,failed,,2025-11-09,17:45,17:45,42,276.96,furniture,Priya Patel,Urgent delivery
STP-101803,R-008,Panvel,19.152667,72.924096,delivery,high,failed,,2024-11-18,07:15,10:15,57,282.03,electronics,Amit Sharma,Call before arrival
STP-101804,R-014,Vashi,18.933135,73.083831,delivery,low,failed,,2025-01-28,13:30,21:45,22,261.95,furniture,Priya Patel,
STP-101805,R-016,Andheri,19.229595,72.830475,delivery,high,failed,customer_unavailable,2024-06-19,15:30,15:30,22,314.09,groceries,Sneha Iyer,
STP-101806,R-013,Powai,19.265441,72.926493,warehouse,low,delayed,,2024-11-25,20:15,20:15,60,283.31,groceries,Rahul Mehta,
STP-101807,R-011,Panvel,19.078,72.869548,pickup,low,pending,,2025-08-16,13:00,14:00,54,45.17,groceries,Rahul Mehta,
STP-101808,R-006,Colaba,19.117449,72.908476,warehouse,low,pending,,2025-03-08,14:45,14:45,57,253.92,electronics,Vikram Singh,
STP-101809,R-007,Bandra,19.140147,72.993232,warehouse,medium,failed,weather,2024-08-16,19:15,19:15,38,312.23,pharmaceuticals,Priya Patel,
STP-101810,R-002,Kurla,19.250689,72.944415,delivery,high,failed,,2025-12-10,07:45,07:45,15,115.89,groceries,Priya Patel,Urgent delivery
STP-101811,R-007,Andheri,19.108205,72.969889,warehouse,low,completed,customer_unavailable,2024-10-07,19:15,19:15,37,93.2,pharmaceuticals,Amit Sharma,
STP-101812,R-012,Panvel,19.000823,72.918823,pickup,low,delayed,,2024-10-26,10:30,12:30,34,51.62,furniture,Amit Sharma,
STP-101813,R-008,Thane,19.176468,73.001804,pickup,high,completed,,2025-01-28,08:30,18:00,13,459.21,electronics,Amit Sharma,
STP-101814,R-001,Thane,18.929678,73.099244,pickup,low,pending,,2025-04-18,09:45,19:15,26,16.53,groceries,Priya Patel,
STP-101815,R-008,Borivali,19.094007,73.087738,warehouse,low,completed,,2025-07-02,21:00,21:00,20,45.35,furniture,Vikram Singh,Call before arrival
STP-101816,R-005,Borivali,19.141826,72.946236,pickup,medium,pending,,2024-05-09,16:15,16:15,30,205.15,furniture,Vikram Singh,Fragile
STP-101817,R-015,Andheri,18.999641,73.07403,warehouse,high,pending,,2024-06-09,15:15,15:15,27,63.36,pharmaceuticals,Sneha Iyer,
STP-101818,R-015,Andheri,19.218766,72.820511,pickup,high,delayed,traffic,2025-08-17,15:45,17:15,19,442.22,electronics,Amit Sharma,Fragile
STP-101819,R-008,Powai,19.164632,72.87013,pickup,low,pending,,2024-02-05,11:00,16:15,38,193.49,furniture,Amit Sharma,
STP-101820,R-006,Thane,19.022991,73.000772,warehouse,low,completed,,2024-02-19,16:15,22:00,7,334.71,furniture,Sneha Iyer,Leave at doorstep
STP-101821,R-016,Vashi,19.023653,73.050942,pickup,high,failed,,2024-07-28,15:45,15:45,13,281.24,pharmaceuticals,Sneha Iyer,Fragile
STP-101822,R-001,Borivali,19.245081,72.846657,pickup,medium,pending,,2025-12-24,19:00,19:00,16,283.31,furniture,Sneha Iyer,
STP-101823,R-004,Panvel,18.922912,72.843991,delivery,high,failed,weather,2024-09-24,17:30,17:30,33,164.2,furniture,Vikram Singh,
STP-101824,R-017,Vashi,18.980895,72.772737,delivery,high,pending,,2025-01-19,21:45,21:45,5,498.91,pharmaceuticals,Amit Sharma,Urgent delivery
STP-101825,R-012,Colaba,19.24256,72.873004,delivery,high,failed,traffic,2024-04-15,14:00,14:00,17,97.16,groceries,Sneha Iyer,
STP-101826,R-006,Andheri,19.080756,72.870935,delivery,low,delayed,customer_unavailable,2024-06-18,16:45,18:15,35,323.72,electronics,Sneha Iyer,Handle with care
STP-101827,R-007,Borivali,19.221159,72.877752,delivery,high,delayed,vehicle_issue,2024-11-01,06:15,18:30,35,364.87,electronics,Amit Sharma,
STP-101828,R-003,Dadar,18.987462,72.947405,pickup,medium,delayed,,2025-09-11,07:30,22:45,33,110.62,furniture,Priya Patel,Leave at doorstep
STP-101829,R-018,Panvel,19.095261,73.072659,warehouse,medium,failed,,2024-01-07,20:15,20:15,48,215.6,groceries,Priya Patel,
STP-101830,R-013,Dadar,19.210166,73.091941,delivery,low,pending,,2025-08-05,10:15,14:00,23,344.79,electronics,Vikram Singh,
STP-101831,R-013,Panvel,19.122573,72.952818,delivery,medium,failed,customer_unavailable,2024-04-14,18:30,21:00,12,252.5,furniture,Amit Sharma,
STP-101832,R-006,Bandra,18.925563,72.823521,pickup,low,failed,,2025-10-22,06:15,19:00,54,456.33,furniture,Amit Sharma,
STP-101833,R-020,Thane,19.063878,72.858287,delivery,medium,completed,,2024-12-10,19:30,19:30,59,454.06,electronics,Rahul Mehta,Call before arrival
STP-101834,R-006,Bandra,19.225633,73.098342,pickup,low,pending,,2025-07-08,16:30,20:30,32,446.2,furniture,Vikram Singh,
STP-101835,R-006,Powai,19.180685,72.925088,warehouse,high,delayed,customer_unavailable,2025-09-01,20:30,20:30,39,238.93,furniture,Amit Sharma,
STP-101836,R-020,Powai,18.892323,72.811723,delivery,low,failed,,2025-08-30,15:15,18:15,20,338.21,groceries,Rahul Mehta,
STP-101837,R-007,Powai,19.168878,73.0207,delivery,medium,failed,,2024-02-15,21:45,21:45,21,443.06,electronics,Vikram Singh,
STP-101838,R-015,Bandra,19.164107,73.038516,warehouse,high,failed,customer_unavailable,2024-03-30,08:30,11:30,9,446.7,groceries,Amit Sharma,
STP-101839,R-007,Vashi,19.109674,72.839046,warehouse,medium,completed,,2024-08-14,18:30,20:30,52,325.83,pharmaceuticals,Vikram Singh,
STP-101840,R-007,Dadar,19.179545,72.808182,pickup,high,pending,weather,2024-06-06,09:45,20:15,25,455.6,groceries,Amit Sharma,Urgent delivery
STP-101841,R-001,Vashi,19.069168,72.928879,delivery,low,completed,vehicle_issue,2025-02-03,10:30,17:15,22,45.37,groceries,Sneha Iyer,
STP-101842,R-011,Powai,19.193784,72.848223,pickup,high,failed,,2024-03-21,06:30,18:00,28,409.77,electronics,Priya Patel,Fragile
STP-101843,R-014,Borivali,19.153468,72.930156,warehouse,medium,delayed,customer_unavailable,2025-04-07,12:00,12:00,39,251.03,electronics,Priya Patel,
STP-101844,R-019,Kurla,18.969663,72.886592,warehouse,medium,completed,customer_unavailable,2024-10-24,14:30,14:30,15,50.75,electronics,Vikram Singh,
STP-101845,R-005,Powai,19.230077,72.847634,warehouse,medium,failed,,2024-10-10,09:00,09:00,10,53.47,furniture,Vikram Singh,Leave at doorstep
STP-101846,R-004,Vashi,19.111483,73.018697,pickup,medium,pending,,2025-07-03,20:00,20:00,47,382.41,electronics,Amit Sharma,Fragile
STP-101847,R-012,Powai,19.154467,72.826241,pickup,high,failed,,2025-08-11,11:30,20:30,53,199.07,groceries,Amit Sharma,Handle with care
STP-101848,R-001,Powai,19.244877,72.982422,delivery,low,pending,traffic,2025-06-04,15:45,21:00,16,235.1,groceries,Vikram Singh,
STP-101849,R-006,Bandra,19.000374,72.953081,delivery,medium,failed,,2024-10-21,12:45,12:45,14,334.11,electronics,Vikram Singh,
STP-101850,R-005,Thane,18.916445,72.872854,warehouse,high,completed,,2025-05-07,19:45,22:45,5,101.45,furniture,Vikram Singh,
STP-101851,R-003,Powai,19.073403,73.003001,delivery,high,delayed,,2024-07-07,21:30,21:30,38,354.47,furniture,Amit Sharma,Handle with care
STP-101852,R-002,Andheri,18.90954,73.058984,warehouse,high,failed,,2025-10-31,16:00,16:00,51,302.71,pharmaceuticals,Priya Patel,
STP-101853,R-011,Powai,19.251949,72.79275,warehouse,high,pending,traffic,2025-11-01,18:45,18:45,58,180.03,groceries,Priya Patel,
STP-101854,R-010,Colaba,18.908945,72.935427,delivery,low,completed,,2025-12-16,09:45,09:45,59,480.03,pharmaceuticals,Rahul Mehta,
STP-101855,R-016,Colaba,18.907776,72.863184,delivery,low,delayed,,2024-07-12,09:30,14:15,35,21.15,groceries,Amit Sharma,Call before arrival
STP-101856,R-014,Borivali,18.917383,72.904019,delivery,high,delayed,,2024-10-13,08:45,15:30,37,317.41,electronics,Amit Sharma,Call before arrival
STP-101857,R-017,Thane,19.252754,72.830843,warehouse,low,delayed,,2024-11-15,06:15,11:45,15,112.34,groceries,Sneha Iyer,Leave at doorstep
STP-101858,R-015,Colaba,19.222443,73.023791,delivery,low,failed,vehicle_issue,2025-02-10,17:45,17:45,13,351.7,furniture,Amit Sharma,Fragile
STP-101859,R-016,Vashi,19.062791,72.819241,delivery,high,delayed,vehicle_issue,2025-08-29,15:00,22:00,42,17.72,electronics,Rahul Mehta,Handle with care
STP-101860,R-020,Panvel,19.208223,72.978901,delivery,medium,delayed,customer_unavailable,2025-11-21,13:30,14:00,49,365.54,groceries,Priya Patel,Leave at doorstep
STP-101861,R-019,Colaba,19.067309,72.840982,warehouse,low,pending,,2025-02-06,15:15,15:15,26,449.84,pharmaceuticals,Priya Patel,
STP-101862,R-007,Borivali,19.172279,72.924575,delivery,medium,pending,,2025-03-20,17:00,17:00,46,137.56,groceries,Sneha Iyer,Urgent delivery
STP-101863,R-020,Vashi,18.973304,72.924281,warehouse,low,pending,,2025-03-07,21:00,21:00,31,182.58,electronics,Rahul Mehta,
STP-101864,R-002,Kurla,19.286223,72.815867,pickup,low,completed,weather,2025-04-20,10:15,10:15,54,163.09,pharmaceuticals,Priya Patel,
STP-101865,R-003,Thane,19.227358,72.849194,warehouse,medium,completed,,2024-09-23,15:30,15:30,44,471.89,electronics,Vikram Singh,Urgent delivery
STP-101866,R-010,Andheri,18.975434,73.047094,delivery,medium,pending,,2024-07-17,19:45,19:45,24,364.32,pharmaceuticals,Priya Patel,
STP-101867,R-008,Thane,19.08887,72.796122,pickup,low,delayed,vehicle_issue,2024-02-05,20:30,20:30,8,57.44,pharmaceuticals,Amit Sharma,
STP-101868,R-002,Kurla,19.015391,72.880432,warehouse,low,delayed,,2024-05-09,22:00,22:00,57,10.2,electronics,Priya Patel,Call before arrival
STP-101869,R-014,Vashi,19.245034,72.880286,warehouse,low,failed,,2025-02-06,15:00,16:15,53,258.93,groceries,Vikram Singh,
STP-101870,R-007,Bandra,18.972844,73.098777,delivery,high,delayed,,2024-07-23,14:00,14:00,50,73.28,furniture,Priya Patel,Leave at doorstep
STP-101871,R-003,Kurla,19.165079,72.818988,pickup,low,completed,customer_unavailable,2024-11-27,21:30,21:30,58,454.58,groceries,Priya Patel,Call before arrival
STP-101872,R-020,Colaba,18.968273,72.935059,pickup,medium,pending,,2024-11-15,13:45,20:15,7,97.95,electronics,Priya Patel,
STP-101873,R-013,Borivali,19.022413,72.878232,warehouse,low,failed,customer_unavailable,2024-03-12,15:30,17:15,50,277.55,electronics,Priya Patel,Handle with care
STP-101874,R-015,Andheri,19.048108,73.05846,warehouse,medium,delayed,,2024-03-28,21:15,21:15,28,217.19,groceries,Rahul Mehta,
STP-101875,R-019,Bandra,19.190702,72.88706,delivery,high,failed,,2024-12-05,19:15,19:15,55,40.45,groceries,Amit Sharma,
STP-101876,R-007,Dadar,19.166285,73.08491,pickup,medium,completed,,2025-05-14,18:30,18:30,33,298.96,pharmaceuticals,Priya Patel,
STP-101877,R-001,Bandra,19.078032,72.792677,warehouse,high,pending,,2025-05-08,07:00,20:00,32,419.5,pharmaceuticals,Vikram Singh,
STP-101878,R-006,Thane,19.195261,73.040937,delivery,low,failed,traffic,2025-03-28,15:30,15:30,49,322.78,groceries,Vikram Singh,
STP-101879,R-012,Panvel,18.994636,72.791055,warehouse,high,delayed,vehicle_issue,2025-08-13,11:00,11:00,28,315.82,pharmaceuticals,Vikram Singh,Fragile
STP-101880,R-001,Kurla,19.053915,72.798757,delivery,medium,failed,customer_unavailable,2025-10-04,22:30,22:30,34,451.33,electronics,Sneha Iyer,
STP-101881,R-013,Borivali,19.126939,72.949916,delivery,medium,completed,traffic,2025-02-28,21:15,21:15,21,166.08,furniture,Amit Sharma,
STP-101882,R-009,Dadar,18.936352,73.054251,pickup,medium,failed,,2025-07-07,16:15,22:15,16,436.76,groceries,Amit Sharma,
STP-101883,R-001,Borivali,19.170258,72.805169,delivery,low,failed,customer_unavailable,2025-07-20,19:30,19:30,25,401.3,pharmaceuticals,Amit Sharma,
STP-101884,R-010,Borivali,19.17387,72.901696,pickup,medium,delayed,traffic,2024-10-07,15:00,15:00,46,335.78,pharmaceuticals,Rahul Mehta,
STP-101885,R-004,Dadar,19.066062,73.063434,pickup,medium,delayed,,2025-01-24,11:30,11:30,33,416.86,pharmaceuticals,Rahul Mehta,
STP-101886,R-018,Dadar,19.130465,72.858878,pickup,high,delayed,,2025-08-26,21:45,21:45,13,383.5,groceries,Amit Sharma,Fragile
STP-101887,R-005,Thane,19.269592,73.012601,delivery,medium,failed,traffic,2025-04-05,16:15,16:15,58,410.78,pharmaceuticals,Rahul Mehta,
STP-101888,R-004,Andheri,19.072888,72.946276,delivery,high,failed,vehicle_issue,2025-07-03,12:15,16:45,50,196.98,pharmaceuticals,Vikram Singh,
STP-101889,R-002,Thane,19.174408,72.896148,warehouse,medium,delayed,weather,2025-05-25,21:15,21:15,32,385.31,furniture,Priya Patel,
STP-101890,R-014,Dadar,19.103878,72.969647,pickup,medium,pending,customer_unavailable,2025-11-01,14:30,18:45,29,465.69,furniture,Amit Sharma,Leave at doorstep
STP-101891,R-016,Kurla,19.226538,72.907935,delivery,medium,pending,,2024-03-28,09:45,09:45,56,320.61,electronics,Rahul Mehta,
STP-101892,R-020,Dadar,19.247259,72.938922,delivery,low,pending,,2024-05-16,21:15,21:15,40,355.56,electronics,Amit Sharma,Handle with care
STP-101893,R-002,Thane,19.294137,72.78938,delivery,medium,failed,vehicle_issue,2024-01-03,13:00,13:00,16,154.56,furniture,Sneha Iyer,
STP-101894,R-016,Panvel,18.918088,73.079072,warehouse,medium,delayed,customer_unavailable,2024-11-30,15:30,17:30,17,295.24,electronics,Sneha Iyer,Leave at doorstep
STP-101895,R-009,Panvel,19.243754,72.932335,delivery,low,pending,,2025-07-19,07:45,13:00,18,83.99,pharmaceuticals,Priya Patel,
STP-101896,R-009,Powai,19.038838,72.903069,pickup,high,failed,weather,2024-10-13,22:15,22:30,41,213.43,furniture,Sneha Iyer,
STP-101897,R-010,Borivali,19.277678,72.892415,delivery,high,completed,,2024-07-29,07:30,08:45,18,329.24,electronics,Amit Sharma,
STP-101898,R-001,Bandra,19.055819,72.941957,warehouse,high,delayed,,2024-10-25,22:45,22:45,21,310.45,pharmaceuticals,Vikram Singh,
STP-101899,R-019,Vashi,19.130353,72.992905,pickup,low,pending,,2024-02-11,11:45,21:30,50,321.41,furniture,Priya Patel,Fragile
STP-101900,R-018,Bandra,19.2721,72.79201,pickup,medium,failed,traffic,2024-11-28,06:45,07:00,41,118.44,furniture,Rahul Mehta,Leave at doorstep
STP-101901,R-004,Panvel,19.138504,72.867178,warehouse,medium,failed,,2024-08-11,07:45,08:30,8,238.0,pharmaceuticals,Amit Sharma,Fragile
STP-101902,R-014,Thane,18.967054,72.950212,delivery,medium,completed,,2025-06-01,18:45,18:45,57,365.91,electronics,Amit Sharma,Urgent delivery
STP-101903,R-018,Dadar,18.904441,72.880406,delivery,low,delayed,,2025-02-09,09:30,10:15,33,109.59,furniture,Rahul Mehta,
STP-101904,R-013,Kurla,19.186166,72.951385,pickup,high,pending,vehicle_issue,2024-11-04,10:45,14:45,48,318.75,electronics,Vikram Singh,
STP-101905,R-013,Thane,18.918746,73.085887,delivery,high,pending,,2024-04-11,07:45,14:00,22,307.2,groceries,Rahul Mehta,
STP-101906,R-011,Kurla,19.023559,72.81241,delivery,low,pending,,2025-05-08,06:30,07:45,11,303.03,groceries,Vikram Singh,Urgent delivery
STP-101907,R-005,Dadar,19.071443,72.869117,delivery,low,completed,customer_unavailable,2025-11-18,21:00,21:45,35,494.76,pharmaceuticals,Priya Patel,
STP-101908,R-019,Thane,19.184595,72.978738,warehouse,high,failed,,2025-10-01,09:00,19:45,59,428.42,groceries,Sneha Iyer,Fragile
STP-101909,R-003,Borivali,19.294465,72.906415,warehouse,high,completed,,2024-12-23,12:45,12:45,31,172.71,pharmaceuticals,Amit Sharma,
STP-101910,R-003,Kurla,19.087508,72.929769,pickup,high,completed,,2025-01-25,11:15,11:30,19,212.24,groceries,Sneha Iyer,Call before arrival
STP-101911,R-012,Colaba,18.99773,72.883455,warehouse,low,completed,,2025-03-07,11:45,11:45,6,238.66,furniture,Rahul Mehta,Urgent delivery
STP-101912,R-019,Colaba,18.973725,72.986768,pickup,high,completed,,2025-12-17,22:45,22:45,7,240.87,pharmaceuticals,Sneha Iyer,
STP-101913,R-002,Thane,18.976656,73.002456,warehouse,medium,pending,,2024-11-05,10:00,10:00,53,273.14,furniture,Priya Patel,
STP-101914,R-001,Panvel,19.167634,72.928518,pickup,low,failed,,2025-04-30,22:45,22:45,42,350.84,electronics,Amit Sharma,Urgent delivery
STP-101915,R-006,Borivali,19.219278,72.953747,pickup,low,completed,,2025-06-03,17:00,18:00,16,289.8,electronics,Sneha Iyer,Leave at doorstep
STP-101916,R-005,Vashi,19.124168,72.9317,pickup,medium,completed,,2025-12-29,09:45,13:15,29,464.57,groceries,Sneha Iyer,Handle with care
STP-101917,R-004,Colaba,19.017199,72.923671,warehouse,high,pending,,2024-04-14,17:15,17:15,9,163.76,furniture,Amit Sharma,Call before arrival
STP-101918,R-001,Kurla,19.254594,73.09868,pickup,medium,delayed,,2024-11-17,06:30,21:00,23,136.09,electronics,Vikram Singh,
STP-101919,R-009,Thane,18.926925,72.888753,warehouse,low,delayed,,2025-07-01,19:00,19:00,38,286.88,electronics,Priya Patel,Leave at doorstep
STP-101920,R-001,Dadar,18.970175,72.814396,warehouse,medium,failed,customer_unavailable,2024-05-09,14:15,22:00,15,276.4,electronics,Sneha Iyer,
STP-101921,R-016,Thane,19.070761,73.058534,pickup,medium,pending,,2025-02-16,14:30,14:30,57,70.1,pharmaceuticals,Priya Patel,
STP-101922,R-011,Andheri,19.27581,72.91734,warehouse,high,pending,,2024-06-28,16:30,16:30,31,220.21,furniture,Amit Sharma,Handle with care
STP-101923,R-001,Panvel,19.288313,73.040917,delivery,high,failed,,2024-08-05,18:15,18:15,55,450.43,groceries,Priya Patel,
STP-101924,R-020,Andheri,19.091639,72.810068,warehouse,low,pending,,2024-07-16,16:15,16:15,50,114.59,groceries,Sneha Iyer,
STP-101925,R-016,Andheri,19.074463,72.887356,pickup,medium,failed,,2024-07-09,08:45,12:45,52,200.8,furniture,Sneha Iyer,Handle with care
STP-101926,R-012,Borivali,19.163521,72.771673,pickup,high,delayed,,2024-06-21,10:30,13:00,9,467.91,furniture,Sneha Iyer,Urgent delivery
STP-101927,R-004,Borivali,18.925244,72.882597,delivery,medium,delayed,traffic,2024-02-15,16:15,21:00,19,84.68,furniture,Rahul Mehta,Call before arrival
STP-101928,R-002,Powai,19.015014,73.073367,pickup,medium,failed,,2024-06-05,19:30,19:30,17,348.43,pharmaceuticals,Rahul Mehta,
STP-101929,R-008,Andheri,19.047772,72.925902,pickup,high,pending,,2025-05-03,19:45,19:45,35,125.56,groceries,Rahul Mehta,Handle with care
STP-101930,R-002,Panvel,19.248114,73.031035,pickup,low,failed,vehicle_issue,2024-12-01,19:15,22:00,50,170.24,pharmaceuticals,Sneha Iyer,Call before arrival
STP-101931,R-002,Andheri,19.119648,73.084155,pickup,low,pending,weather,2025-11-16,16:45,16:45,35,19.69,furniture,Rahul Mehta,
STP-101932,R-010,Colaba,19.295961,73.082274,pickup,medium,completed,customer_unavailable,2025-06-02,11:45,11:45,39,417.81,groceries,Amit Sharma,
STP-101933,R-010,Bandra,19.138245,72.904195,warehouse,low,pending,,2025-05-13,06:00,11:15,57,68.06,pharmaceuticals,Sneha Iyer,Leave at doorstep
STP-101934,R-007,Dadar,19.226825,72.859003,pickup,low,delayed,,2024-05-18,20:30,20:30,26,69.68,groceries,Rahul Mehta,
STP-101935,R-002,Bandra,18.991727,72.826254,delivery,high,completed,traffic,2025-10-07,11:30,11:30,18,58.36,pharmaceuticals,Amit Sharma,Call before arrival
STP-101936,R-007,Andheri,19.14749,72.80528,warehouse,medium,delayed,,2025-09-05,08:15,13:30,13,434.98,furniture,Priya Patel,Handle with care
STP-101937,R-020,Vashi,18.998937,72.847488,pickup,high,pending,,2025-10-02,13:30,17:00,50,246.24,electronics,Vikram Singh,Handle with care
STP-101938,R-014,Dadar,19.217819,72.843113,pickup,high,pending,,2025-05-21,10:15,16:00,48,217.95,groceries,Amit Sharma,
STP-101939,R-014,Panvel,19.083549,72.997053,warehouse,low,pending,,2024-06-19,16:45,16:45,19,423.22,electronics,Amit Sharma,Leave at doorstep
STP-101940,R-004,Borivali,18.993776,72.86639,warehouse,medium,completed,traffic,2025-02-07,07:15,16:15,42,78.89,groceries,Sneha Iyer,Call before arrival
STP-101941,R-020,Bandra,19.045175,72.932809,warehouse,high,failed,,2024-04-11,16:30,16:30,55,425.18,groceries,Amit Sharma,Handle with care
STP-101942,R-007,Vashi,19.022153,73.071696,warehouse,high,failed,,2025-07-01,07:30,08:45,28,73.36,electronics,Vikram Singh,
STP-101943,R-007,Vashi,19.12075,72.901029,delivery,high,pending,,2024-07-17,22:30,22:30,55,288.45,electronics,Amit Sharma,Fragile
STP-101944,R-002,Powai,19.065938,72.979078,pickup,medium,failed,customer_unavailable,2024-06-08,06:45,18:45,20,256.77,electronics,Vikram Singh,
STP-101945,R-018,Vashi,19.155869,73.028859,warehouse,low,completed,vehicle_issue,2024-08-26,12:00,12:00,19,320.7,pharmaceuticals,Rahul Mehta,
STP-101946,R-012,Thane,19.281907,72.96181,pickup,high,pending,vehicle_issue,2024-12-08,14:30,18:30,27,257.34,groceries,Vikram Singh,Fragile
STP-101947,R-003,Panvel,19.068944,72.83627,pickup,high,delayed,,2025-12-28,12:30,19:15,30,20.78,groceries,Vikram Singh,Leave at doorstep
STP-101948,R-007,Vashi,19.016922,72.94959,warehouse,high,completed,,2025-05-09,18:00,18:00,34,38.21,electronics,Rahul Mehta,Urgent delivery
STP-101949,R-018,Powai,19.161078,72.791575,warehouse,high,completed,,2024-07-15,09:00,16:00,18,195.68,furniture,Sneha Iyer,
STP-101950,R-005,Dadar,19.226007,73.03521,pickup,medium,delayed,,2025-04-17,17:15,17:15,49,375.07,furniture,Priya Patel,Handle with care
STP-101951,R-013,Andheri,18.947072,73.075395,warehouse,high,completed,,2024-11-25,11:45,18:00,15,310.14,pharmaceuticals,Sneha Iyer,
STP-101952,R-008,Colaba,19.22119,72.865342,delivery,low,completed,,2025-05-02,22:45,22:45,59,136.13,groceries,Amit Sharma,Handle with care
STP-101953,R-003,Bandra,19.099236,72.859878,pickup,high,failed,,2025-05-18,19:30,19:30,6,94.57,groceries,Sneha Iyer,
STP-101954,R-003,Colaba,19.053687,72.978771,pickup,low,completed,,2025-01-17,08:30,09:30,37,422.5,pharmaceuticals,Sneha Iyer,
STP-101955,R-016,Dadar,19.038024,73.017316,delivery,high,failed,,2024-05-02,14:30,14:30,54,418.27,furniture,Sneha Iyer,
STP-101956,R-002,Bandra,19.212947,72.898905,delivery,high,pending,,2025-04-24,12:45,15:00,25,176.53,pharmaceuticals,Rahul Mehta,Handle with care
STP-101957,R-002,Thane,19.232781,73.019875,delivery,medium,delayed,,2024-09-04,08:15,21:45,41,203.17,pharmaceuticals,Sneha Iyer,
STP-101958,R-013,Dadar,19.056144,72.890234,pickup,medium,delayed,,2025-06-17,22:00,22:00,14,387.52,pharmaceuticals,Rahul Mehta,Handle with care
STP-101959,R-008,Thane,19.25401,72.965642,warehouse,high,failed,,2025-05-18,21:45,22:15,46,406.98,furniture,Priya Patel,
STP-101960,R-002,Borivali,19.261122,72.81235,warehouse,low,completed,customer_unavailable,2025-02-07,19:45,19:45,29,490.47,pharmaceuticals,Rahul Mehta,Urgent delivery
STP-101961,R-015,Borivali,18.952708,73.076122,delivery,medium,delayed,,2025-01-11,15:30,15:30,8,236.99,groceries,Priya Patel,Urgent delivery
STP-101962,R-016,Vashi,19.039739,72.915087,delivery,high,completed,,2025-09-09,13:15,18:45,6,75.74,furniture,Sneha Iyer,
STP-101963,R-001,Borivali,19.03378,73.05294,pickup,medium,pending,,2024-10-18,19:15,19:15,34,38.33,pharmaceuticals,Priya Patel,Urgent delivery
STP-101964,R-004,Thane,18.896923,72.922221,delivery,medium,delayed,,2025-09-03,18:15,18:15,59,97.43,furniture,Amit Sharma,
STP-101965,R-003,Colaba,19.157897,72.8704,pickup,medium,completed,traffic,2025-11-18,16:45,22:00,57,313.0,pharmaceuticals,Amit Sharma,
STP-101966,R-020,Thane,19.127459,73.07218,pickup,medium,pending,vehicle_issue,2025-01-11,15:00,17:15,33,135.04,electronics,Vikram Singh,Leave at doorstep
STP-101967,R-012,Thane,19.074542,73.084567,warehouse,medium,delayed,,2025-01-06,20:30,20:30,31,358.95,furniture,Rahul Mehta,Fragile
STP-101968,R-007,Vashi,19.267849,73.081548,delivery,high,completed,traffic,2025-01-25,09:45,15:45,29,18.91,furniture,Rahul Mehta,Fragile
STP-101969,R-005,Borivali,19.271347,73.091224,delivery,high,completed,customer_unavailable,2024-05-15,06:00,18:15,5,277.82,electronics,Priya Patel,Urgent delivery
STP-101970,R-013,Borivali,19.142939,72.898623,pickup,low,delayed,,2024-01-15,07:00,19:45,38,131.67,furniture,Priya Patel,
STP-101971,R-008,Panvel,19.135728,72.837761,warehouse,medium,pending,,2024-08-19,21:30,21:30,55,134.44,electronics,Sneha Iyer,Leave at doorstep
STP-101972,R-004,Kurla,18.946602,72.870182,delivery,high,completed,traffic,2025-07-02,17:00,18:45,29,365.89,pharmaceuticals,Rahul Mehta,
STP-101973,R-002,Powai,19.128904,73.052409,delivery,medium,completed,,2025-08-27,12:00,12:00,38,222.73,pharmaceuticals,Priya Patel,Fragile
STP-101974,R-010,Kurla,19.115521,72.800781,warehouse,low,failed,,2025-07-29,19:15,19:15,34,132.05,furniture,Amit Sharma,Call before arrival
STP-101975,R-003,Colaba,19.114761,72.919232,warehouse,high,delayed,,2024-02-24,15:45,21:00,34,428.03,furniture,Rahul Mehta,Urgent delivery
STP-101976,R-013,Kurla,19.158606,72.796964,delivery,high,pending,customer_unavailable,2025-02-05,10:15,11:45,45,23.12,electronics,Sneha Iyer,Handle with care
STP-101977,R-017,Borivali,19.052421,72.914917,delivery,high,completed,,2024-04-06,22:45,22:45,40,283.2,furniture,Priya Patel,Fragile
STP-101978,R-002,Bandra,19.112645,72.925407,delivery,low,failed,,2024-03-26,11:15,22:00,9,62.13,groceries,Priya Patel,Leave at doorstep
STP-101979,R-015,Vashi,19.293148,72.802951,pickup,low,failed,customer_unavailable,2025-03-12,16:15,16:15,7,109.68,electronics,Priya Patel,Call before arrival
STP-101980,R-015,Powai,19.020562,73.083311,delivery,medium,failed,traffic,2024-04-18,07:30,17:45,53,149.26,electronics,Vikram Singh,
STP-101981,R-019,Andheri,19.119367,73.053589,warehouse,high,pending,,2025-07-06,14:45,14:45,42,116.83,electronics,Amit Sharma,Call before arrival
STP-101982,R-013,Borivali,19.087866,72.893437,warehouse,medium,pending,,2024-07-05,19:15,21:00,13,366.99,furniture,Vikram Singh,
STP-101983,R-003,Vashi,19.178235,72.794182,delivery,medium,pending,,2025-10-21,14:45,14:45,18,352.0,furniture,Rahul Mehta,
STP-101984,R-008,Bandra,19.143431,72.906586,pickup,low,pending,,2025-06-23,15:30,19:00,27,198.84,groceries,Rahul Mehta,
STP-101985,R-019,Andheri,19.21339,73.04421,delivery,high,completed,,2025-08-14,06:45,06:45,51,327.59,pharmaceuticals,Priya Patel,Urgent delivery
STP-101986,R-016,Powai,19.292344,72.881723,pickup,medium,completed,,2024-07-30,19:30,19:30,60,482.0,groceries,Priya Patel,
STP-101987,R-004,Bandra,19.127486,73.047137,pickup,low,pending,,2024-02-16,22:30,22:30,50,183.54,furniture,Sneha Iyer,Fragile
STP-101988,R-013,Andheri,19.180091,72.982987,pickup,low,pending,,2025-05-10,06:30,10:00,6,101.62,pharmaceuticals,Vikram Singh,Call before arrival
STP-101989,R-011,Powai,18.936241,72.955184,warehouse,high,failed,traffic,2025-10-24,20:30,20:30,27,121.08,furniture,Amit Sharma,Call before arrival
STP-101990,R-005,Dadar,19.190179,72.922332,warehouse,high,pending,,2024-11-08,10:45,21:30,47,335.53,groceries,Sneha Iyer,
STP-101991,R-003,Andheri,19.056862,72.819228,delivery,medium,failed,weather,2025-08-23,10:00,20:15,6,403.84,groceries,Priya Patel,Leave at doorstep
STP-101992,R-019,Bandra,18.946508,73.077208,pickup,low,failed,customer_unavailable,2024-10-22,21:30,21:30,34,387.4,furniture,Sneha Iyer,Fragile
STP-101993,R-016,Kurla,19.020541,72.801031,pickup,medium,pending,,2024-10-10,09:00,22:45,19,49.99,electronics,Priya Patel,Handle with care
STP-101994,R-013,Thane,19.025054,72.833955,delivery,high,failed,,2025-06-22,13:00,16:30,19,401.54,furniture,Sneha Iyer,Fragile
STP-101995,R-015,Panvel,18.966271,72.77168,warehouse,low,completed,traffic,2025-04-10,15:15,15:15,60,272.85,furniture,Sneha Iyer,
STP-101996,R-009,Bandra,18.911033,72.996512,warehouse,high,delayed,,2025-01-29,21:45,21:45,5,416.41,furniture,Sneha Iyer,Fragile
STP-101997,R-016,Powai,18.926265,72.88419,delivery,low,failed,,2024-04-07,11:45,11:45,57,292.38,electronics,Amit Sharma,
STP-101998,R-005,Vashi,19.149337,72.955589,pickup,high,completed,customer_unavailable,2024-05-06,17:00,17:00,39,340.68,electronics,Vikram Singh,Urgent delivery
STP-101999,R-010,Andheri,18.931193,73.054796,pickup,low,failed,,2024-02-14,14:00,14:00,13,92.89,groceries,Amit Sharma,Urgent delivery
STP-102000,R-007,Powai,19.281671,72.843446,warehouse,high,pending,customer_unavailable,2025-03-29,16:30,16:30,5,42.32,furniture,Amit Sharma,Call before arrival
